id,name,code,level,qualification_group,education_level,skill_level,date_from,active,parent_id/id
bg_ncop_11119001,Президент на Република България,11119001,occupation,manager,higher,4,2025-01-01,true,bg_ncop_1111
bg_ncop_11119002,Вицепрезидент на Република България,11119002,occupation,manager,higher,4,2025-01-01,true,bg_ncop_1111
bg_ncop_11119003,Председател на Народно събрание,11119003,occupation,manager,higher,4,2025-01-01,true,bg_ncop_1111
bg_ncop_11119004,Заместник-председател на Народно събрание,11119004,occupation,manager,higher,4,2025-01-01,true,bg_ncop_1111
bg_ncop_11119005,Председател на комисия Народно събрание,11119005,occupation,manager,higher,4,2025-01-01,true,bg_ncop_1111
bg_ncop_11119006,Заместник-председател на комисия Народно събрание,11119006,occupation,manager,higher,4,2025-01-01,true,bg_ncop_1111
bg_ncop_11119007,Народен представител,11119007,occupation,manager,higher,4,2025-01-01,true,bg_ncop_1111
bg_ncop_11119008,Омбудсман,11119008,occupation,manager,higher,4,2025-01-01,true,bg_ncop_1111
bg_ncop_11119009,Заместник-омбудсман,11119009,occupation,manager,higher,4,2025-01-01,true,bg_ncop_1111
bg_ncop_11119010,Министър-председател,11119010,occupation,manager,higher,4,2025-01-01,true,bg_ncop_1111
bg_ncop_11119011,Заместник-министър-председател,11119011,occupation,manager,higher,4,2025-01-01,true,bg_ncop_1111
bg_ncop_11119012,Министър,11119012,occupation,manager,higher,4,2025-01-01,true,bg_ncop_1111
bg_ncop_11117013,Заместник-министър,11117013,occupation,manager,higher,4,2025-01-01,true,bg_ncop_1111
bg_ncop_11117014,Началник на политически кабинет министър,11117014,occupation,manager,higher,4,2025-01-01,true,bg_ncop_1111
bg_ncop_11116015,Говорител на Министър-председателя,11116015,occupation,manager,higher,4,2025-01-01,true,bg_ncop_1111
bg_ncop_11119016,Кмет община,11119016,occupation,manager,higher,4,2025-01-01,true,bg_ncop_1111
bg_ncop_11114017,Заместник-кмет община,11114017,occupation,manager,higher,4,2025-01-01,true,bg_ncop_1111
bg_ncop_11119018,Кмет кметство,11119018,occupation,manager,higher,4,2025-01-01,true,bg_ncop_1111
bg_ncop_11119019,Председател общински съвет,11119019,occupation,manager,higher,4,2025-01-01,true,bg_ncop_1111
bg_ncop_11119020,Заместник-председател общински съвет,11119020,occupation,manager,higher,4,2025-01-01,true,bg_ncop_1111
bg_ncop_11119021,Общински съветник,11119021,occupation,manager,higher,4,2025-01-01,true,bg_ncop_1111
bg_ncop_11119022,Кмет район,11119022,occupation,manager,higher,4,2025-01-01,true,bg_ncop_1111
bg_ncop_11114023,Заместник-кмет район,11114023,occupation,manager,higher,4,2025-01-01,true,bg_ncop_1111
bg_ncop_11113024,Кметски наместник община,11113024,occupation,manager,higher,4,2025-01-01,true,bg_ncop_1111
bg_ncop_11117025,Главен прокурор,11117025,occupation,manager,higher,4,2025-01-01,true,bg_ncop_1111
bg_ncop_11117026,Заместник-главен прокурор,11117026,occupation,manager,higher,4,2025-01-01,true,bg_ncop_1111
bg_ncop_11117027,Директор Национална следствена служба,11117027,occupation,manager,higher,4,2025-01-01,true,bg_ncop_1111
bg_ncop_11117028,Заместник-директор Национална следствена служба,11117028,occupation,manager,higher,4,2025-01-01,true,bg_ncop_1111
bg_ncop_11119029,Председател на Конституционен съд,11119029,occupation,manager,higher,4,2025-01-01,true,bg_ncop_1111
bg_ncop_11117030,Председател Върховен касационен съд,11117030,occupation,manager,higher,4,2025-01-01,true,bg_ncop_1111
bg_ncop_11117031,Председател Върховен административен съд,11117031,occupation,manager,higher,4,2025-01-01,true,bg_ncop_1111
bg_ncop_11117032,Председател Апелативен съд,11117032,occupation,manager,higher,4,2025-01-01,true,bg_ncop_1111
bg_ncop_11117033,Председател окръжен съд,11117033,occupation,manager,higher,4,2025-01-01,true,bg_ncop_1111
bg_ncop_11117034,Председател районен съд,11117034,occupation,manager,higher,4,2025-01-01,true,bg_ncop_1111
bg_ncop_11117035,Председател на отделение Върховен касационен съд,11117035,occupation,manager,higher,4,2025-01-01,true,bg_ncop_1111
bg_ncop_11117036,Председател отделение Върховен административен съд,11117036,occupation,manager,higher,4,2025-01-01,true,bg_ncop_1111
bg_ncop_11117037,Председател градски съд,11117037,occupation,manager,higher,4,2025-01-01,true,bg_ncop_1111
bg_ncop_11117038,Заместник-председател Върховен касационен съд,11117038,occupation,manager,higher,4,2025-01-01,true,bg_ncop_1111
bg_ncop_11117039,Заместник-председател Върховен административен съд,11117039,occupation,manager,higher,4,2025-01-01,true,bg_ncop_1111
bg_ncop_11117040,Заместник-председател апелативен съд,11117040,occupation,manager,higher,4,2025-01-01,true,bg_ncop_1111
bg_ncop_11117041,Заместник-председател градски съд,11117041,occupation,manager,higher,4,2025-01-01,true,bg_ncop_1111
bg_ncop_11117042,Заместник-председател окръжен съд,11117042,occupation,manager,higher,4,2025-01-01,true,bg_ncop_1111
bg_ncop_11117043,Заместник-председател районен съд,11117043,occupation,manager,higher,4,2025-01-01,true,bg_ncop_1111
bg_ncop_11117044,Началник на кабинета на заместник министър-председател,11117044,occupation,manager,higher,4,2025-01-01,true,bg_ncop_1111
bg_ncop_11117045,Началник на кабинета на министър-председателя,11117045,occupation,manager,higher,4,2025-01-01,true,bg_ncop_1111
bg_ncop_11117046,Апелативен прокурор  Военно-апелативен прокурор,11117046,occupation,manager,higher,4,2025-01-01,true,bg_ncop_1111
bg_ncop_11117047,Окръжен прокурор  Военно-окръжен прокурор,11117047,occupation,manager,higher,4,2025-01-01,true,bg_ncop_1111
bg_ncop_11117048,Градски прокурор,11117048,occupation,manager,higher,4,2025-01-01,true,bg_ncop_1111
bg_ncop_11117049,Районен прокурор,11117049,occupation,manager,higher,4,2025-01-01,true,bg_ncop_1111
bg_ncop_11117050,Завеждащ окръжен следствен отдел в окръжна прокуратура,11117050,occupation,manager,higher,4,2025-01-01,true,bg_ncop_1111
bg_ncop_11117051,Заместник-окръжен прокурор  Заместник военно-окръжен прокурор  Заместник-градски прокурор,11117051,occupation,manager,higher,4,2025-01-01,true,bg_ncop_1111
bg_ncop_11127001,Главен секретар администрация на Президента,11127001,occupation,manager,higher,4,2025-01-01,true,bg_ncop_1112
bg_ncop_11127002,Главен секретар администрация на Народно събрание,11127002,occupation,manager,higher,4,2025-01-01,true,bg_ncop_1112
bg_ncop_11127003,Директор дирекция администрация на Народно събрание,11127003,occupation,manager,higher,4,2025-01-01,true,bg_ncop_1112
bg_ncop_11127004,Секретар Народно събрание,11127004,occupation,manager,higher,4,2025-01-01,true,bg_ncop_1112
bg_ncop_11127005,Държавен съветник Народно събрание Президентство,11127005,occupation,manager,higher,4,2025-01-01,true,bg_ncop_1112
bg_ncop_11127006,Началник протокол Народно събрание Президентство,11127006,occupation,manager,higher,4,2025-01-01,true,bg_ncop_1112
bg_ncop_11127007,Ръководител пресслужба Народно събрание Президентство,11127007,occupation,manager,higher,4,2025-01-01,true,bg_ncop_1112
bg_ncop_11127008,Главен държавен здравен инспектор,11127008,occupation,manager,higher,4,2025-01-01,true,bg_ncop_1112
bg_ncop_11127009,Областен управител,11127009,occupation,manager,higher,4,2025-01-01,true,bg_ncop_1112
bg_ncop_11127010,Заместник-областен управител,11127010,occupation,manager,higher,4,2025-01-01,true,bg_ncop_1112
bg_ncop_11129011,Управител Национален осигурителен институт,11129011,occupation,manager,higher,4,2025-01-01,true,bg_ncop_1112
bg_ncop_11129012,Подуправител Национален осигурителен институт,11129012,occupation,manager,higher,4,2025-01-01,true,bg_ncop_1112
bg_ncop_11127013,Председател Национален статистически институт,11127013,occupation,manager,higher,4,2025-01-01,true,bg_ncop_1112
bg_ncop_11127014,Заместник-председател Национален статистически институт,11127014,occupation,manager,higher,4,2025-01-01,true,bg_ncop_1112
bg_ncop_11129015,Управител Българска народна банка,11129015,occupation,manager,higher,4,2025-01-01,true,bg_ncop_1112
bg_ncop_11129016,Подуправител Българска народна банка,11129016,occupation,manager,higher,4,2025-01-01,true,bg_ncop_1112
bg_ncop_11129017,Председател Сметна палата,11129017,occupation,manager,higher,4,2025-01-01,true,bg_ncop_1112
bg_ncop_11129018,Управител Национална здравно-осигурителна каса,11129018,occupation,manager,higher,4,2025-01-01,true,bg_ncop_1112
bg_ncop_11129019,Председател държавна комисия,11129019,occupation,manager,higher,4,2025-01-01,true,bg_ncop_1112
bg_ncop_11127020,Заместник-председател държавна комисия,11127020,occupation,manager,higher,4,2025-01-01,true,bg_ncop_1112
bg_ncop_11129021,Председател на Икономически и социален съвет,11129021,occupation,manager,higher,4,2025-01-01,true,bg_ncop_1112
bg_ncop_11129022,Председател Надзорен съвет на агенция,11129022,occupation,manager,higher,4,2025-01-01,true,bg_ncop_1112
bg_ncop_11127023,Изпълнителен директор агенция,11127023,occupation,manager,higher,4,2025-01-01,true,bg_ncop_1112
bg_ncop_11127024,Заместник-изпълнителен директор агенция,11127024,occupation,manager,higher,4,2025-01-01,true,bg_ncop_1112
bg_ncop_11126025,Началник митническо бюро,11126025,occupation,manager,higher,4,2025-01-01,true,bg_ncop_1112
bg_ncop_11127026,Главен секретар администрация,11127026,occupation,manager,higher,4,2025-01-01,true,bg_ncop_1112
bg_ncop_11127027,Главен секретар Сметна палата,11127027,occupation,manager,higher,4,2025-01-01,true,bg_ncop_1112
bg_ncop_11127028,Директор териториална дирекция агенция,11127028,occupation,manager,higher,4,2025-01-01,true,bg_ncop_1112
bg_ncop_11127029,Държавен съкровищник Министерство на финансите,11127029,occupation,manager,higher,4,2025-01-01,true,bg_ncop_1112
bg_ncop_11127030,Заместник-главен инспектор Министерство на отбраната,11127030,occupation,manager,higher,4,2025-01-01,true,bg_ncop_1112
bg_ncop_11127031,Директор регионална митническа дирекция,11127031,occupation,manager,higher,4,2025-01-01,true,bg_ncop_1112
bg_ncop_11127032,Заместник-директор регионална митническа дирекция,11127032,occupation,manager,higher,4,2025-01-01,true,bg_ncop_1112
bg_ncop_11127033,Началник митница,11127033,occupation,manager,higher,4,2025-01-01,true,bg_ncop_1112
bg_ncop_11127034,Заместник-началник митница,11127034,occupation,manager,higher,4,2025-01-01,true,bg_ncop_1112
bg_ncop_11127035,Директор териториално статистическо бюро,11127035,occupation,manager,higher,4,2025-01-01,true,bg_ncop_1112
bg_ncop_11127036,Началник регионално управление на образованието,11127036,occupation,manager,higher,4,2025-01-01,true,bg_ncop_1112
bg_ncop_11127037,Началник регионална дирекция,11127037,occupation,manager,higher,4,2025-01-01,true,bg_ncop_1112
bg_ncop_11127038,Посланик,11127038,occupation,manager,higher,4,2025-01-01,true,bg_ncop_1112
bg_ncop_11127039,Временно управляващ посолство,11127039,occupation,manager,higher,4,2025-01-01,true,bg_ncop_1112
bg_ncop_11127040,Генерален консул,11127040,occupation,manager,higher,4,2025-01-01,true,bg_ncop_1112
bg_ncop_11127041,Консул,11127041,occupation,manager,higher,4,2025-01-01,true,bg_ncop_1112
bg_ncop_11127042,Аташе,11127042,occupation,manager,higher,4,2025-01-01,true,bg_ncop_1112
bg_ncop_11127043,Главен директор главна дирекция в администрация,11127043,occupation,manager,higher,4,2025-01-01,true,bg_ncop_1112
bg_ncop_11127044,Ръководител звено правителствени агенти,11127044,occupation,manager,higher,4,2025-01-01,true,bg_ncop_1112
bg_ncop_11127045,Главен финансов директор Българска народна банка,11127045,occupation,manager,higher,4,2025-01-01,true,bg_ncop_1112
bg_ncop_11127046,Началник кабинет,11127046,occupation,manager,higher,4,2025-01-01,true,bg_ncop_1112
bg_ncop_11127047,Началник кабинет председател на Сметна палата,11127047,occupation,manager,higher,4,2025-01-01,true,bg_ncop_1112
bg_ncop_11127048,Директор териториално поделение НОИ,11127048,occupation,manager,higher,4,2025-01-01,true,bg_ncop_1112
bg_ncop_11127049,Парламентарен секретар,11127049,occupation,manager,higher,4,2025-01-01,true,bg_ncop_1112
bg_ncop_11127050,Заместник-директор териториална дирекция,11127050,occupation,manager,higher,4,2025-01-01,true,bg_ncop_1112
bg_ncop_11127051,Заместник главен директор главна дирекция в администрация,11127051,occupation,manager,higher,4,2025-01-01,true,bg_ncop_1112
bg_ncop_11127052,Директор териториално поделение,11127052,occupation,manager,higher,4,2025-01-01,true,bg_ncop_1112
bg_ncop_11127053,Постоянен секретар,11127053,occupation,manager,higher,4,2025-01-01,true,bg_ncop_1112
bg_ncop_11127054,Политически директор,11127054,occupation,manager,higher,4,2025-01-01,true,bg_ncop_1112
bg_ncop_11127055,Ръководител на задгранично представителство по чл. 23 ал. 1 от ЗДС,11127055,occupation,manager,higher,4,2025-01-01,true,bg_ncop_1112
bg_ncop_11127056,Ръководител на задгранично представителство по чл. 23 ал. 1 и 2 от ЗДС,11127056,occupation,manager,higher,4,2025-01-01,true,bg_ncop_1112
bg_ncop_11127057,Пълномощен министър,11127057,occupation,manager,higher,4,2025-01-01,true,bg_ncop_1112
bg_ncop_11127058,Посланик за специални поръчения,11127058,occupation,manager,higher,4,2025-01-01,true,bg_ncop_1112
bg_ncop_11127059,Висш дипломатически служител,11127059,occupation,manager,higher,4,2025-01-01,true,bg_ncop_1112
bg_ncop_11127060,Специален координатор,11127060,occupation,manager,higher,4,2025-01-01,true,bg_ncop_1112
bg_ncop_11127061,Старши дипломатически служител - 1-ва степен,11127061,occupation,manager,higher,4,2025-01-01,true,bg_ncop_1112
bg_ncop_11127062,Старши дипломатически служител - 2-ра степен,11127062,occupation,manager,higher,4,2025-01-01,true,bg_ncop_1112
bg_ncop_11127063,Съветник в задгранично представителство,11127063,occupation,manager,higher,4,2025-01-01,true,bg_ncop_1112
bg_ncop_11127064,Първи секретар в задгранично представителство,11127064,occupation,manager,higher,4,2025-01-01,true,bg_ncop_1112
bg_ncop_11127065,Втори секретар в задгранично представителство,11127065,occupation,manager,higher,4,2025-01-01,true,bg_ncop_1112
bg_ncop_11127066,Трети секретар в задгранично представителство,11127066,occupation,manager,higher,4,2025-01-01,true,bg_ncop_1112
bg_ncop_11127067,Дипломатически служител - 1-ва степен,11127067,occupation,manager,higher,4,2025-01-01,true,bg_ncop_1112
bg_ncop_11127068,Дипломатически служител - 2-ра степен,11127068,occupation,manager,higher,4,2025-01-01,true,bg_ncop_1112
bg_ncop_11127069,Дипломатически служител - 3-та степен,11127069,occupation,manager,higher,4,2025-01-01,true,bg_ncop_1112
bg_ncop_11127070,Дипломатически служител - 4-та степен,11127070,occupation,manager,higher,4,2025-01-01,true,bg_ncop_1112
bg_ncop_11127071,Аташе в задгранично представителство,11127071,occupation,manager,higher,4,2025-01-01,true,bg_ncop_1112
bg_ncop_11127072,Генерален директор администрация,11127072,occupation,manager,higher,4,2025-01-01,true,bg_ncop_1112
bg_ncop_11127073,Председател постоянна комисия по области на висшето образование НАОА,11127073,occupation,manager,higher,4,2025-01-01,true,bg_ncop_1112
bg_ncop_11127074,Председател постоянна комисия за следакредитационно наблюдение и контрол НАОА,11127074,occupation,manager,higher,4,2025-01-01,true,bg_ncop_1112
bg_ncop_11127075,Член на Акредитационен съвет НАОА,11127075,occupation,manager,higher,4,2025-01-01,true,bg_ncop_1112
bg_ncop_11127076,Секретар на съвет по чл. 21 от Закона за администрацията,11127076,occupation,manager,higher,4,2025-01-01,true,bg_ncop_1112
bg_ncop_11127077,Секретар ЦКБППМН,11127077,occupation,manager,higher,4,2025-01-01,true,bg_ncop_1112
bg_ncop_11127078,Началник митнически пункт,11127078,occupation,manager,higher,4,2025-01-01,true,bg_ncop_1112
bg_ncop_11125079,Главен комисар пожарна безопасност и спасяване,11125079,occupation,manager,higher,4,2025-01-01,true,bg_ncop_1112
bg_ncop_11126080,Генерален комисар МВР,11126080,occupation,manager,higher,4,2025-01-01,true,bg_ncop_1112
bg_ncop_11126081,Директор на дирекция полиция,11126081,occupation,manager,higher,4,2025-01-01,true,bg_ncop_1112
bg_ncop_11129082,Председател комисия,11129082,occupation,manager,higher,4,2025-01-01,true,bg_ncop_1112
bg_ncop_11127083,Секретар община,11127083,occupation,manager,higher,4,2025-01-01,true,bg_ncop_1112
bg_ncop_11126084,Секретар район,11126084,occupation,manager,higher,4,2025-01-01,true,bg_ncop_1112
bg_ncop_11127085,Секретар на Столична община,11127085,occupation,manager,higher,4,2025-01-01,true,bg_ncop_1112
bg_ncop_11126086,Началник общинска служба по земеделие,11126086,occupation,manager,higher,4,2025-01-01,true,bg_ncop_1112
bg_ncop_11126087,Заместник-началник общинска служба по земеделие,11126087,occupation,manager,higher,4,2025-01-01,true,bg_ncop_1112
bg_ncop_11126088,Секретар на кметство,11126088,occupation,manager,higher,4,2025-01-01,true,bg_ncop_1112
bg_ncop_11127089,Главен директор главна дирекция в Столична община,11127089,occupation,manager,higher,4,2025-01-01,true,bg_ncop_1112
bg_ncop_11126090,Главен ревизор по безопасността на транспорта,11126090,occupation,manager,higher,4,2025-01-01,true,bg_ncop_1112
bg_ncop_11126091,Заместник - главен ревизор по безопасността на транспорта,11126091,occupation,manager,higher,4,2025-01-01,true,bg_ncop_1112
bg_ncop_11127092,Председател държавна агенция,11127092,occupation,manager,higher,4,2025-01-01,true,bg_ncop_1112
bg_ncop_11127093,Заместник-председател държавна агенция,11127093,occupation,manager,higher,4,2025-01-01,true,bg_ncop_1112
bg_ncop_11125094,Главен старши и правителствен процесуален агент,11125094,occupation,manager,higher,4,2025-01-01,true,bg_ncop_1112
bg_ncop_11125095,Говорител на МВнР,11125095,occupation,manager,higher,4,2025-01-01,true,bg_ncop_1112
bg_ncop_11125096,Стажант-аташе,11125096,occupation,manager,higher,4,2025-01-01,true,bg_ncop_1112
bg_ncop_11127097,Директор Районна здравноосигурителна каса,11127097,occupation,manager,higher,4,2025-01-01,true,bg_ncop_1112
bg_ncop_11127098,Заместник-директор Районна здравноосигурителна каса,11127098,occupation,manager,higher,4,2025-01-01,true,bg_ncop_1112
bg_ncop_11125099,Подуправител Национална здравно-осигурителна каса,11125099,occupation,manager,higher,4,2025-01-01,true,bg_ncop_1112
bg_ncop_11125100,Заместник-председател Селскостопанска академия,11125100,occupation,manager,higher,4,2025-01-01,true,bg_ncop_1112
bg_ncop_11125101,Председател Селскостопанска академия,11125101,occupation,manager,higher,4,2025-01-01,true,bg_ncop_1112
bg_ncop_11127102,Главен секретар администрация на МС,11127102,occupation,manager,higher,4,2025-01-01,true,bg_ncop_1112
bg_ncop_11129103,Заместник-председател Сметна палата,11129103,occupation,manager,higher,4,2025-01-01,true,bg_ncop_1112
bg_ncop_11127104,Главен архитект Столична община,11127104,occupation,manager,higher,4,2025-01-01,true,bg_ncop_1112
bg_ncop_11127105,Ръководител на Главния инспекторат,11127105,occupation,manager,higher,4,2025-01-01,true,bg_ncop_1112
bg_ncop_11127106,Секретар на Националната комисия за борба с трафика на хора,11127106,occupation,manager,higher,4,2025-01-01,true,bg_ncop_1112
bg_ncop_11127107,Началник на регионална дирекция за национален строителен контрол,11127107,occupation,manager,higher,4,2025-01-01,true,bg_ncop_1112
bg_ncop_11127108,Директор на Националния инспекторат по образованието,11127108,occupation,manager,higher,4,2025-01-01,true,bg_ncop_1112
bg_ncop_11149001,Президент политическа партия,11149001,occupation,manager,higher,4,2025-01-01,true,bg_ncop_1114
bg_ncop_11149002,Председател политическа партия,11149002,occupation,manager,higher,4,2025-01-01,true,bg_ncop_1114
bg_ncop_11146003,Ръководител местна организация политическа партия,11146003,occupation,manager,higher,4,2025-01-01,true,bg_ncop_1114
bg_ncop_11146004,Ръководител контролен орган на партия,11146004,occupation,manager,higher,4,2025-01-01,true,bg_ncop_1114
bg_ncop_11146005,Съветник политическа партия,11146005,occupation,manager,higher,4,2025-01-01,true,bg_ncop_1114
bg_ncop_11146006,Главен експерт политическа партия,11146006,occupation,manager,higher,4,2025-01-01,true,bg_ncop_1114
bg_ncop_11146007,Експерт политическа партия,11146007,occupation,manager,higher,4,2025-01-01,true,bg_ncop_1114
bg_ncop_11149008,Председател организация на работодатели,11149008,occupation,manager,higher,4,2025-01-01,true,bg_ncop_1114
bg_ncop_11149009,Ръководител контролен орган на организация на работодателите,11149009,occupation,manager,higher,4,2025-01-01,true,bg_ncop_1114
bg_ncop_11149010,Председател организация на работниците и служителите,11149010,occupation,manager,higher,4,2025-01-01,true,bg_ncop_1114
bg_ncop_11149011,Президент организация на работниците и служителите,11149011,occupation,manager,higher,4,2025-01-01,true,bg_ncop_1114
bg_ncop_11149012,Ръководител контролен орган на организация на работниците и служителите,11149012,occupation,manager,higher,4,2025-01-01,true,bg_ncop_1114
bg_ncop_11149013,Заместник-председател организация на работодатели,11149013,occupation,manager,higher,4,2025-01-01,true,bg_ncop_1114
bg_ncop_11149014,Вицепрезидент организация на работодатели,11149014,occupation,manager,higher,4,2025-01-01,true,bg_ncop_1114
bg_ncop_11146015,Главен секретар организация,11146015,occupation,manager,higher,4,2025-01-01,true,bg_ncop_1114
bg_ncop_11149016,Председател браншови и регионални организации,11149016,occupation,manager,higher,4,2025-01-01,true,bg_ncop_1114
bg_ncop_11149017,Заместник-председател организация на работниците и служителите,11149017,occupation,manager,higher,4,2025-01-01,true,bg_ncop_1114
bg_ncop_11149018,Вицепрезидент организация на работниците и служителите,11149018,occupation,manager,higher,4,2025-01-01,true,bg_ncop_1114
bg_ncop_11149019,Изпълнителен директор оранизация на работниците и служителите,11149019,occupation,manager,higher,4,2025-01-01,true,bg_ncop_1114
bg_ncop_11149020,Главен директор организация на работниците и служителите,11149020,occupation,manager,higher,4,2025-01-01,true,bg_ncop_1114
bg_ncop_11149021,Директор организация на работниците и служителите,11149021,occupation,manager,higher,4,2025-01-01,true,bg_ncop_1114
bg_ncop_11147022,Изпълнителен директор организации с нестопанска цел съсловни организации,11147022,occupation,manager,higher,4,2025-01-01,true,bg_ncop_1114
bg_ncop_11147023,Директор организации с нестопанска цел съсловни организации,11147023,occupation,manager,higher,4,2025-01-01,true,bg_ncop_1114
bg_ncop_11149024,Председател организации с нестопанска цел съсловни организации,11149024,occupation,manager,higher,4,2025-01-01,true,bg_ncop_1114
bg_ncop_11149025,Заместник-председател организации с нестопанска цел съсловни организации,11149025,occupation,manager,higher,4,2025-01-01,true,bg_ncop_1114
bg_ncop_11149026,Генерален секретар организации с нестопанска цел съсловни организации,11149026,occupation,manager,higher,4,2025-01-01,true,bg_ncop_1114
bg_ncop_11149027,Секретар организации с нестопанска цел съсловни организации,11149027,occupation,manager,higher,4,2025-01-01,true,bg_ncop_1114
bg_ncop_11149028,Ръководител контролен орган на организации с нестопанска цел съсловни организации,11149028,occupation,manager,higher,4,2025-01-01,true,bg_ncop_1114
bg_ncop_11149029,Висш служител на друго регистрирано вероизповедание,11149029,occupation,manager,higher,4,2025-01-01,true,bg_ncop_1114
bg_ncop_11149030,Патриарх на Българската православна църква,11149030,occupation,manager,higher,4,2025-01-01,true,bg_ncop_1114
bg_ncop_11149031,Митрополит,11149031,occupation,manager,higher,4,2025-01-01,true,bg_ncop_1114
bg_ncop_11149032,Главен мюфтия,11149032,occupation,manager,higher,4,2025-01-01,true,bg_ncop_1114
bg_ncop_11149033,Епископ на Католическата църква в България,11149033,occupation,manager,higher,4,2025-01-01,true,bg_ncop_1114
bg_ncop_11149034,Председател на Български олимпийски комитет,11149034,occupation,manager,higher,4,2025-01-01,true,bg_ncop_1114
bg_ncop_11147035,Председател обществена организация,11147035,occupation,manager,higher,4,2025-01-01,true,bg_ncop_1114
bg_ncop_11147036,Заместник-председател обществена организация,11147036,occupation,manager,higher,4,2025-01-01,true,bg_ncop_1114
bg_ncop_11144037,Игумен на ставропигиален манастир,11144037,occupation,manager,higher,4,2025-01-01,true,bg_ncop_1114
bg_ncop_11145038,Изпълнителен секретар организация на работниците и служителите,11145038,occupation,manager,higher,4,2025-01-01,true,bg_ncop_1114
bg_ncop_11145039,Началник кабинет организация на работниците и служителите,11145039,occupation,manager,higher,4,2025-01-01,true,bg_ncop_1114
bg_ncop_11145040,Парламентарен секретар организация на работниците и служителите,11145040,occupation,manager,higher,4,2025-01-01,true,bg_ncop_1114
bg_ncop_11145042,Ръководител на Пресцентър организация на работниците и служителите,11145042,occupation,manager,higher,4,2025-01-01,true,bg_ncop_1114
bg_ncop_11145043,Федерален секретар браншова организация на работниците и служителите,11145043,occupation,manager,higher,4,2025-01-01,true,bg_ncop_1114
bg_ncop_11146044,Главен секретар на СВ. Синод,11146044,occupation,manager,higher,4,2025-01-01,true,bg_ncop_1114
bg_ncop_11145045,"Национален секретар, организация на работниците и служителите",11145045,occupation,manager,higher,4,2025-01-01,true,bg_ncop_1114
bg_ncop_11207001,Генерален директор,11207001,occupation,manager,higher,4,2025-01-01,true,bg_ncop_1120
bg_ncop_11207002,Изпълнителен директор,11207002,occupation,manager,higher,4,2025-01-01,true,bg_ncop_1120
bg_ncop_11206003,Изпълнителен директор директор лечебно заведение за болнична помощ,11206003,occupation,manager,higher,4,2025-01-01,true,bg_ncop_1120
bg_ncop_11206004,Ръководител кооперативно предприятие,11206004,occupation,manager,higher,4,2025-01-01,true,bg_ncop_1120
bg_ncop_11206005,Директор организация,11206005,occupation,manager,higher,4,2025-01-01,true,bg_ncop_1120
bg_ncop_11206006,Директор предприятие,11206006,occupation,manager,higher,4,2025-01-01,true,bg_ncop_1120
bg_ncop_11206007,Директор вестник,11206007,occupation,manager,higher,4,2025-01-01,true,bg_ncop_1120
bg_ncop_11206008,Директор радио,11206008,occupation,manager,higher,4,2025-01-01,true,bg_ncop_1120
bg_ncop_11206009,Директор телевизия,11206009,occupation,manager,higher,4,2025-01-01,true,bg_ncop_1120
bg_ncop_11207010,Директор банка,11207010,occupation,manager,higher,4,2025-01-01,true,bg_ncop_1120
bg_ncop_11207011,Заместник-директор банка,11207011,occupation,manager,higher,4,2025-01-01,true,bg_ncop_1120
bg_ncop_11207012,Заместник-генерален директор,11207012,occupation,manager,higher,4,2025-01-01,true,bg_ncop_1120
bg_ncop_11206013,Заместник-директор организация,11206013,occupation,manager,higher,4,2025-01-01,true,bg_ncop_1120
bg_ncop_11206014,Заместник-директор предприятие,11206014,occupation,manager,higher,4,2025-01-01,true,bg_ncop_1120
bg_ncop_11207015,Заместник-ръководител кооперативно предприятие,11207015,occupation,manager,higher,4,2025-01-01,true,bg_ncop_1120
bg_ncop_11207016,Заместник-председател управителен съвет съвет на директорите търговско дружество,11207016,occupation,manager,higher,4,2025-01-01,true,bg_ncop_1120
bg_ncop_11207017,Заместник-изпълнителен директор,11207017,occupation,manager,higher,4,2025-01-01,true,bg_ncop_1120
bg_ncop_11207018,Председател управителен съвет (съвет на директорите) на търговско дружество,11207018,occupation,manager,higher,4,2025-01-01,true,bg_ncop_1120
bg_ncop_11207019,Председател Надзорен съвет в търговско дружество,11207019,occupation,manager,higher,4,2025-01-01,true,bg_ncop_1120
bg_ncop_11207020,Член съвет на директорите,11207020,occupation,manager,higher,4,2025-01-01,true,bg_ncop_1120
bg_ncop_11207021,Член управителен съвет,11207021,occupation,manager,higher,4,2025-01-01,true,bg_ncop_1120
bg_ncop_11207022,Прокурист (търговски управител),11207022,occupation,manager,higher,4,2025-01-01,true,bg_ncop_1120
bg_ncop_11207023,Управител,11207023,occupation,manager,higher,4,2025-01-01,true,bg_ncop_1120
bg_ncop_11207024,Управител застрахователно дружество,11207024,occupation,manager,higher,4,2025-01-01,true,bg_ncop_1120
bg_ncop_11207025,Член Надзорен съвет в търговско дружество,11207025,occupation,manager,higher,4,2025-01-01,true,bg_ncop_1120
bg_ncop_11207026,Главно надзорно лице,11207026,occupation,manager,higher,4,2025-01-01,true,bg_ncop_1120
bg_ncop_11207027,Заместник-управител,11207027,occupation,manager,higher,4,2025-01-01,true,bg_ncop_1120
bg_ncop_11209028,Заместник-председател управителен съвет Централен кооперативен съюз,11209028,occupation,manager,higher,4,2025-01-01,true,bg_ncop_1120
bg_ncop_11209029,Заместник-председател кооперативен съюз,11209029,occupation,manager,higher,4,2025-01-01,true,bg_ncop_1120
bg_ncop_11209030,Заместник-председател кооперация,11209030,occupation,manager,higher,4,2025-01-01,true,bg_ncop_1120
bg_ncop_11209031,Председател контролен съвет на кооперативен съюз,11209031,occupation,manager,higher,4,2025-01-01,true,bg_ncop_1120
bg_ncop_11209032,Председател контролен съвет на Централен кооперативен съюз,11209032,occupation,manager,higher,4,2025-01-01,true,bg_ncop_1120
bg_ncop_11209033,Председател кооперативен съюз,11209033,occupation,manager,higher,4,2025-01-01,true,bg_ncop_1120
bg_ncop_11209034,Председател кооперация,11209034,occupation,manager,higher,4,2025-01-01,true,bg_ncop_1120
bg_ncop_11209035,Председател на управителен съвет на Централен кооперативен съюз,11209035,occupation,manager,higher,4,2025-01-01,true,bg_ncop_1120
bg_ncop_11209036,Ректор висше училище,11209036,occupation,manager,higher,4,2025-01-01,true,bg_ncop_1120
bg_ncop_11209037,Заместник-ректор висше училище,11209037,occupation,manager,higher,4,2025-01-01,true,bg_ncop_1120
bg_ncop_11207038,Помощник-ректор висше училище,11207038,occupation,manager,higher,4,2025-01-01,true,bg_ncop_1120
bg_ncop_11209039,Генерален директор на Българска телеграфна агенция,11209039,occupation,manager,higher,4,2025-01-01,true,bg_ncop_1120
bg_ncop_11206040,Ръководител отдел в транспорта и въздушното обслужване,11206040,occupation,manager,higher,4,2025-01-01,true,bg_ncop_1120
bg_ncop_11207041,Ръководител директор регионално поделение обслужване на въздушно движение,11207041,occupation,manager,higher,4,2025-01-01,true,bg_ncop_1120
bg_ncop_11207042,Заместник ръководител директор регионално поделение обслужване на въздушно движение,11207042,occupation,manager,higher,4,2025-01-01,true,bg_ncop_1120
bg_ncop_11207043,Ръководител директор обособено звено транспорт,11207043,occupation,manager,higher,4,2025-01-01,true,bg_ncop_1120
bg_ncop_11207044,Директор обособено звено аеронавигационното в обслужване,11207044,occupation,manager,higher,4,2025-01-01,true,bg_ncop_1120
bg_ncop_11207045,Регионален мениджър,11207045,occupation,manager,higher,4,2025-01-01,true,bg_ncop_1120
bg_ncop_11207046,Управител клон на търговско дружество,11207046,occupation,manager,higher,4,2025-01-01,true,bg_ncop_1120
bg_ncop_11207047,Ръководител във фармацевтичната компания фармацевт,11207047,occupation,manager,higher,4,2025-01-01,true,bg_ncop_1120
bg_ncop_11206048,Директор,11206048,occupation,manager,higher,4,2025-01-01,true,bg_ncop_1120
bg_ncop_11206049,Ректор на Духовната семинария,11206049,occupation,manager,higher,4,2025-01-01,true,bg_ncop_1120
bg_ncop_11207050,Директор регионално поделение,11207050,occupation,manager,higher,4,2025-01-01,true,bg_ncop_1120
bg_ncop_11207051,Програмен директор,11207051,occupation,manager,higher,4,2025-01-01,true,bg_ncop_1120
bg_ncop_11207052,Главен архитект община район,11207052,occupation,manager,higher,4,2025-01-01,true,bg_ncop_1120
bg_ncop_11207053,Член на Висшия съдебен съвет,11207053,occupation,manager,higher,4,2025-01-01,true,bg_ncop_1120
bg_ncop_11206054,Социален предприемач,11206054,occupation,manager,higher,4,2025-01-01,true,bg_ncop_1120
bg_ncop_12117001,Финансов директор,12117001,occupation,manager,higher,4,2025-01-01,true,bg_ncop_1211
bg_ncop_12117002,Финансов мениджър,12117002,occupation,manager,higher,4,2025-01-01,true,bg_ncop_1211
bg_ncop_12116003,Управител финансови дейности,12116003,occupation,manager,higher,4,2025-01-01,true,bg_ncop_1211
bg_ncop_12116004,Управител счетоводни услуги,12116004,occupation,manager,higher,4,2025-01-01,true,bg_ncop_1211
bg_ncop_12116005,Ръководител финансов отдел,12116005,occupation,manager,higher,4,2025-01-01,true,bg_ncop_1211
bg_ncop_12116006,Ръководител финансов сектор,12116006,occupation,manager,higher,4,2025-01-01,true,bg_ncop_1211
bg_ncop_12116007,Ръководител счетоводен отдел,12116007,occupation,manager,higher,4,2025-01-01,true,bg_ncop_1211
bg_ncop_12116008,Директор за връзки с инвеститорите,12116008,occupation,manager,higher,4,2025-01-01,true,bg_ncop_1211
bg_ncop_12116009,Корпоративен секретар,12116009,occupation,manager,higher,4,2025-01-01,true,bg_ncop_1211
bg_ncop_12126001,Управител човешки ресурси,12126001,occupation,manager,higher,4,2025-01-01,true,bg_ncop_1212
bg_ncop_12126002,Директор Мениджър човешки ресурси,12126002,occupation,manager,higher,4,2025-01-01,true,bg_ncop_1212
bg_ncop_12126003,Ръководител отдел човешки ресурси,12126003,occupation,manager,higher,4,2025-01-01,true,bg_ncop_1212
bg_ncop_12126004,Ръководител сектор човешки ресурси,12126004,occupation,manager,higher,4,2025-01-01,true,bg_ncop_1212
bg_ncop_12126005,Ръководител организация и ефективност на труда,12126005,occupation,manager,higher,4,2025-01-01,true,bg_ncop_1212
bg_ncop_12126006,Ръководител набиране на персонал,12126006,occupation,manager,higher,4,2025-01-01,true,bg_ncop_1212
bg_ncop_12126007,Ръководител здравословни и безопасни условия на труд,12126007,occupation,manager,higher,4,2025-01-01,true,bg_ncop_1212
bg_ncop_12137001,Главен юрист Българска народна банка,12137001,occupation,manager,higher,4,2025-01-01,true,bg_ncop_1213
bg_ncop_12137002,Главен касиер Българска народна банка,12137002,occupation,manager,higher,4,2025-01-01,true,bg_ncop_1213
bg_ncop_12137003,Главен счетоводител Българска народна банка,12137003,occupation,manager,higher,4,2025-01-01,true,bg_ncop_1213
bg_ncop_12139004,Член Надзорен съвет на агенция,12139004,occupation,manager,higher,4,2025-01-01,true,bg_ncop_1213
bg_ncop_12139005,Член Сметна палата,12139005,occupation,manager,higher,4,2025-01-01,true,bg_ncop_1213
bg_ncop_12139006,Член държавна комисия,12139006,occupation,manager,higher,4,2025-01-01,true,bg_ncop_1213
bg_ncop_12137007,Директор дирекция администрация на Президента,12137007,occupation,manager,higher,4,2025-01-01,true,bg_ncop_1213
bg_ncop_12137008,Директор дирекция администрация,12137008,occupation,manager,higher,4,2025-01-01,true,bg_ncop_1213
bg_ncop_12137009,Директор дирекция Сметна палата,12137009,occupation,manager,higher,4,2025-01-01,true,bg_ncop_1213
bg_ncop_12137010,Директор областна администрация,12137010,occupation,manager,higher,4,2025-01-01,true,bg_ncop_1213
bg_ncop_12137011,Директор на юридическо лице по чл. 60 от Закона за администрацията,12137011,occupation,manager,higher,4,2025-01-01,true,bg_ncop_1213
bg_ncop_12136012,Директор дирекция община,12136012,occupation,manager,higher,4,2025-01-01,true,bg_ncop_1213
bg_ncop_12137013,Директор на дирекция в Столична община,12137013,occupation,manager,higher,4,2025-01-01,true,bg_ncop_1213
bg_ncop_12137014,Директор дирекция политики и стратегическо планиране,12137014,occupation,manager,higher,4,2025-01-01,true,bg_ncop_1213
bg_ncop_12137015,Икономически директор,12137015,occupation,manager,higher,4,2025-01-01,true,bg_ncop_1213
bg_ncop_12136016,Мениджър корпоративно планиране,12136016,occupation,manager,higher,4,2025-01-01,true,bg_ncop_1213
bg_ncop_12137017,Заместник-директор на дирекция администрация,12137017,occupation,manager,higher,4,2025-01-01,true,bg_ncop_1213
bg_ncop_12137018,Председател на медицинска комисия лекар НОИ,12137018,occupation,manager,higher,4,2025-01-01,true,bg_ncop_1213
bg_ncop_12137019,Началник отдел Народно събрание,12137019,occupation,manager,higher,4,2025-01-01,true,bg_ncop_1213
bg_ncop_12137020,Началник отдел администрация на Президента,12137020,occupation,manager,higher,4,2025-01-01,true,bg_ncop_1213
bg_ncop_12137021,Началник отдел Сметна палата,12137021,occupation,manager,higher,4,2025-01-01,true,bg_ncop_1213
bg_ncop_12136022,Началник отдел администрация,12136022,occupation,manager,higher,4,2025-01-01,true,bg_ncop_1213
bg_ncop_12137023,Началник отдел областна администрация,12137023,occupation,manager,higher,4,2025-01-01,true,bg_ncop_1213
bg_ncop_12136024,Началник отдел община район,12136024,occupation,manager,higher,4,2025-01-01,true,bg_ncop_1213
bg_ncop_12137025,Началник отдел Столична община,12137025,occupation,manager,higher,4,2025-01-01,true,bg_ncop_1213
bg_ncop_12136026,Началник отдел кметство,12136026,occupation,manager,higher,4,2025-01-01,true,bg_ncop_1213
bg_ncop_12136027,Началник сектор администрация Народното събрание,12136027,occupation,manager,higher,4,2025-01-01,true,bg_ncop_1213
bg_ncop_12136028,Началник сектор администрация на Президента,12136028,occupation,manager,higher,4,2025-01-01,true,bg_ncop_1213
bg_ncop_12136029,Началник сектор администрация,12136029,occupation,manager,higher,4,2025-01-01,true,bg_ncop_1213
bg_ncop_12136030,Началник сектор Сметна палата,12136030,occupation,manager,higher,4,2025-01-01,true,bg_ncop_1213
bg_ncop_12137031,Началник сектор областна администрация,12137031,occupation,manager,higher,4,2025-01-01,true,bg_ncop_1213
bg_ncop_12137032,Началник сектор териториално поделение,12137032,occupation,manager,higher,4,2025-01-01,true,bg_ncop_1213
bg_ncop_12137033,Началник сектор териториално звено,12137033,occupation,manager,higher,4,2025-01-01,true,bg_ncop_1213
bg_ncop_12136034,Началник сектор община район,12136034,occupation,manager,higher,4,2025-01-01,true,bg_ncop_1213
bg_ncop_12136035,Началник сектор Столична община,12136035,occupation,manager,higher,4,2025-01-01,true,bg_ncop_1213
bg_ncop_12137036,Ръководител инспекторат администрация,12137036,occupation,manager,higher,4,2025-01-01,true,bg_ncop_1213
bg_ncop_12137037,Началник управление Българска народна банка,12137037,occupation,manager,higher,4,2025-01-01,true,bg_ncop_1213
bg_ncop_12137038,Главен одитор Българска народна банка,12137038,occupation,manager,higher,4,2025-01-01,true,bg_ncop_1213
bg_ncop_12137039,Ръководител вътрешен одит,12137039,occupation,manager,higher,4,2025-01-01,true,bg_ncop_1213
bg_ncop_12137040,Ръководител вътрешен одит Сметна палата,12137040,occupation,manager,higher,4,2025-01-01,true,bg_ncop_1213
bg_ncop_12137041,Ръководител сектор експертиза на работоспособността лекар,12137041,occupation,manager,higher,4,2025-01-01,true,bg_ncop_1213
bg_ncop_12137042,Ръководител инспекторат Столична община,12137042,occupation,manager,higher,4,2025-01-01,true,bg_ncop_1213
bg_ncop_12137043,Ръководител отдел по икономически анализи и прогнози,12137043,occupation,manager,higher,4,2025-01-01,true,bg_ncop_1213
bg_ncop_12137044,Ръководител стратегическо планиране,12137044,occupation,manager,higher,4,2025-01-01,true,bg_ncop_1213
bg_ncop_12137045,Ръководител филиал териториално поделение на НОИ,12137045,occupation,manager,higher,4,2025-01-01,true,bg_ncop_1213
bg_ncop_12135046,Ръководител проект,12135046,occupation,manager,higher,4,2025-01-01,true,bg_ncop_1213
bg_ncop_12135047,Ръководител технически надзор,12135047,occupation,manager,higher,4,2025-01-01,true,bg_ncop_1213
bg_ncop_12135048,Директор дирекция администрация на МС,12135048,occupation,manager,higher,4,2025-01-01,true,bg_ncop_1213
bg_ncop_12135049,Началник отдел администрация на МС,12135049,occupation,manager,higher,4,2025-01-01,true,bg_ncop_1213
bg_ncop_12135050,Началник сектор администрация на МС,12135050,occupation,manager,higher,4,2025-01-01,true,bg_ncop_1213
bg_ncop_12136051,Главен инженер предприятие,12136051,occupation,manager,higher,4,2025-01-01,true,bg_ncop_1213
bg_ncop_12137052,Инспектор в инспектората към министъра на правосъдието,12137052,occupation,manager,higher,4,2025-01-01,true,bg_ncop_1213
bg_ncop_12137053,Разследващ митнически инспектор,12137053,occupation,manager,higher,4,2025-01-01,true,bg_ncop_1213
bg_ncop_12137054,Член на Медицинска комисия лекар НОИ,12137054,occupation,manager,higher,4,2025-01-01,true,bg_ncop_1213
bg_ncop_12136055,Ръководител на звено в митнически пункт,12136055,occupation,manager,higher,4,2025-01-01,true,bg_ncop_1213
bg_ncop_12136056,Регионален инспектор,12136056,occupation,manager,higher,4,2025-01-01,true,bg_ncop_1213
bg_ncop_12136057,Секретар на местна комисия за борба срещу противообществените прояви на малолетните и непълнолетните,12136057,occupation,manager,higher,4,2025-01-01,true,bg_ncop_1213
bg_ncop_12137058,Ръководител на специализирано звено за разследване,12137058,occupation,manager,higher,4,2025-01-01,true,bg_ncop_1213
bg_ncop_12197001,Директор дирекция административни дейности,12197001,occupation,manager,higher,4,2025-01-01,true,bg_ncop_1219
bg_ncop_12196002,Управител бизнес услуги,12196002,occupation,manager,higher,4,2025-01-01,true,bg_ncop_1219
bg_ncop_12196003,Управител чистота,12196003,occupation,manager,higher,4,2025-01-01,true,bg_ncop_1219
bg_ncop_12195004,Мениджър инфраструктура и логистика в предприятие,12195004,occupation,manager,higher,4,2025-01-01,true,bg_ncop_1219
bg_ncop_12195005,Ръководител направление,12195005,occupation,manager,higher,4,2025-01-01,true,bg_ncop_1219
bg_ncop_12195006,Фасилити мениджър,12195006,occupation,manager,higher,4,2025-01-01,true,bg_ncop_1219
bg_ncop_12196007,Ръководител отдел в бизнес услугите,12196007,occupation,manager,higher,4,2025-01-01,true,bg_ncop_1219
bg_ncop_12193008,Ръководител отдел в битовото обслужване,12193008,occupation,manager,higher,4,2025-01-01,true,bg_ncop_1219
bg_ncop_12193009,Ръководител отдел в чистотата,12193009,occupation,manager,higher,4,2025-01-01,true,bg_ncop_1219
bg_ncop_12196010,Ръководител началник административен отдел,12196010,occupation,manager,higher,4,2025-01-01,true,bg_ncop_1219
bg_ncop_12196011,Ръководител звено,12196011,occupation,manager,higher,4,2025-01-01,true,bg_ncop_1219
bg_ncop_12195012,Ръководител група,12195012,occupation,manager,higher,4,2025-01-01,true,bg_ncop_1219
bg_ncop_12195013,Ръководител клиентски център,12195013,occupation,manager,higher,4,2025-01-01,true,bg_ncop_1219
bg_ncop_12195014,Главен директор банка,12195014,occupation,manager,higher,4,2025-01-01,true,bg_ncop_1219
bg_ncop_12195015,Директор дирекция банка,12195015,occupation,manager,higher,4,2025-01-01,true,bg_ncop_1219
bg_ncop_12195016,Началник управление банка,12195016,occupation,manager,higher,4,2025-01-01,true,bg_ncop_1219
bg_ncop_12195017,Ръководител регионално звено,12195017,occupation,manager,higher,4,2025-01-01,true,bg_ncop_1219
bg_ncop_12195018,Ръководител Директор Началник  управление,12195018,occupation,manager,higher,4,2025-01-01,true,bg_ncop_1219
bg_ncop_12196019,Ръководител Началник сектор,12196019,occupation,manager,higher,4,2025-01-01,true,bg_ncop_1219
bg_ncop_12196020,Ръководител Началник служба,12196020,occupation,manager,higher,4,2025-01-01,true,bg_ncop_1219
bg_ncop_12196021,Ръководител Началник Мениджър отдел,12196021,occupation,manager,higher,4,2025-01-01,true,bg_ncop_1219
bg_ncop_12196022,Директор дирекция,12196022,occupation,manager,higher,4,2025-01-01,true,bg_ncop_1219
bg_ncop_12197023,Ръководител интегрирана система за управление,12197023,occupation,manager,higher,4,2025-01-01,true,bg_ncop_1219
bg_ncop_12197024,Началник административна служба,12197024,occupation,manager,higher,4,2025-01-01,true,bg_ncop_1219
bg_ncop_12217001,Търговски директор,12217001,occupation,manager,higher,4,2025-01-01,true,bg_ncop_1221
bg_ncop_12216002,Управител продажби и маркетинг,12216002,occupation,manager,higher,4,2025-01-01,true,bg_ncop_1221
bg_ncop_12216003,Мениджър покупки продажби,12216003,occupation,manager,higher,4,2025-01-01,true,bg_ncop_1221
bg_ncop_12216004,Маркетинг мениджър Директор маркетинг,12216004,occupation,manager,higher,4,2025-01-01,true,bg_ncop_1221
bg_ncop_12216005,Мениджър проучване на пазари,12216005,occupation,manager,higher,4,2025-01-01,true,bg_ncop_1221
bg_ncop_12216006,Ръководител външнотърговска кантора,12216006,occupation,manager,higher,4,2025-01-01,true,bg_ncop_1221
bg_ncop_12216007,Ръководител отдел по маркетинг,12216007,occupation,manager,higher,4,2025-01-01,true,bg_ncop_1221
bg_ncop_12216008,Ръководител отдел по продажбите,12216008,occupation,manager,higher,4,2025-01-01,true,bg_ncop_1221
bg_ncop_12216009,Мениджър на търговската марка Бранд мениджър,12216009,occupation,manager,higher,4,2025-01-01,true,bg_ncop_1221
bg_ncop_12226001,Ръководител звено връзки с обществеността,12226001,occupation,manager,higher,4,2025-01-01,true,bg_ncop_1222
bg_ncop_12226002,Ръководител звено реклама,12226002,occupation,manager,higher,4,2025-01-01,true,bg_ncop_1222
bg_ncop_12226003,Мениджър връзки с обществеността,12226003,occupation,manager,higher,4,2025-01-01,true,bg_ncop_1222
bg_ncop_12226004,Мениджър реклама,12226004,occupation,manager,higher,4,2025-01-01,true,bg_ncop_1222
bg_ncop_12226005,Управител реклама и връзки с обществеността,12226005,occupation,manager,higher,4,2025-01-01,true,bg_ncop_1222
bg_ncop_12237001,Председател Българска академия на науките,12237001,occupation,manager,higher,4,2025-01-01,true,bg_ncop_1223
bg_ncop_12237002,Заместник-председател Българска академия на науките,12237002,occupation,manager,higher,4,2025-01-01,true,bg_ncop_1223
bg_ncop_12237003,Директор институт,12237003,occupation,manager,higher,4,2025-01-01,true,bg_ncop_1223
bg_ncop_12237004,Заместник-директор институт,12237004,occupation,manager,higher,4,2025-01-01,true,bg_ncop_1223
bg_ncop_12237005,Главен научен секретар,12237005,occupation,manager,higher,4,2025-01-01,true,bg_ncop_1223
bg_ncop_12237006,Ръководител звено изследване и развитие,12237006,occupation,manager,higher,4,2025-01-01,true,bg_ncop_1223
bg_ncop_12237007,Ръководител научна програма,12237007,occupation,manager,higher,4,2025-01-01,true,bg_ncop_1223
bg_ncop_12237008,Ръководител научен програмен колектив,12237008,occupation,manager,higher,4,2025-01-01,true,bg_ncop_1223
bg_ncop_12237009,Ръководител научна секция,12237009,occupation,manager,higher,4,2025-01-01,true,bg_ncop_1223
bg_ncop_12237010,Главен конструктор,12237010,occupation,manager,higher,4,2025-01-01,true,bg_ncop_1223
bg_ncop_12237011,Началник отдел технически и качествен контрол,12237011,occupation,manager,higher,4,2025-01-01,true,bg_ncop_1223
bg_ncop_12233012,Завеждащ научна лаборатория,12233012,occupation,manager,higher,4,2025-01-01,true,bg_ncop_1223
bg_ncop_12237013,Ръководител на научна група в музей/художествена галерия,12237013,occupation,manager,higher,4,2025-01-01,true,bg_ncop_1223
bg_ncop_13113001,Ръководител участък горско стопанство (лесничейство),13113001,occupation,manager,higher,4,2025-01-01,true,bg_ncop_1311
bg_ncop_13113002,Ръководител участък земеделие,13113002,occupation,manager,higher,4,2025-01-01,true,bg_ncop_1311
bg_ncop_13116003,Ръководител горско стопанство,13116003,occupation,manager,higher,4,2025-01-01,true,bg_ncop_1311
bg_ncop_13116004,Ръководител земеделие,13116004,occupation,manager,higher,4,2025-01-01,true,bg_ncop_1311
bg_ncop_13116005,Ръководител животновъдство,13116005,occupation,manager,higher,4,2025-01-01,true,bg_ncop_1311
bg_ncop_13116006,Главен лесничей,13116006,occupation,manager,higher,4,2025-01-01,true,bg_ncop_1311
bg_ncop_13115007,Ръководител ловно стопанство,13115007,occupation,manager,higher,4,2025-01-01,true,bg_ncop_1311
bg_ncop_13123001,Ръководител участък риболов,13123001,occupation,manager,higher,4,2025-01-01,true,bg_ncop_1312
bg_ncop_13126002,Ръководител риболов,13126002,occupation,manager,higher,4,2025-01-01,true,bg_ncop_1312
bg_ncop_13126003,Ръководител рибовъдство,13126003,occupation,manager,higher,4,2025-01-01,true,bg_ncop_1312
bg_ncop_13213001,Управител преработваща промишленост,13213001,occupation,manager,higher,4,2025-01-01,true,bg_ncop_1321
bg_ncop_13217002,Мениджър производство,13217002,occupation,manager,higher,4,2025-01-01,true,bg_ncop_1321
bg_ncop_13217003,Главен инженер преработваща промишленост,13217003,occupation,manager,higher,4,2025-01-01,true,bg_ncop_1321
bg_ncop_13215004,Началник цех,13215004,occupation,manager,higher,4,2025-01-01,true,bg_ncop_1321
bg_ncop_13217005,Началник производство,13217005,occupation,manager,higher,4,2025-01-01,true,bg_ncop_1321
bg_ncop_13216006,Заместник-ръководител обособено производство,13216006,occupation,manager,higher,4,2025-01-01,true,bg_ncop_1321
bg_ncop_13216007,Ръководител отдел в промишлеността,13216007,occupation,manager,higher,4,2025-01-01,true,bg_ncop_1321
bg_ncop_13216008,Ръководител обособено производство,13216008,occupation,manager,higher,4,2025-01-01,true,bg_ncop_1321
bg_ncop_13216009,Ръководител сектор звено в промишлеността,13216009,occupation,manager,higher,4,2025-01-01,true,bg_ncop_1321
bg_ncop_13217010,Ръководител производствено поделение,13217010,occupation,manager,higher,4,2025-01-01,true,bg_ncop_1321
bg_ncop_13217011,Ръководител структурно звено ядрен енергиен блок,13217011,occupation,manager,higher,4,2025-01-01,true,bg_ncop_1321
bg_ncop_13217012,Ръководител структурно звено ядрена електроцентрала,13217012,occupation,manager,higher,4,2025-01-01,true,bg_ncop_1321
bg_ncop_13217013,Главен технолог ядрен енергиен блок,13217013,occupation,manager,higher,4,2025-01-01,true,bg_ncop_1321
bg_ncop_13217014,Главен технолог ядрена централа,13217014,occupation,manager,higher,4,2025-01-01,true,bg_ncop_1321
bg_ncop_13217015,Главен технолог преработваща промишленост,13217015,occupation,manager,higher,4,2025-01-01,true,bg_ncop_1321
bg_ncop_13217016,Главен енергетик,13217016,occupation,manager,higher,4,2025-01-01,true,bg_ncop_1321
bg_ncop_13217017,Главен механик,13217017,occupation,manager,higher,4,2025-01-01,true,bg_ncop_1321
bg_ncop_13215018,Ръководител лаборатория в предприятие,13215018,occupation,manager,higher,4,2025-01-01,true,bg_ncop_1321
bg_ncop_13215019,Главен корабостроител,13215019,occupation,manager,higher,4,2025-01-01,true,bg_ncop_1321
bg_ncop_13215020,Директор производство,13215020,occupation,manager,higher,4,2025-01-01,true,bg_ncop_1321
bg_ncop_13215021,Технически директор,13215021,occupation,manager,higher,4,2025-01-01,true,bg_ncop_1321
bg_ncop_13215022,Ръководител пречиствателна станция,13215022,occupation,manager,higher,4,2025-01-01,true,bg_ncop_1321
bg_ncop_13215023,Главен метролог,13215023,occupation,manager,higher,4,2025-01-01,true,bg_ncop_1321
bg_ncop_13215024,Ръководител група преработваща промишленост,13215024,occupation,manager,higher,4,2025-01-01,true,bg_ncop_1321
bg_ncop_13215025,Ръководител инсталация,13215025,occupation,manager,higher,4,2025-01-01,true,bg_ncop_1321
bg_ncop_13215026,Ръководител резервоарен парк,13215026,occupation,manager,higher,4,2025-01-01,true,bg_ncop_1321
bg_ncop_13216027,Директор дирекция преработваща промишленост,13216027,occupation,manager,higher,4,2025-01-01,true,bg_ncop_1321
bg_ncop_13216028,Ръководител инфраструктура и поддръжка,13216028,occupation,manager,higher,4,2025-01-01,true,bg_ncop_1321
bg_ncop_13217029,Ръководител производство лекарствени продукти,13217029,occupation,manager,higher,4,2025-01-01,true,bg_ncop_1321
bg_ncop_13216030,Квалифицирано лице фармацевтично производство,13216030,occupation,manager,higher,4,2025-01-01,true,bg_ncop_1321
bg_ncop_13223001,Управител добивна промишленост,13223001,occupation,manager,higher,4,2025-01-01,true,bg_ncop_1322
bg_ncop_13227002,Началник рудник,13227002,occupation,manager,higher,4,2025-01-01,true,bg_ncop_1322
bg_ncop_13227003,Началник обогатителна фабрика,13227003,occupation,manager,higher,4,2025-01-01,true,bg_ncop_1322
bg_ncop_13227004,Главен инженер добивна промишленост,13227004,occupation,manager,higher,4,2025-01-01,true,bg_ncop_1322
bg_ncop_13226005,Ръководител група добивна промишленост,13226005,occupation,manager,higher,4,2025-01-01,true,bg_ncop_1322
bg_ncop_13226006,Ръководител участък добивна промишленост,13226006,occupation,manager,higher,4,2025-01-01,true,bg_ncop_1322
bg_ncop_13223007,Ръководител подземен обект,13223007,occupation,manager,higher,4,2025-01-01,true,bg_ncop_1322
bg_ncop_13227008,Ръководител минноспасителна служба,13227008,occupation,manager,higher,4,2025-01-01,true,bg_ncop_1322
bg_ncop_13227009,Директор обогатителен комплекс,13227009,occupation,manager,higher,4,2025-01-01,true,bg_ncop_1322
bg_ncop_13227010,Директор рудодобивен комплекс,13227010,occupation,manager,higher,4,2025-01-01,true,bg_ncop_1322
bg_ncop_13235001,Управител  проектиране,13235001,occupation,manager,higher,4,2025-01-01,true,bg_ncop_1323
bg_ncop_13235002,Управител строителство,13235002,occupation,manager,higher,4,2025-01-01,true,bg_ncop_1323
bg_ncop_13236003,Главен инженер строителство,13236003,occupation,manager,higher,4,2025-01-01,true,bg_ncop_1323
bg_ncop_13233004,Строителен предприемач,13233004,occupation,manager,higher,4,2025-01-01,true,bg_ncop_1323
bg_ncop_13236005,Инженер строителен надзор,13236005,occupation,manager,higher,4,2025-01-01,true,bg_ncop_1323
bg_ncop_13237006,Началник строителен обект,13237006,occupation,manager,higher,4,2025-01-01,true,bg_ncop_1323
bg_ncop_13236007,Началник строеж,13236007,occupation,manager,higher,4,2025-01-01,true,bg_ncop_1323
bg_ncop_13236008,Ръководител отдел в строителството,13236008,occupation,manager,higher,4,2025-01-01,true,bg_ncop_1323
bg_ncop_13237009,Ръководител отдел в проектирането,13237009,occupation,manager,higher,4,2025-01-01,true,bg_ncop_1323
bg_ncop_13237010,Ръководител група в строителството,13237010,occupation,manager,higher,4,2025-01-01,true,bg_ncop_1323
bg_ncop_13236011,Мениджър инвестиционни проекти,13236011,occupation,manager,higher,4,2025-01-01,true,bg_ncop_1323
bg_ncop_13243001,Мениджър логистика,13243001,occupation,manager,higher,4,2025-01-01,true,bg_ncop_1324
bg_ncop_13245002,Директор закупуване,13245002,occupation,manager,higher,4,2025-01-01,true,bg_ncop_1324
bg_ncop_13243003,Управител складово стопанство,13243003,occupation,manager,higher,4,2025-01-01,true,bg_ncop_1324
bg_ncop_13243004,Управител транспорт,13243004,occupation,manager,higher,4,2025-01-01,true,bg_ncop_1324
bg_ncop_13247005,Началник аерогара,13247005,occupation,manager,higher,4,2025-01-01,true,bg_ncop_1324
bg_ncop_13247006,Началник летище,13247006,occupation,manager,higher,4,2025-01-01,true,bg_ncop_1324
bg_ncop_13247007,Началник морска гара,13247007,occupation,manager,higher,4,2025-01-01,true,bg_ncop_1324
bg_ncop_13247008,Началник речна гара,13247008,occupation,manager,higher,4,2025-01-01,true,bg_ncop_1324
bg_ncop_13247009,Началник на ремонтно звено транспорт,13247009,occupation,manager,higher,4,2025-01-01,true,bg_ncop_1324
bg_ncop_13243010,Началник участък свръзки и ел. съоръжения,13243010,occupation,manager,higher,4,2025-01-01,true,bg_ncop_1324
bg_ncop_13243011,Началник участък осигурителни инсталации,13243011,occupation,manager,higher,4,2025-01-01,true,bg_ncop_1324
bg_ncop_13243012,Началник тягова подстанция в железопътен транспорт,13243012,occupation,manager,higher,4,2025-01-01,true,bg_ncop_1324
bg_ncop_13243013,Началник подрайон по контактна железопътна мрежа,13243013,occupation,manager,higher,4,2025-01-01,true,bg_ncop_1324
bg_ncop_13243014,Началник участък по поддържане на железния път и съоръженията,13243014,occupation,manager,higher,4,2025-01-01,true,bg_ncop_1324
bg_ncop_13243015,Началник автогара,13243015,occupation,manager,higher,4,2025-01-01,true,bg_ncop_1324
bg_ncop_13243016,Началник експлоатационно звено в транспорта,13243016,occupation,manager,higher,4,2025-01-01,true,bg_ncop_1324
bg_ncop_13243017,Началник превозна служба,13243017,occupation,manager,higher,4,2025-01-01,true,bg_ncop_1324
bg_ncop_13245018,Началник железопътна гара,13245018,occupation,manager,higher,4,2025-01-01,true,bg_ncop_1324
bg_ncop_13245019,Началник метростанция,13245019,occupation,manager,higher,4,2025-01-01,true,bg_ncop_1324
bg_ncop_13243020,Началник вагонно-ревизорски участък,13243020,occupation,manager,higher,4,2025-01-01,true,bg_ncop_1324
bg_ncop_13243021,Ръководител отдел в транспорта,13243021,occupation,manager,higher,4,2025-01-01,true,bg_ncop_1324
bg_ncop_13245022,Заместник-началник железопътна гара,13245022,occupation,manager,higher,4,2025-01-01,true,bg_ncop_1324
bg_ncop_13246023,Ръководител отдел в транспорта (нефто- и газопроводи),13246023,occupation,manager,higher,4,2025-01-01,true,bg_ncop_1324
bg_ncop_13245024,Ръководител отдел в складовото стопанство,13245024,occupation,manager,higher,4,2025-01-01,true,bg_ncop_1324
bg_ncop_13245025,Ръководител група транспорт,13245025,occupation,manager,higher,4,2025-01-01,true,bg_ncop_1324
bg_ncop_13245026,Ръководител транспорт,13245026,occupation,manager,higher,4,2025-01-01,true,bg_ncop_1324
bg_ncop_13243027,Ръководител смяна транспортно експлоатационно звено,13243027,occupation,manager,higher,4,2025-01-01,true,bg_ncop_1324
bg_ncop_13243028,Ръководител смяна ремонтно звено в транспорта,13243028,occupation,manager,higher,4,2025-01-01,true,bg_ncop_1324
bg_ncop_13246029,Ръководител отдел доставки,13246029,occupation,manager,higher,4,2025-01-01,true,bg_ncop_1324
bg_ncop_13246030,Ръководител отдел дистрибуция,13246030,occupation,manager,higher,4,2025-01-01,true,bg_ncop_1324
bg_ncop_13246031,Ръководител отдел складиране,13246031,occupation,manager,higher,4,2025-01-01,true,bg_ncop_1324
bg_ncop_13246032,Ръководител автобаза,13246032,occupation,manager,higher,4,2025-01-01,true,bg_ncop_1324
bg_ncop_13245033,Летец-пилот директор на дирекция,13245033,occupation,manager,higher,4,2025-01-01,true,bg_ncop_1324
bg_ncop_13245034,Ръководител автосервиз,13245034,occupation,manager,higher,4,2025-01-01,true,bg_ncop_1324
bg_ncop_13245035,Началник пристанищен район,13245035,occupation,manager,higher,4,2025-01-01,true,bg_ncop_1324
bg_ncop_13246036,Главен пилот директор дирекция,13246036,occupation,manager,higher,4,2025-01-01,true,bg_ncop_1324
bg_ncop_13246037,Ръководител на район,13246037,occupation,manager,higher,4,2025-01-01,true,bg_ncop_1324
bg_ncop_13247038,Главен авиоинженер директор дирекция,13247038,occupation,manager,higher,4,2025-01-01,true,bg_ncop_1324
bg_ncop_13247039,Ръководител на организация за техническо обслужване авиация,13247039,occupation,manager,higher,4,2025-01-01,true,bg_ncop_1324
bg_ncop_13247040,Ръководител на организация за поддържане на непрекъсната летателна годност,13247040,occupation,manager,higher,4,2025-01-01,true,bg_ncop_1324
bg_ncop_13306001,Директор информационни системи,13306001,occupation,manager,higher,4,2025-01-01,true,bg_ncop_1330
bg_ncop_13306002,Директор  Мениджър информационни технологии,13306002,occupation,manager,higher,4,2025-01-01,true,bg_ncop_1330
bg_ncop_13303003,Началник пощенска станция,13303003,occupation,manager,higher,4,2025-01-01,true,bg_ncop_1330
bg_ncop_13303004,Ръководител  комуникационни технологии,13303004,occupation,manager,higher,4,2025-01-01,true,bg_ncop_1330
bg_ncop_13306005,Ръководител информационно обслужване,13306005,occupation,manager,higher,4,2025-01-01,true,bg_ncop_1330
bg_ncop_13306006,Ръководител компютърно обслужване,13306006,occupation,manager,higher,4,2025-01-01,true,bg_ncop_1330
bg_ncop_13306007,Ръководител компютърни системи: разработка на системи,13306007,occupation,manager,higher,4,2025-01-01,true,bg_ncop_1330
bg_ncop_13306008,Ръководител информационни и комуникационни технологии,13306008,occupation,manager,higher,4,2025-01-01,true,bg_ncop_1330
bg_ncop_13306009,Мениджър мрежи,13306009,occupation,manager,higher,4,2025-01-01,true,bg_ncop_1330
bg_ncop_13306010,Мениджър софтуерни приложения,13306010,occupation,manager,higher,4,2025-01-01,true,bg_ncop_1330
bg_ncop_13306011,Мениджър софтуерно развитие,13306011,occupation,manager,higher,4,2025-01-01,true,bg_ncop_1330
bg_ncop_13306012,Мениджър обработка на данни,13306012,occupation,manager,higher,4,2025-01-01,true,bg_ncop_1330
bg_ncop_13303013,Управител пощи,13303013,occupation,manager,higher,4,2025-01-01,true,bg_ncop_1330
bg_ncop_13306014,Управител Интернет доставки,13306014,occupation,manager,higher,4,2025-01-01,true,bg_ncop_1330
bg_ncop_13305015,Ръководител радио телевизионни станции,13305015,occupation,manager,higher,4,2025-01-01,true,bg_ncop_1330
bg_ncop_13305016,Ръководител сектор студиен комплекс - радио и телевизия,13305016,occupation,manager,higher,4,2025-01-01,true,bg_ncop_1330
bg_ncop_13305017,Главен редактор радио телевизия,13305017,occupation,manager,higher,4,2025-01-01,true,bg_ncop_1330
bg_ncop_13305018,Директор на дирекция радио телевизия,13305018,occupation,manager,higher,4,2025-01-01,true,bg_ncop_1330
bg_ncop_13305019,Директор радио телевизионна програма,13305019,occupation,manager,higher,4,2025-01-01,true,bg_ncop_1330
bg_ncop_13305020,Ръководител техническа смяна радио телевизия,13305020,occupation,manager,higher,4,2025-01-01,true,bg_ncop_1330
bg_ncop_13305021,Мениджър ИТ център,13305021,occupation,manager,higher,4,2025-01-01,true,bg_ncop_1330
bg_ncop_13305022,Директор информационни системи и системи за управление,13305022,occupation,manager,higher,4,2025-01-01,true,bg_ncop_1330
bg_ncop_13305023,Ръководител информационни и комуникационни технологии и системи за управление,13305023,occupation,manager,higher,4,2025-01-01,true,bg_ncop_1330
bg_ncop_13306024,Ръководител подвижни радиорелейни телевизионни станции,13306024,occupation,manager,higher,4,2025-01-01,true,bg_ncop_1330
bg_ncop_13306025,Изпълнителен продуцент,13306025,occupation,manager,higher,4,2025-01-01,true,bg_ncop_1330
bg_ncop_13415001,Управител детско заведение,13415001,occupation,manager,higher,4,2025-01-01,true,bg_ncop_1341
bg_ncop_13415002,Директор детска ясла,13415002,occupation,manager,higher,4,2025-01-01,true,bg_ncop_1341
bg_ncop_13429001,Директор НЕЛК,13429001,occupation,manager,higher,4,2025-01-01,true,bg_ncop_1342
bg_ncop_13427002,Директор здравно заведение,13427002,occupation,manager,higher,4,2025-01-01,true,bg_ncop_1342
bg_ncop_13427003,Директор Управител Ръководител лечебно заведение,13427003,occupation,manager,higher,4,2025-01-01,true,bg_ncop_1342
bg_ncop_13429004,Председател ТЕЛК,13429004,occupation,manager,higher,4,2025-01-01,true,bg_ncop_1342
bg_ncop_13429005,Председател ДЕЛК,13429005,occupation,manager,higher,4,2025-01-01,true,bg_ncop_1342
bg_ncop_13425006,Управител лечебно заведение за извънболнична помощ,13425006,occupation,manager,higher,4,2025-01-01,true,bg_ncop_1342
bg_ncop_13427007,Ръководител Управител здравно заведение,13427007,occupation,manager,higher,4,2025-01-01,true,bg_ncop_1342
bg_ncop_13426008,Ръководител лаборатория,13426008,occupation,manager,higher,4,2025-01-01,true,bg_ncop_1342
bg_ncop_13426009,Ръководител служба по трудова медицина,13426009,occupation,manager,higher,4,2025-01-01,true,bg_ncop_1342
bg_ncop_13427010,Началник клиника,13427010,occupation,manager,higher,4,2025-01-01,true,bg_ncop_1342
bg_ncop_13427011,Лекар началник отделение лаборатория,13427011,occupation,manager,higher,4,2025-01-01,true,bg_ncop_1342
bg_ncop_13426012,Главна медицинска сестра,13426012,occupation,manager,higher,4,2025-01-01,true,bg_ncop_1342
bg_ncop_13426013,Старша медицинска сестра,13426013,occupation,manager,higher,4,2025-01-01,true,bg_ncop_1342
bg_ncop_13426014,Старши рентгенов лаборант,13426014,occupation,manager,higher,4,2025-01-01,true,bg_ncop_1342
bg_ncop_13426015,Старши медицински лаборант,13426015,occupation,manager,higher,4,2025-01-01,true,bg_ncop_1342
bg_ncop_13426016,Главна акушерка,13426016,occupation,manager,higher,4,2025-01-01,true,bg_ncop_1342
bg_ncop_13426017,Старша акушерка,13426017,occupation,manager,higher,4,2025-01-01,true,bg_ncop_1342
bg_ncop_13426018,Главен рехабилитатор,13426018,occupation,manager,higher,4,2025-01-01,true,bg_ncop_1342
bg_ncop_13426019,Старши рехабилитатор,13426019,occupation,manager,higher,4,2025-01-01,true,bg_ncop_1342
bg_ncop_13427020,"Фармацевт-магистър, ръководител на аптека",13427020,occupation,manager,higher,4,2025-01-01,true,bg_ncop_1342
bg_ncop_13427021,"Фармацевт-магистър, контрол върху качеството на лекарствените продукти",13427021,occupation,manager,higher,4,2025-01-01,true,bg_ncop_1342
bg_ncop_13427022,"Ръководител, лекарствена безопасност",13427022,occupation,manager,higher,4,2025-01-01,true,bg_ncop_1342
bg_ncop_13427023,"Ръководител, здравна комуникация и лекарствена информация",13427023,occupation,manager,higher,4,2025-01-01,true,bg_ncop_1342
bg_ncop_13427024,"Ръководител, управление на клинични изпитвания",13427024,occupation,manager,higher,4,2025-01-01,true,bg_ncop_1342
bg_ncop_13427025,"Отговорен магистър-фармацевт, контрол върху наркотичните вещества и прекурсорите",13427025,occupation,manager,higher,4,2025-01-01,true,bg_ncop_1342
bg_ncop_13427026,"Фармацевт-магистър, заместник-ръководител на аптека",13427026,occupation,manager,higher,4,2025-01-01,true,bg_ncop_1342
bg_ncop_13427027,Лекар началник на медицински пункт,13427027,occupation,manager,higher,4,2025-01-01,true,bg_ncop_1342
bg_ncop_13433001,Управител дом за стари хора със здравни грижи,13433001,occupation,manager,higher,4,2025-01-01,true,bg_ncop_1343
bg_ncop_13433002,Управител дом за стари хора без здравни грижи,13433002,occupation,manager,higher,4,2025-01-01,true,bg_ncop_1343
bg_ncop_13433003,Координатор грижи за възрастни хора в общността,13433003,occupation,manager,higher,4,2025-01-01,true,bg_ncop_1343
bg_ncop_13447001,Директор социални услуги в общността,13447001,occupation,manager,higher,4,2025-01-01,true,bg_ncop_1344
bg_ncop_13447002,Директор специализирана институция,13447002,occupation,manager,higher,4,2025-01-01,true,bg_ncop_1344
bg_ncop_13447003,Управител социални услуги в общността,13447003,occupation,manager,higher,4,2025-01-01,true,bg_ncop_1344
bg_ncop_13443004,Управител специализирана институция,13443004,occupation,manager,higher,4,2025-01-01,true,bg_ncop_1344
bg_ncop_13446006,"Социален предприемач, социални услуги",13446006,occupation,manager,higher,4,2025-01-01,true,bg_ncop_1344
bg_ncop_13456001,Директор специализирано обслужващо звено в системата на предучилищното и училищното образование,13456001,occupation,manager,higher,4,2025-01-01,true,bg_ncop_1345
bg_ncop_13456002,Директор училище,13456002,occupation,manager,higher,4,2025-01-01,true,bg_ncop_1345
bg_ncop_13456003,Директор център за професионално обучение,13456003,occupation,manager,higher,4,2025-01-01,true,bg_ncop_1345
bg_ncop_13456004,Директор детска градина,13456004,occupation,manager,higher,4,2025-01-01,true,bg_ncop_1345
bg_ncop_13459005,Директор колеж,13459005,occupation,manager,higher,4,2025-01-01,true,bg_ncop_1345
bg_ncop_13457006,Директор департамент,13457006,occupation,manager,higher,4,2025-01-01,true,bg_ncop_1345
bg_ncop_13459007,Заместник директор колеж,13459007,occupation,manager,higher,4,2025-01-01,true,bg_ncop_1345
bg_ncop_13459008,Декан,13459008,occupation,manager,higher,4,2025-01-01,true,bg_ncop_1345
bg_ncop_13457009,Заместник-декан,13457009,occupation,manager,higher,4,2025-01-01,true,bg_ncop_1345
bg_ncop_13456010,Началник отдел в образованието,13456010,occupation,manager,higher,4,2025-01-01,true,bg_ncop_1345
bg_ncop_13456011,Ръководител сектор в образованието,13456011,occupation,manager,higher,4,2025-01-01,true,bg_ncop_1345
bg_ncop_13459012,Ръководител катедра,13459012,occupation,manager,higher,4,2025-01-01,true,bg_ncop_1345
bg_ncop_13456013,Ръководител учебно-методичен център,13456013,occupation,manager,higher,4,2025-01-01,true,bg_ncop_1345
bg_ncop_13455014,Началник учебен отдел,13455014,occupation,manager,higher,4,2025-01-01,true,bg_ncop_1345
bg_ncop_13456015,Директор професионален колеж,13456015,occupation,manager,higher,4,2025-01-01,true,bg_ncop_1345
bg_ncop_13456016,Директор на център за продължаващо обучение,13456016,occupation,manager,higher,4,2025-01-01,true,bg_ncop_1345
bg_ncop_13456017,Директор на център за подкрепа на личностно развитие,13456017,occupation,manager,higher,4,2025-01-01,true,bg_ncop_1345
bg_ncop_13467001,Директор банков клон клон на финансова платежна институция,13467001,occupation,manager,higher,4,2025-01-01,true,bg_ncop_1346
bg_ncop_13467002,Заместник-директор банков клон клон на финансова платежна институция,13467002,occupation,manager,higher,4,2025-01-01,true,bg_ncop_1346
bg_ncop_13467003,Управител банков клон клон на финансова платежна институция,13467003,occupation,manager,higher,4,2025-01-01,true,bg_ncop_1346
bg_ncop_13466004,Управител клон на застрахователна институция,13466004,occupation,manager,higher,4,2025-01-01,true,bg_ncop_1346
bg_ncop_13463005,Управител финансово-кредитна и паричнообменна дейност,13463005,occupation,manager,higher,4,2025-01-01,true,bg_ncop_1346
bg_ncop_13467006,Ръководител служба банка финансова платежна институция,13467006,occupation,manager,higher,4,2025-01-01,true,bg_ncop_1346
bg_ncop_13467007,Ръководител банков салон салон във финансова платежна инстетуция,13467007,occupation,manager,higher,4,2025-01-01,true,bg_ncop_1346
bg_ncop_13467008,Ръководител банково представителство представителство във финансова платежна институция,13467008,occupation,manager,higher,4,2025-01-01,true,bg_ncop_1346
bg_ncop_13466009,Ръководител екип банка финансова платежна институция,13466009,occupation,manager,higher,4,2025-01-01,true,bg_ncop_1346
bg_ncop_13466010,Ръководител отдел сектор банка финансова платежна институция,13466010,occupation,manager,higher,4,2025-01-01,true,bg_ncop_1346
bg_ncop_13466011,Ръководител екип застрахователна институция,13466011,occupation,manager,higher,4,2025-01-01,true,bg_ncop_1346
bg_ncop_13465012,Мениджър банка финансова платежна институция,13465012,occupation,manager,higher,4,2025-01-01,true,bg_ncop_1346
bg_ncop_13466013,Регионален директор банка финансова платежна институция,13466013,occupation,manager,higher,4,2025-01-01,true,bg_ncop_1346
bg_ncop_13466014,Директор финансов център банка финансова платежна институция,13466014,occupation,manager,higher,4,2025-01-01,true,bg_ncop_1346
bg_ncop_13466015,Ръководител офис банка финансова платежна институция,13466015,occupation,manager,higher,4,2025-01-01,true,bg_ncop_1346
bg_ncop_13497001,Директор библиотека,13497001,occupation,manager,higher,4,2025-01-01,true,bg_ncop_1349
bg_ncop_13497002,Директор музей галерия,13497002,occupation,manager,higher,4,2025-01-01,true,bg_ncop_1349
bg_ncop_13497003,Началник затвор,13497003,occupation,manager,higher,4,2025-01-01,true,bg_ncop_1349
bg_ncop_13497004,Началник поправителен дом,13497004,occupation,manager,higher,4,2025-01-01,true,bg_ncop_1349
bg_ncop_13497005,Заместник-началник затвор режимна и надзорна охранителна дейност,13497005,occupation,manager,higher,4,2025-01-01,true,bg_ncop_1349
bg_ncop_13497006,Заместник-началник поправителен дом режимна и надзорна охранителна дейност,13497006,occupation,manager,higher,4,2025-01-01,true,bg_ncop_1349
bg_ncop_13497007,Заместник-директор библиотека,13497007,occupation,manager,higher,4,2025-01-01,true,bg_ncop_1349
bg_ncop_13497008,Заместник-директор музей галерия,13497008,occupation,manager,higher,4,2025-01-01,true,bg_ncop_1349
bg_ncop_13496009,Издател,13496009,occupation,manager,higher,4,2025-01-01,true,bg_ncop_1349
bg_ncop_13493010,Читалищен секретар,13493010,occupation,manager,higher,4,2025-01-01,true,bg_ncop_1349
bg_ncop_13497011,Началник управление полиция,13497011,occupation,manager,higher,4,2025-01-01,true,bg_ncop_1349
bg_ncop_13497012,Ръководител правна служба,13497012,occupation,manager,higher,4,2025-01-01,true,bg_ncop_1349
bg_ncop_13497013,"Директор дирекция ""Правна""",13497013,occupation,manager,higher,4,2025-01-01,true,bg_ncop_1349
bg_ncop_13497014,Ръководител лаборатория за консервация и реставрация,13497014,occupation,manager,higher,4,2025-01-01,true,bg_ncop_1349
bg_ncop_13497015,Ръководител отдел в музей галерия,13497015,occupation,manager,higher,4,2025-01-01,true,bg_ncop_1349
bg_ncop_13497016,Ръководител началник сектор транспорт и въздушно обслужване,13497016,occupation,manager,higher,4,2025-01-01,true,bg_ncop_1349
bg_ncop_13497017,Ръководител началник сектор аеронавигационно обслужване,13497017,occupation,manager,higher,4,2025-01-01,true,bg_ncop_1349
bg_ncop_13496018,Директор на детска кухня,13496018,occupation,manager,higher,4,2025-01-01,true,bg_ncop_1349
bg_ncop_13497019,Директор на комплекс за детско хранене,13497019,occupation,manager,higher,4,2025-01-01,true,bg_ncop_1349
bg_ncop_13495020,Мениджър туризъм,13495020,occupation,manager,higher,4,2025-01-01,true,bg_ncop_1349
bg_ncop_14113001,Ръководител отдел в хотел,14113001,occupation,manager,higher,4,2025-01-01,true,bg_ncop_1411
bg_ncop_14113002,Управител хотел,14113002,occupation,manager,higher,4,2025-01-01,true,bg_ncop_1411
bg_ncop_14113003,Управител мотел,14113003,occupation,manager,higher,4,2025-01-01,true,bg_ncop_1411
bg_ncop_14113004,Управител пансион,14113004,occupation,manager,higher,4,2025-01-01,true,bg_ncop_1411
bg_ncop_14123001,Управител заведение за обществено хранене,14123001,occupation,manager,higher,4,2025-01-01,true,bg_ncop_1412
bg_ncop_14123002,Управител павилион,14123002,occupation,manager,higher,4,2025-01-01,true,bg_ncop_1412
bg_ncop_14123003,Управител ресторант на самообслужване,14123003,occupation,manager,higher,4,2025-01-01,true,bg_ncop_1412
bg_ncop_14123004,Управител сладкарница кафене,14123004,occupation,manager,higher,4,2025-01-01,true,bg_ncop_1412
bg_ncop_14123005,Управител бар,14123005,occupation,manager,higher,4,2025-01-01,true,bg_ncop_1412
bg_ncop_14123006,Управител ресторант,14123006,occupation,manager,higher,4,2025-01-01,true,bg_ncop_1412
bg_ncop_14123007,Управител стол,14123007,occupation,manager,higher,4,2025-01-01,true,bg_ncop_1412
bg_ncop_14123008,Управител приготвяне и доставяне на храна (кетъринг),14123008,occupation,manager,higher,4,2025-01-01,true,bg_ncop_1412
bg_ncop_14123009,Ръководител отдел в ресторант,14123009,occupation,manager,higher,4,2025-01-01,true,bg_ncop_1412
bg_ncop_14123010,Гостилничар,14123010,occupation,manager,higher,4,2025-01-01,true,bg_ncop_1412
bg_ncop_14123011,Съдържател ресторант,14123011,occupation,manager,higher,4,2025-01-01,true,bg_ncop_1412
bg_ncop_14203001,Управител търговия на едро,14203001,occupation,manager,higher,4,2025-01-01,true,bg_ncop_1420
bg_ncop_14203002,Управител външна търговия,14203002,occupation,manager,higher,4,2025-01-01,true,bg_ncop_1420
bg_ncop_14203003,Управител търговия на дребно,14203003,occupation,manager,higher,4,2025-01-01,true,bg_ncop_1420
bg_ncop_14203004,Управител магазин,14203004,occupation,manager,higher,4,2025-01-01,true,bg_ncop_1420
bg_ncop_14203005,Управител супермаркет,14203005,occupation,manager,higher,4,2025-01-01,true,bg_ncop_1420
bg_ncop_14203006,Управител универсален магазин,14203006,occupation,manager,higher,4,2025-01-01,true,bg_ncop_1420
bg_ncop_14205007,Ръководител отдел  складово стопанство,14205007,occupation,manager,higher,4,2025-01-01,true,bg_ncop_1420
bg_ncop_14205008,"Отговорен магистър-фармацевт, ръководител на склад за търговия на едро с лекарствени продукти",14205008,occupation,manager,higher,4,2025-01-01,true,bg_ncop_1420
bg_ncop_14313001,Генерален секретар спортна организация,14313001,occupation,manager,higher,4,2025-01-01,true,bg_ncop_1431
bg_ncop_14317002,Главен секретар Народен театър,14317002,occupation,manager,higher,4,2025-01-01,true,bg_ncop_1431
bg_ncop_14317003,Главен секретар спортна организация,14317003,occupation,manager,higher,4,2025-01-01,true,bg_ncop_1431
bg_ncop_14317004,Директор на културна организация културен институт,14317004,occupation,manager,higher,4,2025-01-01,true,bg_ncop_1431
bg_ncop_14317005,Директор театър,14317005,occupation,manager,higher,4,2025-01-01,true,bg_ncop_1431
bg_ncop_14313006,Директор кино,14313006,occupation,manager,higher,4,2025-01-01,true,bg_ncop_1431
bg_ncop_14317007,Заместник-директор институт организация за културни дейности,14317007,occupation,manager,higher,4,2025-01-01,true,bg_ncop_1431
bg_ncop_14317008,Заместник-председател спортен клуб,14317008,occupation,manager,higher,4,2025-01-01,true,bg_ncop_1431
bg_ncop_14317009,Заместник-председател спортна организация,14317009,occupation,manager,higher,4,2025-01-01,true,bg_ncop_1431
bg_ncop_14317010,Заместник-председател дружество за физкултура и спорт,14317010,occupation,manager,higher,4,2025-01-01,true,bg_ncop_1431
bg_ncop_14317011,Заместник-директор театър,14317011,occupation,manager,higher,4,2025-01-01,true,bg_ncop_1431
bg_ncop_14317012,Председател спортен клуб,14317012,occupation,manager,higher,4,2025-01-01,true,bg_ncop_1431
bg_ncop_14317013,Председател спортна организация,14317013,occupation,manager,higher,4,2025-01-01,true,bg_ncop_1431
bg_ncop_14317014,Председател дружество за физкултура и спорт,14317014,occupation,manager,higher,4,2025-01-01,true,bg_ncop_1431
bg_ncop_14313015,Управител отдих  почивна база,14313015,occupation,manager,higher,4,2025-01-01,true,bg_ncop_1431
bg_ncop_14313016,Управител спортни дейности,14313016,occupation,manager,higher,4,2025-01-01,true,bg_ncop_1431
bg_ncop_14313017,Управител казино,14313017,occupation,manager,higher,4,2025-01-01,true,bg_ncop_1431
bg_ncop_14313018,Управител бинго зала,14313018,occupation,manager,higher,4,2025-01-01,true,bg_ncop_1431
bg_ncop_14313019,Управител зала игрални автомати,14313019,occupation,manager,higher,4,2025-01-01,true,bg_ncop_1431
bg_ncop_14313020,Управител развлекателни увеселителни паркове,14313020,occupation,manager,higher,4,2025-01-01,true,bg_ncop_1431
bg_ncop_14316021,Ръководител отдел в културните дейности,14316021,occupation,manager,higher,4,2025-01-01,true,bg_ncop_1431
bg_ncop_14316022,Ръководител отдел отдих,14316022,occupation,manager,higher,4,2025-01-01,true,bg_ncop_1431
bg_ncop_14316023,Ръководител отдел спортни дейности,14316023,occupation,manager,higher,4,2025-01-01,true,bg_ncop_1431
bg_ncop_14316024,"Директор на районна дирекция ""Български спортен тотализатор""",14316024,occupation,manager,higher,4,2025-01-01,true,bg_ncop_1431
bg_ncop_14316025,Управител културни дейности,14316025,occupation,manager,higher,4,2025-01-01,true,bg_ncop_1431
bg_ncop_14316026,Спортен мениджър,14316026,occupation,manager,higher,4,2025-01-01,true,bg_ncop_1431
bg_ncop_14316027,"Управител, спа център",14316027,occupation,manager,higher,4,2025-01-01,true,bg_ncop_1431
bg_ncop_14316028,"Управител, уелнес център",14316028,occupation,manager,higher,4,2025-01-01,true,bg_ncop_1431
bg_ncop_14316029,"Управител, таласо център",14316029,occupation,manager,higher,4,2025-01-01,true,bg_ncop_1431
bg_ncop_14393001,Управител заведение за обслужване на населението,14393001,occupation,manager,higher,4,2025-01-01,true,bg_ncop_1439
bg_ncop_14393002,Управител търговски център,14393002,occupation,manager,higher,4,2025-01-01,true,bg_ncop_1439
bg_ncop_14393003,Управител къмпинг,14393003,occupation,manager,higher,4,2025-01-01,true,bg_ncop_1439
bg_ncop_14393004,Управител туристическа агенция,14393004,occupation,manager,higher,4,2025-01-01,true,bg_ncop_1439
bg_ncop_14393005,Управител бюро за услуги,14393005,occupation,manager,higher,4,2025-01-01,true,bg_ncop_1439
bg_ncop_14393006,Управител хижа,14393006,occupation,manager,higher,4,2025-01-01,true,bg_ncop_1439
bg_ncop_14396007,Ръководител отдел в туристически агенции,14396007,occupation,manager,higher,4,2025-01-01,true,bg_ncop_1439
bg_ncop_14393008,Ръководител контактен център,14393008,occupation,manager,higher,4,2025-01-01,true,bg_ncop_1439
bg_ncop_14393009,Ръководител конферентен център,14393009,occupation,manager,higher,4,2025-01-01,true,bg_ncop_1439
bg_ncop_14396010,"Директор на дирекция ""Обработка на тиражите""",14396010,occupation,manager,higher,4,2025-01-01,true,bg_ncop_1439
bg_ncop_14395011,Ръководител техническа поддръжка,14395011,occupation,manager,higher,4,2025-01-01,true,bg_ncop_1439
bg_ncop_14395012,Ръководител база,14395012,occupation,manager,higher,4,2025-01-01,true,bg_ncop_1439
bg_ncop_14396013,Риск мениджър,14396013,occupation,manager,higher,4,2025-01-01,true,bg_ncop_1439
bg_ncop_14393014,Хижар,14393014,occupation,manager,higher,4,2025-01-01,true,bg_ncop_1439
bg_ncop_21116001,Аеродинамик,21116001,occupation,specialist,higher,4,2025-01-01,true,bg_ncop_2111
bg_ncop_21116002,Астроном,21116002,occupation,specialist,higher,4,2025-01-01,true,bg_ncop_2111
bg_ncop_21116003,Астрофизик,21116003,occupation,specialist,higher,4,2025-01-01,true,bg_ncop_2111
bg_ncop_21116004,Радиоастроном,21116004,occupation,specialist,higher,4,2025-01-01,true,bg_ncop_2111
bg_ncop_21116005,Физик,21116005,occupation,specialist,higher,4,2025-01-01,true,bg_ncop_2111
bg_ncop_21116006,Физик акустик,21116006,occupation,specialist,higher,4,2025-01-01,true,bg_ncop_2111
bg_ncop_21116007,Физик атомна физика,21116007,occupation,specialist,higher,4,2025-01-01,true,bg_ncop_2111
bg_ncop_21116008,Физик балистик,21116008,occupation,specialist,higher,4,2025-01-01,true,bg_ncop_2111
bg_ncop_21116009,Физик електричество и магнетизъм,21116009,occupation,specialist,higher,4,2025-01-01,true,bg_ncop_2111
bg_ncop_21116010,Физик електроник,21116010,occupation,specialist,higher,4,2025-01-01,true,bg_ncop_2111
bg_ncop_21116011,Физик механика,21116011,occupation,specialist,higher,4,2025-01-01,true,bg_ncop_2111
bg_ncop_21116012,Физик молекулярна физика,21116012,occupation,specialist,higher,4,2025-01-01,true,bg_ncop_2111
bg_ncop_21116013,Физик оптика,21116013,occupation,specialist,higher,4,2025-01-01,true,bg_ncop_2111
bg_ncop_21116014,Физик теоретична физика,21116014,occupation,specialist,higher,4,2025-01-01,true,bg_ncop_2111
bg_ncop_21116015,Физик термодинамика,21116015,occupation,specialist,higher,4,2025-01-01,true,bg_ncop_2111
bg_ncop_21116016,Физик топлофизика,21116016,occupation,specialist,higher,4,2025-01-01,true,bg_ncop_2111
bg_ncop_21116017,Физик физика на елементарните частици,21116017,occupation,specialist,higher,4,2025-01-01,true,bg_ncop_2111
bg_ncop_21116018,Физик физика на полупроводниците,21116018,occupation,specialist,higher,4,2025-01-01,true,bg_ncop_2111
bg_ncop_21116019,Физик физика на твърдото тяло,21116019,occupation,specialist,higher,4,2025-01-01,true,bg_ncop_2111
bg_ncop_21116020,Физик хидродинамика,21116020,occupation,specialist,higher,4,2025-01-01,true,bg_ncop_2111
bg_ncop_21115021,Физик медицинска радиологична физика,21115021,occupation,specialist,higher,4,2025-01-01,true,bg_ncop_2111
bg_ncop_21115022,Физик медицинска санитарна физика,21115022,occupation,specialist,higher,4,2025-01-01,true,bg_ncop_2111
bg_ncop_21115023,Физик радиационна хигиена,21115023,occupation,specialist,higher,4,2025-01-01,true,bg_ncop_2111
bg_ncop_21115024,Физик радиобиология,21115024,occupation,specialist,higher,4,2025-01-01,true,bg_ncop_2111
bg_ncop_21115025,Физик биофизика,21115025,occupation,specialist,higher,4,2025-01-01,true,bg_ncop_2111
bg_ncop_21117026,Физик медицинска физика,21117026,occupation,specialist,higher,4,2025-01-01,true,bg_ncop_2111
bg_ncop_21117027,Физик експерт по медицинска физика,21117027,occupation,specialist,higher,4,2025-01-01,true,bg_ncop_2111
bg_ncop_21126001,Авиометеоролог,21126001,occupation,specialist,higher,4,2025-01-01,true,bg_ncop_2112
bg_ncop_21126002,Експерт авиометеорологично обслужване,21126002,occupation,specialist,higher,4,2025-01-01,true,bg_ncop_2112
bg_ncop_21126003,Климатолог,21126003,occupation,specialist,higher,4,2025-01-01,true,bg_ncop_2112
bg_ncop_21126004,Метеоролог,21126004,occupation,specialist,higher,4,2025-01-01,true,bg_ncop_2112
bg_ncop_21126005,Прогнозист на време,21126005,occupation,specialist,higher,4,2025-01-01,true,bg_ncop_2112
bg_ncop_21136001,Химик,21136001,occupation,specialist,higher,4,2025-01-01,true,bg_ncop_2113
bg_ncop_21136002,Химик-аналитик,21136002,occupation,specialist,higher,4,2025-01-01,true,bg_ncop_2113
bg_ncop_21136003,Химик дегергенти,21136003,occupation,specialist,higher,4,2025-01-01,true,bg_ncop_2113
bg_ncop_21136004,Химик корозия,21136004,occupation,specialist,higher,4,2025-01-01,true,bg_ncop_2113
bg_ncop_21136005,Химик кристалография,21136005,occupation,specialist,higher,4,2025-01-01,true,bg_ncop_2113
bg_ncop_21136006,Химик металургичен,21136006,occupation,specialist,higher,4,2025-01-01,true,bg_ncop_2113
bg_ncop_21136007,Химик молекулярен,21136007,occupation,specialist,higher,4,2025-01-01,true,bg_ncop_2113
bg_ncop_21136008,Химик неорганична химия,21136008,occupation,specialist,higher,4,2025-01-01,true,bg_ncop_2113
bg_ncop_21136009,Химик обработка на кожи,21136009,occupation,specialist,higher,4,2025-01-01,true,bg_ncop_2113
bg_ncop_21136010,Химик обработка на светлочувствителни материали,21136010,occupation,specialist,higher,4,2025-01-01,true,bg_ncop_2113
bg_ncop_21136011,Химик органична химия,21136011,occupation,specialist,higher,4,2025-01-01,true,bg_ncop_2113
bg_ncop_21136012,Химик петролен,21136012,occupation,specialist,higher,4,2025-01-01,true,bg_ncop_2113
bg_ncop_21136013,Химик пластмаса,21136013,occupation,specialist,higher,4,2025-01-01,true,bg_ncop_2113
bg_ncop_21136014,Химик полимери,21136014,occupation,specialist,higher,4,2025-01-01,true,bg_ncop_2113
bg_ncop_21136015,Химик производство на бои и лакове,21136015,occupation,specialist,higher,4,2025-01-01,true,bg_ncop_2113
bg_ncop_21136016,Химик производство на гума и гумени изделия,21136016,occupation,specialist,higher,4,2025-01-01,true,bg_ncop_2113
bg_ncop_21136017,Химик производство на хранителни продукти и напитки,21136017,occupation,specialist,higher,4,2025-01-01,true,bg_ncop_2113
bg_ncop_21136018,Химик стъкло,21136018,occupation,specialist,higher,4,2025-01-01,true,bg_ncop_2113
bg_ncop_21136019,Химик текстил,21136019,occupation,specialist,higher,4,2025-01-01,true,bg_ncop_2113
bg_ncop_21136020,Химик физикохимия,21136020,occupation,specialist,higher,4,2025-01-01,true,bg_ncop_2113
bg_ncop_21136021,Химик контрол на качеството,21136021,occupation,specialist,higher,4,2025-01-01,true,bg_ncop_2113
bg_ncop_21136022,Химик анализ на лекарствените продукти,21136022,occupation,specialist,higher,4,2025-01-01,true,bg_ncop_2113
bg_ncop_21136023,Химик биохимия,21136023,occupation,specialist,higher,4,2025-01-01,true,bg_ncop_2113
bg_ncop_21136024,Химик клинична химия,21136024,occupation,specialist,higher,4,2025-01-01,true,bg_ncop_2113
bg_ncop_21136025,Химик радиационна хигиена,21136025,occupation,specialist,higher,4,2025-01-01,true,bg_ncop_2113
bg_ncop_21136026,Химик радиобиология,21136026,occupation,specialist,higher,4,2025-01-01,true,bg_ncop_2113
bg_ncop_21136027,Химик санитарна химия,21136027,occupation,specialist,higher,4,2025-01-01,true,bg_ncop_2113
bg_ncop_21136028,Химик медицинска химия,21136028,occupation,specialist,higher,4,2025-01-01,true,bg_ncop_2113
bg_ncop_21136029,Химик токсикология,21136029,occupation,specialist,higher,4,2025-01-01,true,bg_ncop_2113
bg_ncop_21136030,Химик организация и икономика на фармацевтичното производство,21136030,occupation,specialist,higher,4,2025-01-01,true,bg_ncop_2113
bg_ncop_21146001,Вулканолог,21146001,occupation,specialist,higher,4,2025-01-01,true,bg_ncop_2114
bg_ncop_21146002,Геолог,21146002,occupation,specialist,higher,4,2025-01-01,true,bg_ncop_2114
bg_ncop_21146003,Геолог океанография,21146003,occupation,specialist,higher,4,2025-01-01,true,bg_ncop_2114
bg_ncop_21146004,Геолог палеонтолог,21146004,occupation,specialist,higher,4,2025-01-01,true,bg_ncop_2114
bg_ncop_21146005,Геолог стратиграф,21146005,occupation,specialist,higher,4,2025-01-01,true,bg_ncop_2114
bg_ncop_21146006,Геолог инженерна геология,21146006,occupation,specialist,higher,4,2025-01-01,true,bg_ncop_2114
bg_ncop_21146007,Геолог микропалеонтолог,21146007,occupation,specialist,higher,4,2025-01-01,true,bg_ncop_2114
bg_ncop_21146008,Геолог минен,21146008,occupation,specialist,higher,4,2025-01-01,true,bg_ncop_2114
bg_ncop_21146009,Геолог петрологография и вулканология,21146009,occupation,specialist,higher,4,2025-01-01,true,bg_ncop_2114
bg_ncop_21146010,Геолог търсене и проучване на нефтени и газови находища,21146010,occupation,specialist,higher,4,2025-01-01,true,bg_ncop_2114
bg_ncop_21146011,Геомагнетист,21146011,occupation,specialist,higher,4,2025-01-01,true,bg_ncop_2114
bg_ncop_21146012,Геоморфолог,21146012,occupation,specialist,higher,4,2025-01-01,true,bg_ncop_2114
bg_ncop_21146013,Геофизик,21146013,occupation,specialist,higher,4,2025-01-01,true,bg_ncop_2114
bg_ncop_21146014,Геофизик вулканолог,21146014,occupation,specialist,higher,4,2025-01-01,true,bg_ncop_2114
bg_ncop_21146015,Геофизик геомагнетист,21146015,occupation,specialist,higher,4,2025-01-01,true,bg_ncop_2114
bg_ncop_21146016,Геофизик геоморфолог,21146016,occupation,specialist,higher,4,2025-01-01,true,bg_ncop_2114
bg_ncop_21146017,Геофизик ледолог (гласиолог),21146017,occupation,specialist,higher,4,2025-01-01,true,bg_ncop_2114
bg_ncop_21146018,Геофизик океанограф,21146018,occupation,specialist,higher,4,2025-01-01,true,bg_ncop_2114
bg_ncop_21146019,Геофизик приложна геофизика,21146019,occupation,specialist,higher,4,2025-01-01,true,bg_ncop_2114
bg_ncop_21146020,Геофизик хидролог,21146020,occupation,specialist,higher,4,2025-01-01,true,bg_ncop_2114
bg_ncop_21146021,Ледолог (гласиолог),21146021,occupation,specialist,higher,4,2025-01-01,true,bg_ncop_2114
bg_ncop_21146022,Микропалеонтолог,21146022,occupation,specialist,higher,4,2025-01-01,true,bg_ncop_2114
bg_ncop_21146023,Минералог,21146023,occupation,specialist,higher,4,2025-01-01,true,bg_ncop_2114
bg_ncop_21146024,Океанограф геолог,21146024,occupation,specialist,higher,4,2025-01-01,true,bg_ncop_2114
bg_ncop_21146025,Океанограф геофизик,21146025,occupation,specialist,higher,4,2025-01-01,true,bg_ncop_2114
bg_ncop_21146026,Палеонтолог,21146026,occupation,specialist,higher,4,2025-01-01,true,bg_ncop_2114
bg_ncop_21146027,Петролог,21146027,occupation,specialist,higher,4,2025-01-01,true,bg_ncop_2114
bg_ncop_21146028,Сеизмолог,21146028,occupation,specialist,higher,4,2025-01-01,true,bg_ncop_2114
bg_ncop_21146029,Стратиграф,21146029,occupation,specialist,higher,4,2025-01-01,true,bg_ncop_2114
bg_ncop_21146030,Хидроакустик,21146030,occupation,specialist,higher,4,2025-01-01,true,bg_ncop_2114
bg_ncop_21146031,Хидрогеолог,21146031,occupation,specialist,higher,4,2025-01-01,true,bg_ncop_2114
bg_ncop_21146032,Хидролог,21146032,occupation,specialist,higher,4,2025-01-01,true,bg_ncop_2114
bg_ncop_21206001,Актюер,21206001,occupation,specialist,higher,4,2025-01-01,true,bg_ncop_2120
bg_ncop_21206002,Аналитик изследване на операциите,21206002,occupation,specialist,higher,4,2025-01-01,true,bg_ncop_2120
bg_ncop_21206003,Математик,21206003,occupation,specialist,higher,4,2025-01-01,true,bg_ncop_2120
bg_ncop_21206004,Биометрик,21206004,occupation,specialist,higher,4,2025-01-01,true,bg_ncop_2120
bg_ncop_21206005,Демограф,21206005,occupation,specialist,higher,4,2025-01-01,true,bg_ncop_2120
bg_ncop_21206006,Статистик,21206006,occupation,specialist,higher,4,2025-01-01,true,bg_ncop_2120
bg_ncop_21206007,Статистик икономическа статистика,21206007,occupation,specialist,higher,4,2025-01-01,true,bg_ncop_2120
bg_ncop_21206008,Статистик математическа статистика,21206008,occupation,specialist,higher,4,2025-01-01,true,bg_ncop_2120
bg_ncop_21316001,Бактериолог,21316001,occupation,specialist,higher,4,2025-01-01,true,bg_ncop_2131
bg_ncop_21316002,Бактериолог селско стопанство,21316002,occupation,specialist,higher,4,2025-01-01,true,bg_ncop_2131
bg_ncop_21316003,Бактериолог риболов,21316003,occupation,specialist,higher,4,2025-01-01,true,bg_ncop_2131
bg_ncop_21316004,Бактериолог почви,21316004,occupation,specialist,higher,4,2025-01-01,true,bg_ncop_2131
bg_ncop_21316005,Бактериолог производствен,21316005,occupation,specialist,higher,4,2025-01-01,true,bg_ncop_2131
bg_ncop_21316006,Биолог,21316006,occupation,specialist,higher,4,2025-01-01,true,bg_ncop_2131
bg_ncop_21316007,Биолог морски,21316007,occupation,specialist,higher,4,2025-01-01,true,bg_ncop_2131
bg_ncop_21316008,Биолог питейна вода,21316008,occupation,specialist,higher,4,2025-01-01,true,bg_ncop_2131
bg_ncop_21316009,Ботаник,21316009,occupation,specialist,higher,4,2025-01-01,true,bg_ncop_2131
bg_ncop_21316010,Ботаник еколог,21316010,occupation,specialist,higher,4,2025-01-01,true,bg_ncop_2131
bg_ncop_21316011,Ботаник микролог,21316011,occupation,specialist,higher,4,2025-01-01,true,bg_ncop_2131
bg_ncop_21316012,Ботаник почва,21316012,occupation,specialist,higher,4,2025-01-01,true,bg_ncop_2131
bg_ncop_21316013,Ботаник таксономист,21316013,occupation,specialist,higher,4,2025-01-01,true,bg_ncop_2131
bg_ncop_21316014,Ботаник хистолог,21316014,occupation,specialist,higher,4,2025-01-01,true,bg_ncop_2131
bg_ncop_21316015,Генетик растения,21316015,occupation,specialist,higher,4,2025-01-01,true,bg_ncop_2131
bg_ncop_21316016,Биолог ембриология,21316016,occupation,specialist,higher,4,2025-01-01,true,bg_ncop_2131
bg_ncop_21316017,Ентомолог,21316017,occupation,specialist,higher,4,2025-01-01,true,bg_ncop_2131
bg_ncop_21316018,Зоолог,21316018,occupation,specialist,higher,4,2025-01-01,true,bg_ncop_2131
bg_ncop_21316019,Ихтиолог,21316019,occupation,specialist,higher,4,2025-01-01,true,bg_ncop_2131
bg_ncop_21316020,Миколог,21316020,occupation,specialist,higher,4,2025-01-01,true,bg_ncop_2131
bg_ncop_21316021,Орнитолог,21316021,occupation,specialist,higher,4,2025-01-01,true,bg_ncop_2131
bg_ncop_21316022,Риболог,21316022,occupation,specialist,higher,4,2025-01-01,true,bg_ncop_2131
bg_ncop_21316023,Таксономист,21316023,occupation,specialist,higher,4,2025-01-01,true,bg_ncop_2131
bg_ncop_21316024,Фитолог,21316024,occupation,specialist,higher,4,2025-01-01,true,bg_ncop_2131
bg_ncop_21316025,Хидробиолог,21316025,occupation,specialist,higher,4,2025-01-01,true,bg_ncop_2131
bg_ncop_21316026,Хистолог растения,21316026,occupation,specialist,higher,4,2025-01-01,true,bg_ncop_2131
bg_ncop_21316027,Цитолог растения,21316027,occupation,specialist,higher,4,2025-01-01,true,bg_ncop_2131
bg_ncop_21317028,Биолог молекулярен,21317028,occupation,specialist,higher,4,2025-01-01,true,bg_ncop_2131
bg_ncop_21317029,Биолог генетик,21317029,occupation,specialist,higher,4,2025-01-01,true,bg_ncop_2131
bg_ncop_21317030,Генетик животни,21317030,occupation,specialist,higher,4,2025-01-01,true,bg_ncop_2131
bg_ncop_21317031,Инженер генетик,21317031,occupation,specialist,higher,4,2025-01-01,true,bg_ncop_2131
bg_ncop_21317032,Биолог паразитология,21317032,occupation,specialist,higher,4,2025-01-01,true,bg_ncop_2131
bg_ncop_21317033,Хистолог животни,21317033,occupation,specialist,higher,4,2025-01-01,true,bg_ncop_2131
bg_ncop_21317034,Цитолог животни,21317034,occupation,specialist,higher,4,2025-01-01,true,bg_ncop_2131
bg_ncop_21315035,Специалист по мониторинг на клинични изпитвания,21315035,occupation,specialist,higher,4,2025-01-01,true,bg_ncop_2131
bg_ncop_21316036,Биофизик,21316036,occupation,specialist,higher,4,2025-01-01,true,bg_ncop_2131
bg_ncop_21316037,Биохимик,21316037,occupation,specialist,higher,4,2025-01-01,true,bg_ncop_2131
bg_ncop_21316038,Патолог растения,21316038,occupation,specialist,higher,4,2025-01-01,true,bg_ncop_2131
bg_ncop_21316039,Физиолог,21316039,occupation,specialist,higher,4,2025-01-01,true,bg_ncop_2131
bg_ncop_21316040,Физиолог растения,21316040,occupation,specialist,higher,4,2025-01-01,true,bg_ncop_2131
bg_ncop_21316041,Биолог фармакология,21316041,occupation,specialist,higher,4,2025-01-01,true,bg_ncop_2131
bg_ncop_21316042,Фармаколог токсикология,21316042,occupation,specialist,higher,4,2025-01-01,true,bg_ncop_2131
bg_ncop_21316043,Биолог биохимия,21316043,occupation,specialist,higher,4,2025-01-01,true,bg_ncop_2131
bg_ncop_21316044,Биолог биофизика,21316044,occupation,specialist,higher,4,2025-01-01,true,bg_ncop_2131
bg_ncop_21316045,Биолог вирусология,21316045,occupation,specialist,higher,4,2025-01-01,true,bg_ncop_2131
bg_ncop_21316046,Биолог клинична химия,21316046,occupation,specialist,higher,4,2025-01-01,true,bg_ncop_2131
bg_ncop_21316047,Биолог лабораторна имунология,21316047,occupation,specialist,higher,4,2025-01-01,true,bg_ncop_2131
bg_ncop_21316048,Биолог лечебни растения и билково дело,21316048,occupation,specialist,higher,4,2025-01-01,true,bg_ncop_2131
bg_ncop_21316049,Биолог медицинска зоология,21316049,occupation,specialist,higher,4,2025-01-01,true,bg_ncop_2131
bg_ncop_21316050,Биолог микробиология,21316050,occupation,specialist,higher,4,2025-01-01,true,bg_ncop_2131
bg_ncop_21316051,Биолог радиационна хигиена,21316051,occupation,specialist,higher,4,2025-01-01,true,bg_ncop_2131
bg_ncop_21316052,Биолог радиобиология,21316052,occupation,specialist,higher,4,2025-01-01,true,bg_ncop_2131
bg_ncop_21316053,Биолог токсикология,21316053,occupation,specialist,higher,4,2025-01-01,true,bg_ncop_2131
bg_ncop_21316054,Биолог организация и икономика на фармацевтичното производство,21316054,occupation,specialist,higher,4,2025-01-01,true,bg_ncop_2131
bg_ncop_21316055,Биолог анатомия хистология и цитология,21316055,occupation,specialist,higher,4,2025-01-01,true,bg_ncop_2131
bg_ncop_21316056,Биолог медицинска биология,21316056,occupation,specialist,higher,4,2025-01-01,true,bg_ncop_2131
bg_ncop_21326001,Лесоинженер,21326001,occupation,specialist,higher,4,2025-01-01,true,bg_ncop_2132
bg_ncop_21326002,Агроном,21326002,occupation,specialist,higher,4,2025-01-01,true,bg_ncop_2132
bg_ncop_21326003,Агроном агроекология,21326003,occupation,specialist,higher,4,2025-01-01,true,bg_ncop_2132
bg_ncop_21326004,Агроном агрохимия и почвознание,21326004,occupation,specialist,higher,4,2025-01-01,true,bg_ncop_2132
bg_ncop_21326005,Агроном лозарство градинарство и овощарство,21326005,occupation,specialist,higher,4,2025-01-01,true,bg_ncop_2132
bg_ncop_21326006,Агроном полевъдство,21326006,occupation,specialist,higher,4,2025-01-01,true,bg_ncop_2132
bg_ncop_21326007,Агроном поливно земеделие и борба с ерозията,21326007,occupation,specialist,higher,4,2025-01-01,true,bg_ncop_2132
bg_ncop_21326008,Агроном растителна защита,21326008,occupation,specialist,higher,4,2025-01-01,true,bg_ncop_2132
bg_ncop_21326009,Агроном селекция и семепроизводство,21326009,occupation,specialist,higher,4,2025-01-01,true,bg_ncop_2132
bg_ncop_21326010,Агроном технически култури,21326010,occupation,specialist,higher,4,2025-01-01,true,bg_ncop_2132
bg_ncop_21326011,Агроном тропическо земеделие,21326011,occupation,specialist,higher,4,2025-01-01,true,bg_ncop_2132
bg_ncop_21326012,Агроном цветопроизводство,21326012,occupation,specialist,higher,4,2025-01-01,true,bg_ncop_2132
bg_ncop_21326013,Зооинженер (зоотехник),21326013,occupation,specialist,higher,4,2025-01-01,true,bg_ncop_2132
bg_ncop_21326014,Лесничей,21326014,occupation,specialist,higher,4,2025-01-01,true,bg_ncop_2132
bg_ncop_21326015,Озеленител,21326015,occupation,specialist,higher,4,2025-01-01,true,bg_ncop_2132
bg_ncop_21326016,Помолог,21326016,occupation,specialist,higher,4,2025-01-01,true,bg_ncop_2132
bg_ncop_21325017,Специалист ловно стопанство,21325017,occupation,specialist,higher,4,2025-01-01,true,bg_ncop_2132
bg_ncop_21336001,Еколог,21336001,occupation,specialist,higher,4,2025-01-01,true,bg_ncop_2133
bg_ncop_21336002,Анализатор замърсяване на въздуха,21336002,occupation,specialist,higher,4,2025-01-01,true,bg_ncop_2133
bg_ncop_21336003,Експерт консервация на околната среда,21336003,occupation,specialist,higher,4,2025-01-01,true,bg_ncop_2133
bg_ncop_21336004,Консултант екология,21336004,occupation,specialist,higher,4,2025-01-01,true,bg_ncop_2133
bg_ncop_21336005,Съветник екология,21336005,occupation,specialist,higher,4,2025-01-01,true,bg_ncop_2133
bg_ncop_21336006,Одитор екология,21336006,occupation,specialist,higher,4,2025-01-01,true,bg_ncop_2133
bg_ncop_21336007,Изследовател екология,21336007,occupation,specialist,higher,4,2025-01-01,true,bg_ncop_2133
bg_ncop_21336008,Научен работник екология,21336008,occupation,specialist,higher,4,2025-01-01,true,bg_ncop_2133
bg_ncop_21336009,Анализатор качество на водата,21336009,occupation,specialist,higher,4,2025-01-01,true,bg_ncop_2133
bg_ncop_21416001,Инженер производство,21416001,occupation,specialist,higher,4,2025-01-01,true,bg_ncop_2141
bg_ncop_21416002,Инженер производствена ефективност,21416002,occupation,specialist,higher,4,2025-01-01,true,bg_ncop_2141
bg_ncop_21416003,Инженер производствено планиране прогнозиране и развитие,21416003,occupation,specialist,higher,4,2025-01-01,true,bg_ncop_2141
bg_ncop_21416004,Инженер-технолог опаковане на продукция,21416004,occupation,specialist,higher,4,2025-01-01,true,bg_ncop_2141
bg_ncop_21417005,Ръководител производствени  технологии,21417005,occupation,specialist,higher,4,2025-01-01,true,bg_ncop_2141
bg_ncop_21417006,Инженер координатор по заваряване,21417006,occupation,specialist,higher,4,2025-01-01,true,bg_ncop_2141
bg_ncop_21426001,Инженер хидролог,21426001,occupation,specialist,higher,4,2025-01-01,true,bg_ncop_2142
bg_ncop_21426002,Инженер водоснабдяване и канализация,21426002,occupation,specialist,higher,4,2025-01-01,true,bg_ncop_2142
bg_ncop_21426003,Инженер железопътно строителство,21426003,occupation,specialist,higher,4,2025-01-01,true,bg_ncop_2142
bg_ncop_21426004,Инженер инвеститорски контрол,21426004,occupation,specialist,higher,4,2025-01-01,true,bg_ncop_2142
bg_ncop_21426005,Инженер иригации,21426005,occupation,specialist,higher,4,2025-01-01,true,bg_ncop_2142
bg_ncop_21426006,Инженер конструктор в строителството,21426006,occupation,specialist,higher,4,2025-01-01,true,bg_ncop_2142
bg_ncop_21426007,Инженер мостово строителство,21426007,occupation,specialist,higher,4,2025-01-01,true,bg_ncop_2142
bg_ncop_21426008,Инженер пристанищно строителство,21426008,occupation,specialist,higher,4,2025-01-01,true,bg_ncop_2142
bg_ncop_21426009,Инженер строителство на сгради и съоръжения,21426009,occupation,specialist,higher,4,2025-01-01,true,bg_ncop_2142
bg_ncop_21426010,Инженер пътно строителство,21426010,occupation,specialist,higher,4,2025-01-01,true,bg_ncop_2142
bg_ncop_21426011,Инженер санитарно строителство,21426011,occupation,specialist,higher,4,2025-01-01,true,bg_ncop_2142
bg_ncop_21426012,Инженер строителен,21426012,occupation,specialist,higher,4,2025-01-01,true,bg_ncop_2142
bg_ncop_21426013,Инженер строителни конструкции,21426013,occupation,specialist,higher,4,2025-01-01,true,bg_ncop_2142
bg_ncop_21426014,Инженер строителство във вода,21426014,occupation,specialist,higher,4,2025-01-01,true,bg_ncop_2142
bg_ncop_21426015,Инженер строителство на комини,21426015,occupation,specialist,higher,4,2025-01-01,true,bg_ncop_2142
bg_ncop_21426016,Инженер строителство на куполи и кули,21426016,occupation,specialist,higher,4,2025-01-01,true,bg_ncop_2142
bg_ncop_21426017,Инженер технолог в строителството,21426017,occupation,specialist,higher,4,2025-01-01,true,bg_ncop_2142
bg_ncop_21426018,Инженер-технолог производство на стоманобетонови конструкции,21426018,occupation,specialist,higher,4,2025-01-01,true,bg_ncop_2142
bg_ncop_21426019,Инженер тунелно строителство,21426019,occupation,specialist,higher,4,2025-01-01,true,bg_ncop_2142
bg_ncop_21426020,Инженер хидроенергийно строителство,21426020,occupation,specialist,higher,4,2025-01-01,true,bg_ncop_2142
bg_ncop_21426021,Инженер хидромелиоративно строителство,21426021,occupation,specialist,higher,4,2025-01-01,true,bg_ncop_2142
bg_ncop_21426022,Инженер проектант,21426022,occupation,specialist,higher,4,2025-01-01,true,bg_ncop_2142
bg_ncop_21426023,Инженер сграден фонд,21426023,occupation,specialist,higher,4,2025-01-01,true,bg_ncop_2142
bg_ncop_21426024,Фасаден инженер,21426024,occupation,specialist,higher,4,2025-01-01,true,bg_ncop_2142
bg_ncop_21436001,Инженер контрол по замърсяване на въздуха,21436001,occupation,specialist,higher,4,2025-01-01,true,bg_ncop_2143
bg_ncop_21436002,Инженер екология,21436002,occupation,specialist,higher,4,2025-01-01,true,bg_ncop_2143
bg_ncop_21436003,Инженер пречистване на води,21436003,occupation,specialist,higher,4,2025-01-01,true,bg_ncop_2143
bg_ncop_21436004,Специалист възстановяване на околната среда,21436004,occupation,specialist,higher,4,2025-01-01,true,bg_ncop_2143
bg_ncop_21447004,Ръководител на експлоатацията авиация,21447004,occupation,specialist,higher,4,2025-01-01,true,bg_ncop_2144
bg_ncop_21443005,Ръководител участък в метрополитен,21443005,occupation,specialist,higher,4,2025-01-01,true,bg_ncop_2144
bg_ncop_21443006,Ръководител сектор в метрополитен,21443006,occupation,specialist,higher,4,2025-01-01,true,bg_ncop_2144
bg_ncop_21447007,Ръководител участък транспорт,21447007,occupation,specialist,higher,4,2025-01-01,true,bg_ncop_2144
bg_ncop_21447008,Ръководител на участък железопътен транспорт,21447008,occupation,specialist,higher,4,2025-01-01,true,bg_ncop_2144
bg_ncop_21445009,Началник служба в метрополитен,21445009,occupation,specialist,higher,4,2025-01-01,true,bg_ncop_2144
bg_ncop_21446010,Дизайнер на автомобили,21446010,occupation,specialist,higher,4,2025-01-01,true,bg_ncop_2144
bg_ncop_21446011,Дизайнер на самолети,21446011,occupation,specialist,higher,4,2025-01-01,true,bg_ncop_2144
bg_ncop_21446012,Инженер криогеник,21446012,occupation,specialist,higher,4,2025-01-01,true,bg_ncop_2144
bg_ncop_21446013,Инженер механик,21446013,occupation,specialist,higher,4,2025-01-01,true,bg_ncop_2144
bg_ncop_21446014,Инженер автоматизация на производството,21446014,occupation,specialist,higher,4,2025-01-01,true,bg_ncop_2144
bg_ncop_21446015,Инженер газови турбини,21446015,occupation,specialist,higher,4,2025-01-01,true,bg_ncop_2144
bg_ncop_21446016,Инженер двигатели с вътрешно горене (без дизелови),21446016,occupation,specialist,higher,4,2025-01-01,true,bg_ncop_2144
bg_ncop_21446017,Инженер дизелови двигатели,21446017,occupation,specialist,higher,4,2025-01-01,true,bg_ncop_2144
bg_ncop_21446018,Инженер контролно-измервателни прибори и апаратура,21446018,occupation,specialist,higher,4,2025-01-01,true,bg_ncop_2144
bg_ncop_21446019,Инженер самолетостроене,21446019,occupation,specialist,higher,4,2025-01-01,true,bg_ncop_2144
bg_ncop_21446020,Инженер водни турбини,21446020,occupation,specialist,higher,4,2025-01-01,true,bg_ncop_2144
bg_ncop_21446021,Инженер индустриални машини и системи,21446021,occupation,specialist,higher,4,2025-01-01,true,bg_ncop_2144
bg_ncop_21446022,Инженер инструментална екипировка,21446022,occupation,specialist,higher,4,2025-01-01,true,bg_ncop_2144
bg_ncop_21446023,Инженер климатични инсталации,21446023,occupation,specialist,higher,4,2025-01-01,true,bg_ncop_2144
bg_ncop_21446024,Експерт климатични и механични системи,21446024,occupation,specialist,higher,4,2025-01-01,true,bg_ncop_2144
bg_ncop_21446025,Инженер корабни двигатели,21446025,occupation,specialist,higher,4,2025-01-01,true,bg_ncop_2144
bg_ncop_21446026,Инженер корабни машини и механизми,21446026,occupation,specialist,higher,4,2025-01-01,true,bg_ncop_2144
bg_ncop_21446027,Инженер корабостроене и кораборемонт,21446027,occupation,specialist,higher,4,2025-01-01,true,bg_ncop_2144
bg_ncop_21446028,Инженер локомотивни двигатели,21446028,occupation,specialist,higher,4,2025-01-01,true,bg_ncop_2144
bg_ncop_21446029,Инженер минни машини,21446029,occupation,specialist,higher,4,2025-01-01,true,bg_ncop_2144
bg_ncop_21446030,Инженер отоплителни вентилационни и охладителни системи,21446030,occupation,specialist,higher,4,2025-01-01,true,bg_ncop_2144
bg_ncop_21446031,Инженер парни и водогрейни котли,21446031,occupation,specialist,higher,4,2025-01-01,true,bg_ncop_2144
bg_ncop_21446032,Инженер парни турбини,21446032,occupation,specialist,higher,4,2025-01-01,true,bg_ncop_2144
bg_ncop_21446033,Инженер руднична вентилация и аеродинамика,21446033,occupation,specialist,higher,4,2025-01-01,true,bg_ncop_2144
bg_ncop_21446034,Инженер самолетни двигатели,21446034,occupation,specialist,higher,4,2025-01-01,true,bg_ncop_2144
bg_ncop_21446035,Инженер селскостопанско машиностроене,21446035,occupation,specialist,higher,4,2025-01-01,true,bg_ncop_2144
bg_ncop_21446036,Инженер смазочни системи,21446036,occupation,specialist,higher,4,2025-01-01,true,bg_ncop_2144
bg_ncop_21446037,Инженер сондажни машини,21446037,occupation,specialist,higher,4,2025-01-01,true,bg_ncop_2144
bg_ncop_21446038,Инженер хидравлични и пневматични машини,21446038,occupation,specialist,higher,4,2025-01-01,true,bg_ncop_2144
bg_ncop_21446039,Инженер топлоенергетика,21446039,occupation,specialist,higher,4,2025-01-01,true,bg_ncop_2144
bg_ncop_21446040,Инженер газопреносна газоразпределителна мрежа,21446040,occupation,specialist,higher,4,2025-01-01,true,bg_ncop_2144
bg_ncop_21446041,Инженер поддръжка,21446041,occupation,specialist,higher,4,2025-01-01,true,bg_ncop_2144
bg_ncop_21446042,Инженер конструктор,21446042,occupation,specialist,higher,4,2025-01-01,true,bg_ncop_2144
bg_ncop_21446043,Инженер по авиационно материално техническо снабдяване,21446043,occupation,specialist,higher,4,2025-01-01,true,bg_ncop_2144
bg_ncop_21446044,Инженер механобезопасност и технически надзор,21446044,occupation,specialist,higher,4,2025-01-01,true,bg_ncop_2144
bg_ncop_21446045,Инженер железопътен транспорт,21446045,occupation,specialist,higher,4,2025-01-01,true,bg_ncop_2144
bg_ncop_21446046,Конструктор на плавателни съдове,21446046,occupation,specialist,higher,4,2025-01-01,true,bg_ncop_2144
bg_ncop_21446047,Експерт по корабоплаване,21446047,occupation,specialist,higher,4,2025-01-01,true,bg_ncop_2144
bg_ncop_21446048,Авиоинженер,21446048,occupation,specialist,higher,4,2025-01-01,true,bg_ncop_2144
bg_ncop_21446049,Машинен инженер,21446049,occupation,specialist,higher,4,2025-01-01,true,bg_ncop_2144
bg_ncop_21446050,Инженер поддръжка асансьорна техника,21446050,occupation,specialist,higher,4,2025-01-01,true,bg_ncop_2144
bg_ncop_21446051,Технолог координатор по заваряване,21446051,occupation,specialist,higher,4,2025-01-01,true,bg_ncop_2144
bg_ncop_21445052,Мениджър недвижима собственост,21445052,occupation,specialist,higher,4,2025-01-01,true,bg_ncop_2144
bg_ncop_21456001,Инженер химик,21456001,occupation,specialist,higher,4,2025-01-01,true,bg_ncop_2145
bg_ncop_21456002,Инженер химик (нефт и природен газ),21456002,occupation,specialist,higher,4,2025-01-01,true,bg_ncop_2145
bg_ncop_21456003,Инженер химик в производство и разпределение на природен газ,21456003,occupation,specialist,higher,4,2025-01-01,true,bg_ncop_2145
bg_ncop_21456004,Инженер обработка на светлочувствителни материали,21456004,occupation,specialist,higher,4,2025-01-01,true,bg_ncop_2145
bg_ncop_21456005,Инженер очистване на вода,21456005,occupation,specialist,higher,4,2025-01-01,true,bg_ncop_2145
bg_ncop_21456006,Инженер технология на боите и лаковете,21456006,occupation,specialist,higher,4,2025-01-01,true,bg_ncop_2145
bg_ncop_21456007,Инженер технология на горивата,21456007,occupation,specialist,higher,4,2025-01-01,true,bg_ncop_2145
bg_ncop_21456008,Инженер технология на изкуствените влакна,21456008,occupation,specialist,higher,4,2025-01-01,true,bg_ncop_2145
bg_ncop_21456009,Инженер технология на каучука и каучуковите изделия,21456009,occupation,specialist,higher,4,2025-01-01,true,bg_ncop_2145
bg_ncop_21456010,Инженер технология на органичния синтез и полимерите,21456010,occupation,specialist,higher,4,2025-01-01,true,bg_ncop_2145
bg_ncop_21456011,Инженер технология на пластмасите,21456011,occupation,specialist,higher,4,2025-01-01,true,bg_ncop_2145
bg_ncop_21456012,Инженер технология на целулозното и хартиеното производство,21456012,occupation,specialist,higher,4,2025-01-01,true,bg_ncop_2145
bg_ncop_21456013,Инженер химически процеси,21456013,occupation,specialist,higher,4,2025-01-01,true,bg_ncop_2145
bg_ncop_21456014,Инженер химически процеси в хранително-вкусовата промишленост,21456014,occupation,specialist,higher,4,2025-01-01,true,bg_ncop_2145
bg_ncop_21456015,Инженер-химик организация и икономика на фармацевтичното производство,21456015,occupation,specialist,higher,4,2025-01-01,true,bg_ncop_2145
bg_ncop_21466001,Аналитик металургични процеси,21466001,occupation,specialist,higher,4,2025-01-01,true,bg_ncop_2146
bg_ncop_21466002,Инженер маркшайдер,21466002,occupation,specialist,higher,4,2025-01-01,true,bg_ncop_2146
bg_ncop_21466003,Инженер металург,21466003,occupation,specialist,higher,4,2025-01-01,true,bg_ncop_2146
bg_ncop_21466004,Инженер металург (добив на цветни и редки метали),21466004,occupation,specialist,higher,4,2025-01-01,true,bg_ncop_2146
bg_ncop_21466005,Инженер металург (добив на черни метали),21466005,occupation,specialist,higher,4,2025-01-01,true,bg_ncop_2146
bg_ncop_21466006,Инженер металург (радиоактивни материали),21466006,occupation,specialist,higher,4,2025-01-01,true,bg_ncop_2146
bg_ncop_21466007,Инженер металург (технология на леенето),21466007,occupation,specialist,higher,4,2025-01-01,true,bg_ncop_2146
bg_ncop_21466008,Инженер минен,21466008,occupation,specialist,higher,4,2025-01-01,true,bg_ncop_2146
bg_ncop_21466009,Инженер минен диспечер,21466009,occupation,specialist,higher,4,2025-01-01,true,bg_ncop_2146
bg_ncop_21466010,Инженер минен (добив на въглища),21466010,occupation,specialist,higher,4,2025-01-01,true,bg_ncop_2146
bg_ncop_21466011,Инженер минен (добив на метални руди),21466011,occupation,specialist,higher,4,2025-01-01,true,bg_ncop_2146
bg_ncop_21466012,Инженер минен (технология на минното производство),21466012,occupation,specialist,higher,4,2025-01-01,true,bg_ncop_2146
bg_ncop_21466013,Инженер минна електромеханика,21466013,occupation,specialist,higher,4,2025-01-01,true,bg_ncop_2146
bg_ncop_21466014,Инженер минно строителство,21466014,occupation,specialist,higher,4,2025-01-01,true,bg_ncop_2146
bg_ncop_21466015,Инженер обогатяване и брикетиране на въглища,21466015,occupation,specialist,higher,4,2025-01-01,true,bg_ncop_2146
bg_ncop_21466016,Инженер обогатяване на полезни изкопаеми,21466016,occupation,specialist,higher,4,2025-01-01,true,bg_ncop_2146
bg_ncop_21466017,Инженер разработване и експлоатация на находища на нефт и природен газ,21466017,occupation,specialist,higher,4,2025-01-01,true,bg_ncop_2146
bg_ncop_21466018,Инженер минен проектант,21466018,occupation,specialist,higher,4,2025-01-01,true,bg_ncop_2146
bg_ncop_21496001,Аналитик комуникации (без компютърни),21496001,occupation,specialist,higher,4,2025-01-01,true,bg_ncop_2149
bg_ncop_21496002,Аналитик системи (без компютърни),21496002,occupation,specialist,higher,4,2025-01-01,true,bg_ncop_2149
bg_ncop_21496003,Дизайнер системи (без компютърни),21496003,occupation,specialist,higher,4,2025-01-01,true,bg_ncop_2149
bg_ncop_21496004,Звукоинженер,21496004,occupation,specialist,higher,4,2025-01-01,true,bg_ncop_2149
bg_ncop_21496005,Стандартизатор,21496005,occupation,specialist,higher,4,2025-01-01,true,bg_ncop_2149
bg_ncop_21496006,Специалист металограф,21496006,occupation,specialist,higher,4,2025-01-01,true,bg_ncop_2149
bg_ncop_21496007,Технолог по безразрушителен контрол,21496007,occupation,specialist,higher,4,2025-01-01,true,bg_ncop_2149
bg_ncop_21496008,Технолог вибродиагностика,21496008,occupation,specialist,higher,4,2025-01-01,true,bg_ncop_2149
bg_ncop_21496009,Инженер техническа безопасност,21496009,occupation,specialist,higher,4,2025-01-01,true,bg_ncop_2149
bg_ncop_21496010,Инженер изследване на труда,21496010,occupation,specialist,higher,4,2025-01-01,true,bg_ncop_2149
bg_ncop_21496011,Инженер оценяване и остойностяване на обекти и други,21496011,occupation,specialist,higher,4,2025-01-01,true,bg_ncop_2149
bg_ncop_21496012,Инженер патентен,21496012,occupation,specialist,higher,4,2025-01-01,true,bg_ncop_2149
bg_ncop_21496013,Инженер системи (без компютърни),21496013,occupation,specialist,higher,4,2025-01-01,true,bg_ncop_2149
bg_ncop_21496014,Инженер-инспектор балнеотехнически съоръжения,21496014,occupation,specialist,higher,4,2025-01-01,true,bg_ncop_2149
bg_ncop_21496015,Инженер (инструктор) по специално въоръжение и техника,21496015,occupation,specialist,higher,4,2025-01-01,true,bg_ncop_2149
bg_ncop_21496016,Инженер дефектоскопист,21496016,occupation,specialist,higher,4,2025-01-01,true,bg_ncop_2149
bg_ncop_21496017,Инженер вибродиагностика,21496017,occupation,specialist,higher,4,2025-01-01,true,bg_ncop_2149
bg_ncop_21496018,Инженер дефектоскопист по съдове с повишена опасност,21496018,occupation,specialist,higher,4,2025-01-01,true,bg_ncop_2149
bg_ncop_21496019,Инженер-технолог дървообработване,21496019,occupation,specialist,higher,4,2025-01-01,true,bg_ncop_2149
bg_ncop_21496020,Инженер-технолог керамично производство,21496020,occupation,specialist,higher,4,2025-01-01,true,bg_ncop_2149
bg_ncop_21496021,Инженер-технолог кожарско и обувно производство,21496021,occupation,specialist,higher,4,2025-01-01,true,bg_ncop_2149
bg_ncop_21496022,Инженер-технолог полиграфическо производство,21496022,occupation,specialist,higher,4,2025-01-01,true,bg_ncop_2149
bg_ncop_21496023,Инженер-технолог стъклопроизводство,21496023,occupation,specialist,higher,4,2025-01-01,true,bg_ncop_2149
bg_ncop_21496024,Инженер-технолог текстилно производство,21496024,occupation,specialist,higher,4,2025-01-01,true,bg_ncop_2149
bg_ncop_21496025,Инженер-технолог хранително-вкусова промишленост,21496025,occupation,specialist,higher,4,2025-01-01,true,bg_ncop_2149
bg_ncop_21496026,Инженер-технолог циментово производство,21496026,occupation,specialist,higher,4,2025-01-01,true,bg_ncop_2149
bg_ncop_21496027,Инженер-технолог шивашко производство,21496027,occupation,specialist,higher,4,2025-01-01,true,bg_ncop_2149
bg_ncop_21496028,Инженер-технолог електротехнически изделия,21496028,occupation,specialist,higher,4,2025-01-01,true,bg_ncop_2149
bg_ncop_21496029,Инженер медицинска радиологична физика,21496029,occupation,specialist,higher,4,2025-01-01,true,bg_ncop_2149
bg_ncop_21496030,Инженер медицинска санитарна физика,21496030,occupation,specialist,higher,4,2025-01-01,true,bg_ncop_2149
bg_ncop_21496031,Инженер санитарно инженерство,21496031,occupation,specialist,higher,4,2025-01-01,true,bg_ncop_2149
bg_ncop_21496032,Инженер машини и апарати за производство на ядрена енергия,21496032,occupation,specialist,higher,4,2025-01-01,true,bg_ncop_2149
bg_ncop_21496033,Инженер ядрена енергетика,21496033,occupation,specialist,higher,4,2025-01-01,true,bg_ncop_2149
bg_ncop_21496034,Инженер оптика,21496034,occupation,specialist,higher,4,2025-01-01,true,bg_ncop_2149
bg_ncop_21496035,Инженер генериране на електроенергия (водно електрическа централа),21496035,occupation,specialist,higher,4,2025-01-01,true,bg_ncop_2149
bg_ncop_21496036,Експерт управление на въздушното движение,21496036,occupation,specialist,higher,4,2025-01-01,true,bg_ncop_2149
bg_ncop_21495037,Експерт аеронавигационно информационно обслужване,21495037,occupation,specialist,higher,4,2025-01-01,true,bg_ncop_2149
bg_ncop_21495038,Експерт авиационна безопасност,21495038,occupation,specialist,higher,4,2025-01-01,true,bg_ncop_2149
bg_ncop_21496039,Инеженер клиентска поддръжка,21496039,occupation,specialist,higher,4,2025-01-01,true,bg_ncop_2149
bg_ncop_21496040,Инженер качество,21496040,occupation,specialist,higher,4,2025-01-01,true,bg_ncop_2149
bg_ncop_21496041,Риск инженер,21496041,occupation,specialist,higher,4,2025-01-01,true,bg_ncop_2149
bg_ncop_21516001,Инженер автоматизация,21516001,occupation,specialist,higher,4,2025-01-01,true,bg_ncop_2151
bg_ncop_21516002,Инженер енергетик,21516002,occupation,specialist,higher,4,2025-01-01,true,bg_ncop_2151
bg_ncop_21516003,Инженер генериране на електроенергия (атомна електроцентрала),21516003,occupation,specialist,higher,4,2025-01-01,true,bg_ncop_2151
bg_ncop_21516004,Инженер генериране на електроенергия (топло електрическа централа),21516004,occupation,specialist,higher,4,2025-01-01,true,bg_ncop_2151
bg_ncop_21516005,Инженер генериране на електроенергия (алтернативни източници),21516005,occupation,specialist,higher,4,2025-01-01,true,bg_ncop_2151
bg_ncop_21516006,Инженер електрически илюминации и ефекти,21516006,occupation,specialist,higher,4,2025-01-01,true,bg_ncop_2151
bg_ncop_21516007,Инженер електрически контактни мрежи,21516007,occupation,specialist,higher,4,2025-01-01,true,bg_ncop_2151
bg_ncop_21516008,Инженер електрически машини и апарати,21516008,occupation,specialist,higher,4,2025-01-01,true,bg_ncop_2151
bg_ncop_21516009,Инженер електрически подсистеми,21516009,occupation,specialist,higher,4,2025-01-01,true,bg_ncop_2151
bg_ncop_21516010,Инженер електромеханично оборудване,21516010,occupation,specialist,higher,4,2025-01-01,true,bg_ncop_2151
bg_ncop_21516011,Инженер електрообзавеждане,21516011,occupation,specialist,higher,4,2025-01-01,true,bg_ncop_2151
bg_ncop_21516012,Инженер енергиен диспечер,21516012,occupation,specialist,higher,4,2025-01-01,true,bg_ncop_2151
bg_ncop_21516013,Инженер осветителна техника,21516013,occupation,specialist,higher,4,2025-01-01,true,bg_ncop_2151
bg_ncop_21516014,Инженер пренос на електроенергия,21516014,occupation,specialist,higher,4,2025-01-01,true,bg_ncop_2151
bg_ncop_21516015,Инженер разпределение на електроенергия,21516015,occupation,specialist,higher,4,2025-01-01,true,bg_ncop_2151
bg_ncop_21516016,Инженер релейна защита,21516016,occupation,specialist,higher,4,2025-01-01,true,bg_ncop_2151
bg_ncop_21516017,Инженер електрически контрол,21516017,occupation,specialist,higher,4,2025-01-01,true,bg_ncop_2151
bg_ncop_21516018,Инженер осигурителна техника,21516018,occupation,specialist,higher,4,2025-01-01,true,bg_ncop_2151
bg_ncop_21516019,Инженер електробезопасност,21516019,occupation,specialist,higher,4,2025-01-01,true,bg_ncop_2151
bg_ncop_21515020,Началник газова парова централа,21515020,occupation,specialist,higher,4,2025-01-01,true,bg_ncop_2151
bg_ncop_21515021,Авиоинженер електро и приборно оборудване,21515021,occupation,specialist,higher,4,2025-01-01,true,bg_ncop_2151
bg_ncop_21515022,Авиоинженер енергетик,21515022,occupation,specialist,higher,4,2025-01-01,true,bg_ncop_2151
bg_ncop_21526001,Инженер хардуер,21526001,occupation,specialist,higher,4,2025-01-01,true,bg_ncop_2152
bg_ncop_21526002,Инженер електронно-технически архив,21526002,occupation,specialist,higher,4,2025-01-01,true,bg_ncop_2152
bg_ncop_21526003,Инженер електроник (полупроводникова техника),21526003,occupation,specialist,higher,4,2025-01-01,true,bg_ncop_2152
bg_ncop_21526004,Инженер електроник,21526004,occupation,specialist,higher,4,2025-01-01,true,bg_ncop_2152
bg_ncop_21526005,Инженер електроник (компютърен дизайн),21526005,occupation,specialist,higher,4,2025-01-01,true,bg_ncop_2152
bg_ncop_21526006,Инженер електронни инструменти и прибори,21526006,occupation,specialist,higher,4,2025-01-01,true,bg_ncop_2152
bg_ncop_21526007,Инженер контролно-измервателни прибори и автоматика,21526007,occupation,specialist,higher,4,2025-01-01,true,bg_ncop_2152
bg_ncop_21526008,Инженер космическа техника и апаратура,21526008,occupation,specialist,higher,4,2025-01-01,true,bg_ncop_2152
bg_ncop_21526009,Инженер самолетно оборудване,21526009,occupation,specialist,higher,4,2025-01-01,true,bg_ncop_2152
bg_ncop_21526010,Инженер самолетоводещи съоръжения,21526010,occupation,specialist,higher,4,2025-01-01,true,bg_ncop_2152
bg_ncop_21526011,Експерт системи въздушно обслужване,21526011,occupation,specialist,higher,4,2025-01-01,true,bg_ncop_2152
bg_ncop_21526012,Експерт навигация и метеорологична техника,21526012,occupation,specialist,higher,4,2025-01-01,true,bg_ncop_2152
bg_ncop_21526013,Експерт метеорологично осигуряване,21526013,occupation,specialist,higher,4,2025-01-01,true,bg_ncop_2152
bg_ncop_21526014,Инженер роботика,21526014,occupation,specialist,higher,4,2025-01-01,true,bg_ncop_2152
bg_ncop_21525015,Авиоинженер радиооборудване,21525015,occupation,specialist,higher,4,2025-01-01,true,bg_ncop_2152
bg_ncop_21525016,Експерт метрологично осигуряване,21525016,occupation,specialist,higher,4,2025-01-01,true,bg_ncop_2152
bg_ncop_21536001,"Началник група ""Експлоатация и поддържане в пощи и далекосъобщения""",21536001,occupation,specialist,higher,4,2025-01-01,true,bg_ncop_2153
bg_ncop_21536002,Инженер радиотелеграфист,21536002,occupation,specialist,higher,4,2025-01-01,true,bg_ncop_2153
bg_ncop_21536003,Инженер телекомуникация,21536003,occupation,specialist,higher,4,2025-01-01,true,bg_ncop_2153
bg_ncop_21536004,Инженер телекомуникация (космичен ),21536004,occupation,specialist,higher,4,2025-01-01,true,bg_ncop_2153
bg_ncop_21536005,Инженер телекомуникация (радарни системи ),21536005,occupation,specialist,higher,4,2025-01-01,true,bg_ncop_2153
bg_ncop_21536006,Инженер телекомуникация (радио),21536006,occupation,specialist,higher,4,2025-01-01,true,bg_ncop_2153
bg_ncop_21536007,Инженер телекомуникация (сигнални системи),21536007,occupation,specialist,higher,4,2025-01-01,true,bg_ncop_2153
bg_ncop_21536008,Инженер телекомуникация (телевизия ),21536008,occupation,specialist,higher,4,2025-01-01,true,bg_ncop_2153
bg_ncop_21536009,Инженер телекомуникация (телеграф),21536009,occupation,specialist,higher,4,2025-01-01,true,bg_ncop_2153
bg_ncop_21536010,Инженер телекомуникация (телефон),21536010,occupation,specialist,higher,4,2025-01-01,true,bg_ncop_2153
bg_ncop_21536011,Инженер ръководител екип радио и телевизия,21536011,occupation,specialist,higher,4,2025-01-01,true,bg_ncop_2153
bg_ncop_21536012,Инженер АРС на подвижен състав метрополитен,21536012,occupation,specialist,higher,4,2025-01-01,true,bg_ncop_2153
bg_ncop_21536013,Експерт телекомуникации и мрежи за данни,21536013,occupation,specialist,higher,4,2025-01-01,true,bg_ncop_2153
bg_ncop_21536014,Експерт комуникации,21536014,occupation,specialist,higher,4,2025-01-01,true,bg_ncop_2153
bg_ncop_21536015,Специалист телекомуникации и мрежи за данни,21536015,occupation,specialist,higher,4,2025-01-01,true,bg_ncop_2153
bg_ncop_21536016,Специалист маршрутизаторно оборудване,21536016,occupation,specialist,higher,4,2025-01-01,true,bg_ncop_2153
bg_ncop_21617001,Главен архитект,21617001,occupation,specialist,higher,4,2025-01-01,true,bg_ncop_2161
bg_ncop_21617002,Архитект,21617002,occupation,specialist,higher,4,2025-01-01,true,bg_ncop_2161
bg_ncop_21617003,Архитект интериор,21617003,occupation,specialist,higher,4,2025-01-01,true,bg_ncop_2161
bg_ncop_21627001,Ландшафтен архитект,21627001,occupation,specialist,higher,4,2025-01-01,true,bg_ncop_2162
bg_ncop_21636001,Дизайнер моден,21636001,occupation,specialist,higher,4,2025-01-01,true,bg_ncop_2163
bg_ncop_21636002,Моделиер,21636002,occupation,specialist,higher,4,2025-01-01,true,bg_ncop_2163
bg_ncop_21636003,Дизайнер сценични костюми,21636003,occupation,specialist,higher,4,2025-01-01,true,bg_ncop_2163
bg_ncop_21636004,Дизайнер бижута,21636004,occupation,specialist,higher,4,2025-01-01,true,bg_ncop_2163
bg_ncop_21636005,Промишлен дизайнер,21636005,occupation,specialist,higher,4,2025-01-01,true,bg_ncop_2163
bg_ncop_21646001,Урбанист,21646001,occupation,specialist,higher,4,2025-01-01,true,bg_ncop_2164
bg_ncop_21646002,Специалист пространствено и градско планиране,21646002,occupation,specialist,higher,4,2025-01-01,true,bg_ncop_2164
bg_ncop_21656001,Геодезист,21656001,occupation,specialist,higher,4,2025-01-01,true,bg_ncop_2165
bg_ncop_21656002,Земемер,21656002,occupation,specialist,higher,4,2025-01-01,true,bg_ncop_2165
bg_ncop_21656003,Земеустроител,21656003,occupation,specialist,higher,4,2025-01-01,true,bg_ncop_2165
bg_ncop_21656004,Специалист кадастър и регулация,21656004,occupation,specialist,higher,4,2025-01-01,true,bg_ncop_2165
bg_ncop_21656005,Картограф,21656005,occupation,specialist,higher,4,2025-01-01,true,bg_ncop_2165
bg_ncop_21656006,Топограф,21656006,occupation,specialist,higher,4,2025-01-01,true,bg_ncop_2165
bg_ncop_21656007,Фотограметрист,21656007,occupation,specialist,higher,4,2025-01-01,true,bg_ncop_2165
bg_ncop_21656008,Хидрограф,21656008,occupation,specialist,higher,4,2025-01-01,true,bg_ncop_2165
bg_ncop_21668001,Компютърен аниматор,21668001,occupation,specialist,higher,4,2025-01-01,true,bg_ncop_2166
bg_ncop_21668002,Художествен оформител,21668002,occupation,specialist,higher,4,2025-01-01,true,bg_ncop_2166
bg_ncop_21666003,Експерт предпечатна подготовка,21666003,occupation,specialist,higher,4,2025-01-01,true,bg_ncop_2166
bg_ncop_21666004,Специалист предпечатна подготовка,21666004,occupation,specialist,higher,4,2025-01-01,true,bg_ncop_2166
bg_ncop_21663005,Мултимедиен дизайнер,21663005,occupation,specialist,higher,4,2025-01-01,true,bg_ncop_2166
bg_ncop_21663006,Уеб дизайнер,21663006,occupation,specialist,higher,4,2025-01-01,true,bg_ncop_2166
bg_ncop_21663007,Илюстратор,21663007,occupation,specialist,higher,4,2025-01-01,true,bg_ncop_2166
bg_ncop_21663008,Графичен дизайнер,21663008,occupation,specialist,higher,4,2025-01-01,true,bg_ncop_2166
bg_ncop_21663009,Дизайнер печатни издания,21663009,occupation,specialist,higher,4,2025-01-01,true,bg_ncop_2166
bg_ncop_21663010,Специалист дигитални изкуства,21663010,occupation,specialist,higher,4,2025-01-01,true,bg_ncop_2166
bg_ncop_22117001,Лекар,22117001,occupation,specialist,higher,4,2025-01-01,true,bg_ncop_2211
bg_ncop_22117002,Лекар специализант по обща медицина,22117002,occupation,specialist,higher,4,2025-01-01,true,bg_ncop_2211
bg_ncop_22117003,Лекар обща медицина,22117003,occupation,specialist,higher,4,2025-01-01,true,bg_ncop_2211
bg_ncop_22117004,Лекар вътрешни болести,22117004,occupation,specialist,higher,4,2025-01-01,true,bg_ncop_2211
bg_ncop_22117005,Лекар педиатрия,22117005,occupation,specialist,higher,4,2025-01-01,true,bg_ncop_2211
bg_ncop_22117006,Лекар спешна медицина,22117006,occupation,specialist,higher,4,2025-01-01,true,bg_ncop_2211
bg_ncop_22127001,Лекар обща и клинична патология,22127001,occupation,specialist,higher,4,2025-01-01,true,bg_ncop_2212
bg_ncop_22127002,Лекар токсикология,22127002,occupation,specialist,higher,4,2025-01-01,true,bg_ncop_2212
bg_ncop_22127003,Лекар акушерство и гинекология,22127003,occupation,specialist,higher,4,2025-01-01,true,bg_ncop_2212
bg_ncop_22127004,Лекар клинична алергология,22127004,occupation,specialist,higher,4,2025-01-01,true,bg_ncop_2212
bg_ncop_22127005,Лекар анатомия хистология и цитология,22127005,occupation,specialist,higher,4,2025-01-01,true,bg_ncop_2212
bg_ncop_22127006,Лекар анестезиология и интензивно лечение,22127006,occupation,specialist,higher,4,2025-01-01,true,bg_ncop_2212
bg_ncop_22127007,Лекар биохимия,22127007,occupation,specialist,higher,4,2025-01-01,true,bg_ncop_2212
bg_ncop_22127008,Лекар вирусология,22127008,occupation,specialist,higher,4,2025-01-01,true,bg_ncop_2212
bg_ncop_22127009,Лекар гастроентерология,22127009,occupation,specialist,higher,4,2025-01-01,true,bg_ncop_2212
bg_ncop_22127010,Лекар медицинска генетика,22127010,occupation,specialist,higher,4,2025-01-01,true,bg_ncop_2212
bg_ncop_22127011,Лекар гериатрична медицина,22127011,occupation,specialist,higher,4,2025-01-01,true,bg_ncop_2212
bg_ncop_22127012,Лекар кожни и венерически болести,22127012,occupation,specialist,higher,4,2025-01-01,true,bg_ncop_2212
bg_ncop_22127013,Лекар ендокринология и болести на обмяната,22127013,occupation,specialist,higher,4,2025-01-01,true,bg_ncop_2212
bg_ncop_22127014,Лекар епидемиология на инфекциозните болести,22127014,occupation,specialist,higher,4,2025-01-01,true,bg_ncop_2212
bg_ncop_22127015,Лекар клинична имунология,22127015,occupation,specialist,higher,4,2025-01-01,true,bg_ncop_2212
bg_ncop_22127016,Лекар инфекциозни болести,22127016,occupation,specialist,higher,4,2025-01-01,true,bg_ncop_2212
bg_ncop_22127017,Лекар кардиология,22127017,occupation,specialist,higher,4,2025-01-01,true,bg_ncop_2212
bg_ncop_22127018,Лекар клинична лаборатория,22127018,occupation,specialist,higher,4,2025-01-01,true,bg_ncop_2212
bg_ncop_22127019,Лекар микробиология,22127019,occupation,specialist,higher,4,2025-01-01,true,bg_ncop_2212
bg_ncop_22127020,Лекар нервни болести,22127020,occupation,specialist,higher,4,2025-01-01,true,bg_ncop_2212
bg_ncop_22127021,Лекар неонатология,22127021,occupation,specialist,higher,4,2025-01-01,true,bg_ncop_2212
bg_ncop_22127022,Лекар нефрология,22127022,occupation,specialist,higher,4,2025-01-01,true,bg_ncop_2212
bg_ncop_22127023,Лекар медицинска онкология,22127023,occupation,specialist,higher,4,2025-01-01,true,bg_ncop_2212
bg_ncop_22127024,Лекар ушно-носно-гърлени болести,22127024,occupation,specialist,higher,4,2025-01-01,true,bg_ncop_2212
bg_ncop_22127025,Лекар очни болести,22127025,occupation,specialist,higher,4,2025-01-01,true,bg_ncop_2212
bg_ncop_22127026,Лекар медицинска паразитология,22127026,occupation,specialist,higher,4,2025-01-01,true,bg_ncop_2212
bg_ncop_22127027,Лекар патофизиология,22127027,occupation,specialist,higher,4,2025-01-01,true,bg_ncop_2212
bg_ncop_22127028,Лекар детска ендокринология и болести на обмяната,22127028,occupation,specialist,higher,4,2025-01-01,true,bg_ncop_2212
bg_ncop_22127029,Лекар педиатър - алерголог,22127029,occupation,specialist,higher,4,2025-01-01,true,bg_ncop_2212
bg_ncop_22127030,Лекар детска кардиология,22127030,occupation,specialist,higher,4,2025-01-01,true,bg_ncop_2212
bg_ncop_22127031,Лекар детска неврология,22127031,occupation,specialist,higher,4,2025-01-01,true,bg_ncop_2212
bg_ncop_22127032,Лекар детска нефрология и хемодиализа,22127032,occupation,specialist,higher,4,2025-01-01,true,bg_ncop_2212
bg_ncop_22127033,Лекар детска клинична хематология и онкология,22127033,occupation,specialist,higher,4,2025-01-01,true,bg_ncop_2212
bg_ncop_22127034,Лекар детска пневмология и фтизиатрия,22127034,occupation,specialist,higher,4,2025-01-01,true,bg_ncop_2212
bg_ncop_22127035,Лекар детска психиатрия,22127035,occupation,specialist,higher,4,2025-01-01,true,bg_ncop_2212
bg_ncop_22127036,Лекар детска ревматология,22127036,occupation,specialist,higher,4,2025-01-01,true,bg_ncop_2212
bg_ncop_22127037,Лекар детска гастроентерология,22127037,occupation,specialist,higher,4,2025-01-01,true,bg_ncop_2212
bg_ncop_22127038,Лекар професионални болести,22127038,occupation,specialist,higher,4,2025-01-01,true,bg_ncop_2212
bg_ncop_22127039,Лекар психиатрия,22127039,occupation,specialist,higher,4,2025-01-01,true,bg_ncop_2212
bg_ncop_22127040,Лекар пневмология и фтизиатрия,22127040,occupation,specialist,higher,4,2025-01-01,true,bg_ncop_2212
bg_ncop_22127041,Лекар образна диагностика,22127041,occupation,specialist,higher,4,2025-01-01,true,bg_ncop_2212
bg_ncop_22127042,Лекар нуклеарна медицина,22127042,occupation,specialist,higher,4,2025-01-01,true,bg_ncop_2212
bg_ncop_22127043,Лекар радиобиология,22127043,occupation,specialist,higher,4,2025-01-01,true,bg_ncop_2212
bg_ncop_22127044,Лекар ревматология,22127044,occupation,specialist,higher,4,2025-01-01,true,bg_ncop_2212
bg_ncop_22127045,Лекар специалист по икономика на здравеопазването,22127045,occupation,specialist,higher,4,2025-01-01,true,bg_ncop_2212
bg_ncop_22127046,Лекар медицина на бедствените ситуации (на катастрофите),22127046,occupation,specialist,higher,4,2025-01-01,true,bg_ncop_2212
bg_ncop_22127047,Лекар специалист по социална медицина и здравен мениджмънт,22127047,occupation,specialist,higher,4,2025-01-01,true,bg_ncop_2212
bg_ncop_22127048,Лекар спортна медицина,22127048,occupation,specialist,higher,4,2025-01-01,true,bg_ncop_2212
bg_ncop_22127049,Лекар съдебна психиатрия,22127049,occupation,specialist,higher,4,2025-01-01,true,bg_ncop_2212
bg_ncop_22127050,Лекар съдебна медицина,22127050,occupation,specialist,higher,4,2025-01-01,true,bg_ncop_2212
bg_ncop_22127051,Лекар клинична фармакология и терапия,22127051,occupation,specialist,higher,4,2025-01-01,true,bg_ncop_2212
bg_ncop_22127052,Лекар физикална и рехабилитационна медицина,22127052,occupation,specialist,higher,4,2025-01-01,true,bg_ncop_2212
bg_ncop_22127053,Лекар клинична хематология,22127053,occupation,specialist,higher,4,2025-01-01,true,bg_ncop_2212
bg_ncop_22127054,Лекар член на НЕЛК ТЕЛК ДЕЛК,22127054,occupation,specialist,higher,4,2025-01-01,true,bg_ncop_2212
bg_ncop_22127055,Лекар хирургия,22127055,occupation,specialist,higher,4,2025-01-01,true,bg_ncop_2212
bg_ncop_22127056,Лекар гръдна хирургия,22127056,occupation,specialist,higher,4,2025-01-01,true,bg_ncop_2212
bg_ncop_22127057,Лекар детска хирургия,22127057,occupation,specialist,higher,4,2025-01-01,true,bg_ncop_2212
bg_ncop_22127058,Хирург естетична (козметична) хирургия,22127058,occupation,specialist,higher,4,2025-01-01,true,bg_ncop_2212
bg_ncop_22127059,Лекар кардиохирургия,22127059,occupation,specialist,higher,4,2025-01-01,true,bg_ncop_2212
bg_ncop_22127060,Лекар лицево-челюстна хирургия,22127060,occupation,specialist,higher,4,2025-01-01,true,bg_ncop_2212
bg_ncop_22127061,Лекар неврохирургия,22127061,occupation,specialist,higher,4,2025-01-01,true,bg_ncop_2212
bg_ncop_22127062,Лекар ортопедия и травматология,22127062,occupation,specialist,higher,4,2025-01-01,true,bg_ncop_2212
bg_ncop_22127063,Лекар пластично-възстановителна и естетична хирургия,22127063,occupation,specialist,higher,4,2025-01-01,true,bg_ncop_2212
bg_ncop_22127064,Лекар съдова хирургия,22127064,occupation,specialist,higher,4,2025-01-01,true,bg_ncop_2212
bg_ncop_22127065,Лекар урология,22127065,occupation,specialist,higher,4,2025-01-01,true,bg_ncop_2212
bg_ncop_22127066,Лекар авиационна медицина,22127066,occupation,specialist,higher,4,2025-01-01,true,bg_ncop_2212
bg_ncop_22127067,Лекар лъчелечение,22127067,occupation,specialist,higher,4,2025-01-01,true,bg_ncop_2212
bg_ncop_22127068,Лекар трансфузионна хематология,22127068,occupation,specialist,higher,4,2025-01-01,true,bg_ncop_2212
bg_ncop_22127069,Лекар ангиология,22127069,occupation,specialist,higher,4,2025-01-01,true,bg_ncop_2212
bg_ncop_22127070,Лекар клинична токсикология,22127070,occupation,specialist,higher,4,2025-01-01,true,bg_ncop_2212
bg_ncop_22127071,Лекар обща хигиена,22127071,occupation,specialist,higher,4,2025-01-01,true,bg_ncop_2212
bg_ncop_22127072,Лекар радиационна хигиена,22127072,occupation,specialist,higher,4,2025-01-01,true,bg_ncop_2212
bg_ncop_22127073,Лекар хигиена на детско-юношеската възраст,22127073,occupation,specialist,higher,4,2025-01-01,true,bg_ncop_2212
bg_ncop_22127074,Лекар хранене и диететика,22127074,occupation,specialist,higher,4,2025-01-01,true,bg_ncop_2212
bg_ncop_22127075,Лекар медицинска биология,22127075,occupation,specialist,higher,4,2025-01-01,true,bg_ncop_2212
bg_ncop_22127076,Лекар физиология,22127076,occupation,specialist,higher,4,2025-01-01,true,bg_ncop_2212
bg_ncop_22127077,Лекар военна токсикология,22127077,occupation,specialist,higher,4,2025-01-01,true,bg_ncop_2212
bg_ncop_22127078,Лекар военномедицинско планиране,22127078,occupation,specialist,higher,4,2025-01-01,true,bg_ncop_2212
bg_ncop_22127079,Лекар превантивна военна медицина,22127079,occupation,specialist,higher,4,2025-01-01,true,bg_ncop_2212
bg_ncop_22127080,Лекар дентална орална и лицево-челюстна хирургия,22127080,occupation,specialist,higher,4,2025-01-01,true,bg_ncop_2212
bg_ncop_22127081,Лекар специализант,22127081,occupation,specialist,higher,4,2025-01-01,true,bg_ncop_2212
bg_ncop_22127082,Лекар фармакология,22127082,occupation,specialist,higher,4,2025-01-01,true,bg_ncop_2212
bg_ncop_22127083,Лекар педиатрия (специалист),22127083,occupation,specialist,higher,4,2025-01-01,true,bg_ncop_2212
bg_ncop_22127084,Лекар вътрешни болести (специалист),22127084,occupation,specialist,higher,4,2025-01-01,true,bg_ncop_2212
bg_ncop_22216001,Медицинска сестра,22216001,occupation,specialist,higher,4,2025-01-01,true,bg_ncop_2221
bg_ncop_22216002,Медицинска сестра домашни грижи,22216002,occupation,specialist,higher,4,2025-01-01,true,bg_ncop_2221
bg_ncop_22216003,Медицинска сестра специализант,22216003,occupation,specialist,higher,4,2025-01-01,true,bg_ncop_2221
bg_ncop_22216004,Медицинска сестра анестезиология и интензивни грижи,22216004,occupation,specialist,higher,4,2025-01-01,true,bg_ncop_2221
bg_ncop_22216005,Медицинска сестра консултант по кърмене и здравословно и диетично хранене,22216005,occupation,specialist,higher,4,2025-01-01,true,bg_ncop_2221
bg_ncop_22216006,Медицинска сестра болнична хигиена (превенция и контрол на инфекциите),22216006,occupation,specialist,higher,4,2025-01-01,true,bg_ncop_2221
bg_ncop_22216007,Медицинска сестра за социални дейности,22216007,occupation,specialist,higher,4,2025-01-01,true,bg_ncop_2221
bg_ncop_22216008,Медицинска сестра обществено здравеопазване,22216008,occupation,specialist,higher,4,2025-01-01,true,bg_ncop_2221
bg_ncop_22216009,Медицинска сестра операционна и превързочна техника,22216009,occupation,specialist,higher,4,2025-01-01,true,bg_ncop_2221
bg_ncop_22216010,Медицинска сестра психиатрични грижи,22216010,occupation,specialist,higher,4,2025-01-01,true,bg_ncop_2221
bg_ncop_22216011,Медицинска сестра първични здравни грижи,22216011,occupation,specialist,higher,4,2025-01-01,true,bg_ncop_2221
bg_ncop_22216012,Медицинска сестра спешна медицинска помощ,22216012,occupation,specialist,higher,4,2025-01-01,true,bg_ncop_2221
bg_ncop_22216013,Медицинска сестра със специалност в системата на здравеопазването,22216013,occupation,specialist,higher,4,2025-01-01,true,bg_ncop_2221
bg_ncop_22216014,Медицинска сестра специфични грижи за пациенти с онкологични заболявания,22216014,occupation,specialist,higher,4,2025-01-01,true,bg_ncop_2221
bg_ncop_22216015,Медицинска сестра апаратно поддържане на извънтелесно кръвообращение,22216015,occupation,specialist,higher,4,2025-01-01,true,bg_ncop_2221
bg_ncop_22226001,Акушерка,22226001,occupation,specialist,higher,4,2025-01-01,true,bg_ncop_2222
bg_ncop_22226002,Акушерка специализант,22226002,occupation,specialist,higher,4,2025-01-01,true,bg_ncop_2222
bg_ncop_22226003,Акушерка анестезиология и интензивни грижи,22226003,occupation,specialist,higher,4,2025-01-01,true,bg_ncop_2222
bg_ncop_22226004,Акушерка консултант по кърмене и здравословно и диетично хранене,22226004,occupation,specialist,higher,4,2025-01-01,true,bg_ncop_2222
bg_ncop_22226005,Акушерка болнична хигиена (превенция и контрол на инфекциите),22226005,occupation,specialist,higher,4,2025-01-01,true,bg_ncop_2222
bg_ncop_22226006,Акушерка обществено здравеопазване,22226006,occupation,specialist,higher,4,2025-01-01,true,bg_ncop_2222
bg_ncop_22226007,Акушерка операционна и превързочна техника,22226007,occupation,specialist,higher,4,2025-01-01,true,bg_ncop_2222
bg_ncop_22226008,Акушерка със специалност в системата на здравеопазването,22226008,occupation,specialist,higher,4,2025-01-01,true,bg_ncop_2222
bg_ncop_22307001,Лекар хомеопат,22307001,occupation,specialist,higher,4,2025-01-01,true,bg_ncop_2230
bg_ncop_22307002,Лекар по дентална медицина хомеопат,22307002,occupation,specialist,higher,4,2025-01-01,true,bg_ncop_2230
bg_ncop_22403001,Фелдшер,22403001,occupation,specialist,higher,4,2025-01-01,true,bg_ncop_2240
bg_ncop_22403002,Фелдшер специализант,22403002,occupation,specialist,higher,4,2025-01-01,true,bg_ncop_2240
bg_ncop_22403003,Фелдшер със специалност в системата на здравеопазването,22403003,occupation,specialist,higher,4,2025-01-01,true,bg_ncop_2240
bg_ncop_22406004,Лекарски асистент,22406004,occupation,specialist,higher,4,2025-01-01,true,bg_ncop_2240
bg_ncop_22506001,Физиолог животни,22506001,occupation,specialist,higher,4,2025-01-01,true,bg_ncop_2250
bg_ncop_22507002,Патолог ветеринарен,22507002,occupation,specialist,higher,4,2025-01-01,true,bg_ncop_2250
bg_ncop_22507013,Епизоотолог,22507013,occupation,specialist,higher,4,2025-01-01,true,bg_ncop_2250
bg_ncop_22507014,Ветеринарен лекар лабораторен,22507014,occupation,specialist,higher,4,2025-01-01,true,bg_ncop_2250
bg_ncop_22617001,Лекар по дентална медицина,22617001,occupation,specialist,higher,4,2025-01-01,true,bg_ncop_2261
bg_ncop_22617002,Лекар по дентална медицина детска дентална медицина,22617002,occupation,specialist,higher,4,2025-01-01,true,bg_ncop_2261
bg_ncop_22617003,Лекар по дентална медицина ортодонтия,22617003,occupation,specialist,higher,4,2025-01-01,true,bg_ncop_2261
bg_ncop_22617004,Лекар по дентална медицина протетична дентална медицина,22617004,occupation,specialist,higher,4,2025-01-01,true,bg_ncop_2261
bg_ncop_22617005,Лекар по дентална медицина пародонтология и заболявания на оралната лигавица,22617005,occupation,specialist,higher,4,2025-01-01,true,bg_ncop_2261
bg_ncop_22617006,Лекар по дентална медицина орална хирургия,22617006,occupation,specialist,higher,4,2025-01-01,true,bg_ncop_2261
bg_ncop_22617007,Лекар по дентална медицина обща дентална медицина,22617007,occupation,specialist,higher,4,2025-01-01,true,bg_ncop_2261
bg_ncop_22617008,Лекар по дентална медицина оперативно зъболечение и ендодонтия,22617008,occupation,specialist,higher,4,2025-01-01,true,bg_ncop_2261
bg_ncop_22617009,Лекар по дентална медицина социална медицина и обществено дентално здраве,22617009,occupation,specialist,higher,4,2025-01-01,true,bg_ncop_2261
bg_ncop_22617010,Лекар по дентална медицина дентална клинична алергология,22617010,occupation,specialist,higher,4,2025-01-01,true,bg_ncop_2261
bg_ncop_22617011,Лекар по дентална медицина дентална образна диагностика,22617011,occupation,specialist,higher,4,2025-01-01,true,bg_ncop_2261
bg_ncop_22617012,Лекар по дентална медицина специализант,22617012,occupation,specialist,higher,4,2025-01-01,true,bg_ncop_2261
bg_ncop_22617013,Лекар по дентална медицина лицево-челюстна хирургия,22617013,occupation,specialist,higher,4,2025-01-01,true,bg_ncop_2261
bg_ncop_22626001,Фармацевт индустриален,22626001,occupation,specialist,higher,4,2025-01-01,true,bg_ncop_2262
bg_ncop_22626002,Химик-фармацевт,22626002,occupation,specialist,higher,4,2025-01-01,true,bg_ncop_2262
bg_ncop_22627003,Фармацевт магистър,22627003,occupation,specialist,higher,4,2025-01-01,true,bg_ncop_2262
bg_ncop_22627004,Фармацевт магистър инспектор,22627004,occupation,specialist,higher,4,2025-01-01,true,bg_ncop_2262
bg_ncop_22627005,Фармацевт магистър аналитик,22627005,occupation,specialist,higher,4,2025-01-01,true,bg_ncop_2262
bg_ncop_22627006,Фармацевт магистър технолог,22627006,occupation,specialist,higher,4,2025-01-01,true,bg_ncop_2262
bg_ncop_22627008,Фармацевт магистър анализ на лекарствените продукти,22627008,occupation,specialist,higher,4,2025-01-01,true,bg_ncop_2262
bg_ncop_22627009,Фармацевт магистър клинична фармация,22627009,occupation,specialist,higher,4,2025-01-01,true,bg_ncop_2262
bg_ncop_22627010,Фармацевт магистър лечебни растения и фитофармацевтични продукти,22627010,occupation,specialist,higher,4,2025-01-01,true,bg_ncop_2262
bg_ncop_22627011,Фармацевт магистър организация и икономика на дистрибуторската и аптечната практика,22627011,occupation,specialist,higher,4,2025-01-01,true,bg_ncop_2262
bg_ncop_22627012,Фармацевт магистър организация и икономика на фармацевтичното производство,22627012,occupation,specialist,higher,4,2025-01-01,true,bg_ncop_2262
bg_ncop_22627013,Фармацевт магистър технология на лекарствата с биофармация,22627013,occupation,specialist,higher,4,2025-01-01,true,bg_ncop_2262
bg_ncop_22627014,Фармацевт магистър токсикология и токсикологичен анализ,22627014,occupation,specialist,higher,4,2025-01-01,true,bg_ncop_2262
bg_ncop_22627015,Фармацевт магистър клинична химия,22627015,occupation,specialist,higher,4,2025-01-01,true,bg_ncop_2262
bg_ncop_22627016,Фармацевт магистър военномедицинско снабдяване,22627016,occupation,specialist,higher,4,2025-01-01,true,bg_ncop_2262
bg_ncop_22626018,"Фармацевт-магистър, медицински представител",22626018,occupation,specialist,higher,4,2025-01-01,true,bg_ncop_2262
bg_ncop_22626019,"Експерт, здравна комуникация и лекарствена информация",22626019,occupation,specialist,higher,4,2025-01-01,true,bg_ncop_2262
bg_ncop_22626020,"Експерт, клинични изследвания",22626020,occupation,specialist,higher,4,2025-01-01,true,bg_ncop_2262
bg_ncop_22626021,"Експерт, регистрация на лекарствени продукти",22626021,occupation,specialist,higher,4,2025-01-01,true,bg_ncop_2262
bg_ncop_22627022,Фармацевт специализант,22627022,occupation,specialist,higher,4,2025-01-01,true,bg_ncop_2262
bg_ncop_22637001,Лекар комунална хигиена,22637001,occupation,specialist,higher,4,2025-01-01,true,bg_ncop_2263
bg_ncop_22637002,Лекар служба по трудова медицина,22637002,occupation,specialist,higher,4,2025-01-01,true,bg_ncop_2263
bg_ncop_22637003,Лекар експерт по експертиза на работоспособността,22637003,occupation,specialist,higher,4,2025-01-01,true,bg_ncop_2263
bg_ncop_22637004,Лекар експерт по експертиза на временна неработоспособност,22637004,occupation,specialist,higher,4,2025-01-01,true,bg_ncop_2263
bg_ncop_22636005,Експерт здравословни и безопасни условия на работа,22636005,occupation,specialist,higher,4,2025-01-01,true,bg_ncop_2263
bg_ncop_22636006,Ергоном,22636006,occupation,specialist,higher,4,2025-01-01,true,bg_ncop_2263
bg_ncop_22637007,"Лекар, специалист по трудова медицина",22637007,occupation,specialist,higher,4,2025-01-01,true,bg_ncop_2263
bg_ncop_22645001,Рехабилитатор,22645001,occupation,specialist,higher,4,2025-01-01,true,bg_ncop_2264
bg_ncop_22645002,Рехабилитатор специализант,22645002,occupation,specialist,higher,4,2025-01-01,true,bg_ncop_2264
bg_ncop_22645003,Рехабилитатор рехабилитационни методики и лечение на деца с церебрална парализа,22645003,occupation,specialist,higher,4,2025-01-01,true,bg_ncop_2264
bg_ncop_22646004,Кинезитерапевт,22646004,occupation,specialist,higher,4,2025-01-01,true,bg_ncop_2264
bg_ncop_22646005,Медицински рехабилитатор ерготерапевт,22646005,occupation,specialist,higher,4,2025-01-01,true,bg_ncop_2264
bg_ncop_22646006,Физиотерапист,22646006,occupation,specialist,higher,4,2025-01-01,true,bg_ncop_2264
bg_ncop_22653001,Диетолог,22653001,occupation,specialist,higher,4,2025-01-01,true,bg_ncop_2265
bg_ncop_22653002,Инструктор диетично хранене,22653002,occupation,specialist,higher,4,2025-01-01,true,bg_ncop_2265
bg_ncop_22653003,Консултант диетично хранене,22653003,occupation,specialist,higher,4,2025-01-01,true,bg_ncop_2265
bg_ncop_22653004,Консултант здравословно хранене,22653004,occupation,specialist,higher,4,2025-01-01,true,bg_ncop_2265
bg_ncop_22666001,Логопед,22666001,occupation,specialist,higher,4,2025-01-01,true,bg_ncop_2266
bg_ncop_22664002,"Специалист, слухопротезиране",22664002,occupation,specialist,higher,4,2025-01-01,true,bg_ncop_2266
bg_ncop_22666003,Аудиолог,22666003,occupation,specialist,higher,4,2025-01-01,true,bg_ncop_2266
bg_ncop_22674001,Оптик оптометрист,22674001,occupation,specialist,higher,4,2025-01-01,true,bg_ncop_2267
bg_ncop_22676002,Оптометрист,22676002,occupation,specialist,higher,4,2025-01-01,true,bg_ncop_2267
bg_ncop_22697001,Лекар медицинско застраховане и консултации,22697001,occupation,specialist,higher,4,2025-01-01,true,bg_ncop_2269
bg_ncop_22696002,Ерготерапевт,22696002,occupation,specialist,higher,4,2025-01-01,true,bg_ncop_2269
bg_ncop_22696003,Терапевт ориентиране на слепи,22696003,occupation,specialist,higher,4,2025-01-01,true,bg_ncop_2269
bg_ncop_22696004,Терапевт професионално съветване,22696004,occupation,specialist,higher,4,2025-01-01,true,bg_ncop_2269
bg_ncop_22697005,Лекар по дентална медицина контрольор,22697005,occupation,specialist,higher,4,2025-01-01,true,bg_ncop_2269
bg_ncop_22697006,Лекар контрольор,22697006,occupation,specialist,higher,4,2025-01-01,true,bg_ncop_2269
bg_ncop_22696007,"Експерт, лекарствена безопасност",22696007,occupation,specialist,higher,4,2025-01-01,true,bg_ncop_2269
bg_ncop_22696008,"Главен експерт, лекарствена безопасност",22696008,occupation,specialist,higher,4,2025-01-01,true,bg_ncop_2269
bg_ncop_22696009,Контрольор в Районна здравноосигурителна каса,22696009,occupation,specialist,higher,4,2025-01-01,true,bg_ncop_2269
bg_ncop_23106001,Преподавател висше училище,23106001,occupation,specialist,higher,4,2025-01-01,true,bg_ncop_2310
bg_ncop_23107002,Асистент висше училище,23107002,occupation,specialist,higher,4,2025-01-01,true,bg_ncop_2310
bg_ncop_23107003,Главен асистент висше училище,23107003,occupation,specialist,higher,4,2025-01-01,true,bg_ncop_2310
bg_ncop_23107004,Доцент висше училище,23107004,occupation,specialist,higher,4,2025-01-01,true,bg_ncop_2310
bg_ncop_23107005,Професор висше училище,23107005,occupation,specialist,higher,4,2025-01-01,true,bg_ncop_2310
bg_ncop_23107007,Старши преподавател висше училище,23107007,occupation,specialist,higher,4,2025-01-01,true,bg_ncop_2310
bg_ncop_23106008,Гост-преподавател висше училище,23106008,occupation,specialist,higher,4,2025-01-01,true,bg_ncop_2310
bg_ncop_23106009,Хоноруван преподавател висше училище,23106009,occupation,specialist,higher,4,2025-01-01,true,bg_ncop_2310
bg_ncop_23205002,Учител практическо обучение,23205002,occupation,specialist,higher,4,2025-01-01,true,bg_ncop_2320
bg_ncop_23205003,Старши учител практическо обучение,23205003,occupation,specialist,higher,4,2025-01-01,true,bg_ncop_2320
bg_ncop_23207004,Главен учител практическо обучение,23207004,occupation,specialist,higher,4,2025-01-01,true,bg_ncop_2320
bg_ncop_23205006,Учител теоретично обучение,23205006,occupation,specialist,higher,4,2025-01-01,true,bg_ncop_2320
bg_ncop_23205007,Старши учител теоретично обучение,23205007,occupation,specialist,higher,4,2025-01-01,true,bg_ncop_2320
bg_ncop_23207008,Главен учител теоретично обучение,23207008,occupation,specialist,higher,4,2025-01-01,true,bg_ncop_2320
bg_ncop_23205009,Преподавател център за професионално обучение,23205009,occupation,specialist,higher,4,2025-01-01,true,bg_ncop_2320
bg_ncop_23205010,Учител преподавател професионален колеж,23205010,occupation,specialist,higher,4,2025-01-01,true,bg_ncop_2320
bg_ncop_23305004,Учител общообразователен учебен предмет в прогимназиален етап,23305004,occupation,specialist,higher,4,2025-01-01,true,bg_ncop_2330
bg_ncop_23305005,Учител общообразователен учебен предмет в гимназиален етап,23305005,occupation,specialist,higher,4,2025-01-01,true,bg_ncop_2330
bg_ncop_23305006,Учител спортна подготовка,23305006,occupation,specialist,higher,4,2025-01-01,true,bg_ncop_2330
bg_ncop_23305007,Старши учител общообразователен учебен предмет в прогимназиален етап,23305007,occupation,specialist,higher,4,2025-01-01,true,bg_ncop_2330
bg_ncop_23305008,Старши учител общообразователен учебен предмет в гимназиален етап,23305008,occupation,specialist,higher,4,2025-01-01,true,bg_ncop_2330
bg_ncop_23305009,Старши учител спортна подготовка,23305009,occupation,specialist,higher,4,2025-01-01,true,bg_ncop_2330
bg_ncop_23307010,Главен учител общообразователен учебен предмет в прогимназиален етап,23307010,occupation,specialist,higher,4,2025-01-01,true,bg_ncop_2330
bg_ncop_23307011,Главен учител общообразователен учебен предмет в гимназиален етап,23307011,occupation,specialist,higher,4,2025-01-01,true,bg_ncop_2330
bg_ncop_23307012,Главен учител спортна подготовка,23307012,occupation,specialist,higher,4,2025-01-01,true,bg_ncop_2330
bg_ncop_23306013,Учител по религия прогимназиален етап,23306013,occupation,specialist,higher,4,2025-01-01,true,bg_ncop_2330
bg_ncop_23306014,Учител по религия в гимназиален етап,23306014,occupation,specialist,higher,4,2025-01-01,true,bg_ncop_2330
bg_ncop_23306015,Старши учител по религия в прогимназиален етап,23306015,occupation,specialist,higher,4,2025-01-01,true,bg_ncop_2330
bg_ncop_23306016,Старши учител по религия в гимназиален етап,23306016,occupation,specialist,higher,4,2025-01-01,true,bg_ncop_2330
bg_ncop_23307017,Главен учител по религия в прогимназиален етап,23307017,occupation,specialist,higher,4,2025-01-01,true,bg_ncop_2330
bg_ncop_23307018,Главен учител по религия в гимназиален етап,23307018,occupation,specialist,higher,4,2025-01-01,true,bg_ncop_2330
bg_ncop_23305019,Учител в група за целодневна организация на учебния ден (5-7) клас,23305019,occupation,specialist,higher,4,2025-01-01,true,bg_ncop_2330
bg_ncop_23305020,Старши учител в група за целодневна организация на учебния ден (5-7) клас,23305020,occupation,specialist,higher,4,2025-01-01,true,bg_ncop_2330
bg_ncop_23306021,Главен учител в група за целодневна организация на учебния ден (5-7) клас,23306021,occupation,specialist,higher,4,2025-01-01,true,bg_ncop_2330
bg_ncop_23415002,Учител начален етап на основното образование (1-4 клас),23415002,occupation,specialist,higher,4,2025-01-01,true,bg_ncop_2341
bg_ncop_23415003,Старши учител начален етап на основното образование (1-4 клас),23415003,occupation,specialist,higher,4,2025-01-01,true,bg_ncop_2341
bg_ncop_23417004,Главен учител начален етап на основното образование (1-4 клас),23417004,occupation,specialist,higher,4,2025-01-01,true,bg_ncop_2341
bg_ncop_23415006,Учител чужд език в начален етап на основното образование (1-4 клас),23415006,occupation,specialist,higher,4,2025-01-01,true,bg_ncop_2341
bg_ncop_23415007,Старши учител чужд език в начален етап на основното образование (1-4 клас),23415007,occupation,specialist,higher,4,2025-01-01,true,bg_ncop_2341
bg_ncop_23417008,Главен учител чужд език в начален етап на основното образование (1-4 клас),23417008,occupation,specialist,higher,4,2025-01-01,true,bg_ncop_2341
bg_ncop_23416009,Учител по религия в начален етап на основното образование (1-4 клас),23416009,occupation,specialist,higher,4,2025-01-01,true,bg_ncop_2341
bg_ncop_23416010,Старши учител по религия в начален етап на основното образование (1-4 клас),23416010,occupation,specialist,higher,4,2025-01-01,true,bg_ncop_2341
bg_ncop_23417011,Главен учител по религия в начален етап на основното образование (1-4 клас),23417011,occupation,specialist,higher,4,2025-01-01,true,bg_ncop_2341
bg_ncop_23415012,Учител в начален етап на основното образование по компютърно моделиране,23415012,occupation,specialist,higher,4,2025-01-01,true,bg_ncop_2341
bg_ncop_23415013,Старши учител в начален етап на основното образование по компютърно моделиране,23415013,occupation,specialist,higher,4,2025-01-01,true,bg_ncop_2341
bg_ncop_23416014,Главен учител в начален етап на основното образование по компютърно моделиране,23416014,occupation,specialist,higher,4,2025-01-01,true,bg_ncop_2341
bg_ncop_23415015,Учител в група за целодневна организация на учебния ден (1-4) клас,23415015,occupation,specialist,higher,4,2025-01-01,true,bg_ncop_2341
bg_ncop_23415016,Старши учител в група за целодневна организация на учебния ден (1-4) клас,23415016,occupation,specialist,higher,4,2025-01-01,true,bg_ncop_2341
bg_ncop_23416017,Главен учител в група за целодневна организация на учебния ден (1-4) клас,23416017,occupation,specialist,higher,4,2025-01-01,true,bg_ncop_2341
bg_ncop_23416018,Учител по физическо възпитание и спорт в начален етап на основното образование (1-4 клас),23416018,occupation,specialist,higher,4,2025-01-01,true,bg_ncop_2341
bg_ncop_23416019,Старши учител по физическо възпитание и спорт в начален етап на основното образование (1-4 клас),23416019,occupation,specialist,higher,4,2025-01-01,true,bg_ncop_2341
bg_ncop_23417020,Главен учител по физическо възпитание и спорт в начален етап на основното образование (1-4 клас),23417020,occupation,specialist,higher,4,2025-01-01,true,bg_ncop_2341
bg_ncop_23425002,Учител детска градина,23425002,occupation,specialist,higher,4,2025-01-01,true,bg_ncop_2342
bg_ncop_23425003,Старши учител детска градина,23425003,occupation,specialist,higher,4,2025-01-01,true,bg_ncop_2342
bg_ncop_23427004,Главен учител детска градина,23427004,occupation,specialist,higher,4,2025-01-01,true,bg_ncop_2342
bg_ncop_23425006,Учител музика в детска градина,23425006,occupation,specialist,higher,4,2025-01-01,true,bg_ncop_2342
bg_ncop_23425007,Старши учител музика в детска градина,23425007,occupation,specialist,higher,4,2025-01-01,true,bg_ncop_2342
bg_ncop_23427008,Главен учител музика в детска градина,23427008,occupation,specialist,higher,4,2025-01-01,true,bg_ncop_2342
bg_ncop_23425010,"Учител, подготвителна група",23425010,occupation,specialist,higher,4,2025-01-01,true,bg_ncop_2342
bg_ncop_23425011,"Старши учител, подготвителна група",23425011,occupation,specialist,higher,4,2025-01-01,true,bg_ncop_2342
bg_ncop_23427012,"Главен учител, подготвителна  група",23427012,occupation,specialist,higher,4,2025-01-01,true,bg_ncop_2342
bg_ncop_23516001,Учител методик,23516001,occupation,specialist,higher,4,2025-01-01,true,bg_ncop_2351
bg_ncop_23525002,Учител ресурсен,23525002,occupation,specialist,higher,4,2025-01-01,true,bg_ncop_2352
bg_ncop_23525003,Старши учител ресурсен,23525003,occupation,specialist,higher,4,2025-01-01,true,bg_ncop_2352
bg_ncop_23527004,Главен учител ресурсен,23527004,occupation,specialist,higher,4,2025-01-01,true,bg_ncop_2352
bg_ncop_23525006,Логопед в институция в системата на предучилищното и училищното образование,23525006,occupation,specialist,higher,4,2025-01-01,true,bg_ncop_2352
bg_ncop_23525010,Учител на деца с умствена изостаналост.,23525010,occupation,specialist,higher,4,2025-01-01,true,bg_ncop_2352
bg_ncop_23525011,Старши учител на деца с умствена изостаналост,23525011,occupation,specialist,higher,4,2025-01-01,true,bg_ncop_2352
bg_ncop_23527012,Главен учител на деца с умствена изостаналост,23527012,occupation,specialist,higher,4,2025-01-01,true,bg_ncop_2352
bg_ncop_23525014,Рехабилитатор на слуха и говора в институция в системата на предучилищното и училищното образование,23525014,occupation,specialist,higher,4,2025-01-01,true,bg_ncop_2352
bg_ncop_23525018,Учител на деца с нарушено зрение,23525018,occupation,specialist,higher,4,2025-01-01,true,bg_ncop_2352
bg_ncop_23525019,Старши учител на деца с нарушено зрение,23525019,occupation,specialist,higher,4,2025-01-01,true,bg_ncop_2352
bg_ncop_23527020,Главен учител на деца с нарушено зрение,23527020,occupation,specialist,higher,4,2025-01-01,true,bg_ncop_2352
bg_ncop_23525021,Учител на деца и ученици с увреден слух,23525021,occupation,specialist,higher,4,2025-01-01,true,bg_ncop_2352
bg_ncop_23525022,Старши учител на деца и ученици с увреден слух,23525022,occupation,specialist,higher,4,2025-01-01,true,bg_ncop_2352
bg_ncop_23526023,Главен учител на деца и ученици с увреден слух,23526023,occupation,specialist,higher,4,2025-01-01,true,bg_ncop_2352
bg_ncop_23525024,Учител в група за предучилищно образование в специално училище,23525024,occupation,specialist,higher,4,2025-01-01,true,bg_ncop_2352
bg_ncop_23525025,Старши учител в група за предучилищно образование в специално училище,23525025,occupation,specialist,higher,4,2025-01-01,true,bg_ncop_2352
bg_ncop_23526026,Главен учител в група за предучилищно образование в специално училище,23526026,occupation,specialist,higher,4,2025-01-01,true,bg_ncop_2352
bg_ncop_23535001,Учител Преподавател чужд език в занимания по интереси,23535001,occupation,specialist,higher,4,2025-01-01,true,bg_ncop_2353
bg_ncop_23535004,Учител чужд език в център за подкрепа за личностно развитие и в Националния дворец на децата,23535004,occupation,specialist,higher,4,2025-01-01,true,bg_ncop_2353
bg_ncop_23535005,Старши учител чужд език в център за подкрепа за личностно развитие и в Националния дворец на децата,23535005,occupation,specialist,higher,4,2025-01-01,true,bg_ncop_2353
bg_ncop_23537006,Главен учител чужд език в център за подкрепа за личностно развитие и в Националния дворец на децата,23537006,occupation,specialist,higher,4,2025-01-01,true,bg_ncop_2353
bg_ncop_23545001,Учител Преподавател музика в занимания по интереси,23545001,occupation,specialist,higher,4,2025-01-01,true,bg_ncop_2354
bg_ncop_23545002,Ръководител музика в обслужващи звена в системата на народната просвета,23545002,occupation,specialist,higher,4,2025-01-01,true,bg_ncop_2354
bg_ncop_23545004,Учител музика в център за подкрепа за личностно развитие и в Националния дворец на децата,23545004,occupation,specialist,higher,4,2025-01-01,true,bg_ncop_2354
bg_ncop_23545005,Старши учител музика в център за подкрепа за личностно развитие и в Националния дворец на децата,23545005,occupation,specialist,higher,4,2025-01-01,true,bg_ncop_2354
bg_ncop_23547006,Главен учител чужд език в център за подкрепа за личностно развитие и в Националния дворец на децата,23547006,occupation,specialist,higher,4,2025-01-01,true,bg_ncop_2354
bg_ncop_23555001,Учител Преподавател изобразително иили приложно изкуство в занимания по интереси,23555001,occupation,specialist,higher,4,2025-01-01,true,bg_ncop_2355
bg_ncop_23555002,Ръководител изобразително изкуство в обслужващи звена в системата на народната просвета,23555002,occupation,specialist,higher,4,2025-01-01,true,bg_ncop_2355
bg_ncop_23555004,Учител изобразително изкуство иили приложно изкуство в център за подкрепа за личностно развитие и в Националния дворец на децата,23555004,occupation,specialist,higher,4,2025-01-01,true,bg_ncop_2355
bg_ncop_23555005,Старши учител изобразително изкуство иили приложно изкуство в център за подкрепа за личностно развитие и в Националния дворец на децата,23555005,occupation,specialist,higher,4,2025-01-01,true,bg_ncop_2355
bg_ncop_23557006,Главен учител изобразително изкуство иили приложно изкуство в център за подкрепа за личностно развитие и в Националния дворец на децата,23557006,occupation,specialist,higher,4,2025-01-01,true,bg_ncop_2355
bg_ncop_23555007,Учител Преподавател кино и фотоизкуство в занимания по интереси,23555007,occupation,specialist,higher,4,2025-01-01,true,bg_ncop_2355
bg_ncop_23555010,Учител кино и фотоизкуство в център за подкрепа за личностно развитие и в Националния дворец на децата,23555010,occupation,specialist,higher,4,2025-01-01,true,bg_ncop_2355
bg_ncop_23555011,Старши учител кино и фотоизкуство в център за подкрепа за личностно развитие и в Националния дворец на децата,23555011,occupation,specialist,higher,4,2025-01-01,true,bg_ncop_2355
bg_ncop_23557012,Главен учител кино и фотоизкуство в център за подкрепа за личностно развитие и в Националния дворец на децата,23557012,occupation,specialist,higher,4,2025-01-01,true,bg_ncop_2355
bg_ncop_23555013,Учител Преподавател танцово изкуство в занимания по интереси,23555013,occupation,specialist,higher,4,2025-01-01,true,bg_ncop_2355
bg_ncop_23555016,Учител танцово изкуство в център за подкрепа за личностно развитие и в Националния дворец на децата,23555016,occupation,specialist,higher,4,2025-01-01,true,bg_ncop_2355
bg_ncop_23555017,Старши учител танцово изкуство в център за подкрепа за личностно развитие и в Националния дворец на децата,23555017,occupation,specialist,higher,4,2025-01-01,true,bg_ncop_2355
bg_ncop_23557018,Главен учител танцово изкуство в център за подкрепа за личностно развитие и в Националния дворец на децата,23557018,occupation,specialist,higher,4,2025-01-01,true,bg_ncop_2355
bg_ncop_23555019,Учител Преподавател театрално изкуство в занимания по интереси,23555019,occupation,specialist,higher,4,2025-01-01,true,bg_ncop_2355
bg_ncop_23555022,Учител театрално изкуство в център за подкрепа за личностно развитие и в Националния дворец  на децата,23555022,occupation,specialist,higher,4,2025-01-01,true,bg_ncop_2355
bg_ncop_23555023,Старши учител театрално изкуство в център за подкрепа за личностно развитие и в Националния дворец  на децата,23555023,occupation,specialist,higher,4,2025-01-01,true,bg_ncop_2355
bg_ncop_23557024,Главен учител театрално изкуство в център за подкрепа за личностно развитие в Националния,23557024,occupation,specialist,higher,4,2025-01-01,true,bg_ncop_2355
bg_ncop_23565001,Учител Преподавател по информационни технологии в занимания по интереси,23565001,occupation,specialist,higher,4,2025-01-01,true,bg_ncop_2356
bg_ncop_23565003,Учител информационни технолигии в център за подкрепа за личностно развитие в Националния дворец  на децата,23565003,occupation,specialist,higher,4,2025-01-01,true,bg_ncop_2356
bg_ncop_23565004,Старши учител информационни технолигии в център за подкрепа за личностно развитие и в Националния дворец  на децата,23565004,occupation,specialist,higher,4,2025-01-01,true,bg_ncop_2356
bg_ncop_23567005,Главен учител информационни технолигии в център за подкрепа за личностно развитие и в Националния дворец  на децата,23567005,occupation,specialist,higher,4,2025-01-01,true,bg_ncop_2356
bg_ncop_23596001,Заместник - директор административно-стопанска дейност,23596001,occupation,specialist,higher,4,2025-01-01,true,bg_ncop_2359
bg_ncop_23596002,Заместник - директор учебна дейност,23596002,occupation,specialist,higher,4,2025-01-01,true,bg_ncop_2359
bg_ncop_23596003,Заместник - директор учебно -производствена дейност,23596003,occupation,specialist,higher,4,2025-01-01,true,bg_ncop_2359
bg_ncop_23596004,Заместник-директор учебно- творческа дейност,23596004,occupation,specialist,higher,4,2025-01-01,true,bg_ncop_2359
bg_ncop_23596005,Заместник - директор спортна дейност,23596005,occupation,specialist,higher,4,2025-01-01,true,bg_ncop_2359
bg_ncop_23596008,Възпитател,23596008,occupation,specialist,higher,4,2025-01-01,true,bg_ncop_2359
bg_ncop_23596009,Старши възпитател,23596009,occupation,specialist,higher,4,2025-01-01,true,bg_ncop_2359
bg_ncop_23596010,Главен възпитател,23596010,occupation,specialist,higher,4,2025-01-01,true,bg_ncop_2359
bg_ncop_23596011,Педагогически съветник,23596011,occupation,specialist,higher,4,2025-01-01,true,bg_ncop_2359
bg_ncop_23596012,Педагог,23596012,occupation,specialist,higher,4,2025-01-01,true,bg_ncop_2359
bg_ncop_23595013,Учител литературно творчество в занимания по интереси,23595013,occupation,specialist,higher,4,2025-01-01,true,bg_ncop_2359
bg_ncop_23595016,Учител литературно творчество в център за подкрепа за личностно развитие и в Националния дворец на децата,23595016,occupation,specialist,higher,4,2025-01-01,true,bg_ncop_2359
bg_ncop_23595017,Старши учител литературно творчество в център за подкрепа за личностно развитие и в Националния дворец на децата,23595017,occupation,specialist,higher,4,2025-01-01,true,bg_ncop_2359
bg_ncop_23597018,Главен учител литературно творчество в център за подкрепа за личностно развитие и в Националния дворец на децата,23597018,occupation,specialist,higher,4,2025-01-01,true,bg_ncop_2359
bg_ncop_23595019,Учител Преподавател природо-математически учебни предмети в занимания по интереси,23595019,occupation,specialist,higher,4,2025-01-01,true,bg_ncop_2359
bg_ncop_23595022,Учител природо-математически учебни предмети в център за подкрепа за личностно развитие и в Националния дворец на децата,23595022,occupation,specialist,higher,4,2025-01-01,true,bg_ncop_2359
bg_ncop_23595023,Старши учител природо-математически учебни предмети в център за подкрепа за личностно развитие и в Националния дворец  на децата,23595023,occupation,specialist,higher,4,2025-01-01,true,bg_ncop_2359
bg_ncop_23597024,Главен учител природо-математически учебни предмети в център за подкрепа за личностно развитие и в Националния дворец  на децата,23597024,occupation,specialist,higher,4,2025-01-01,true,bg_ncop_2359
bg_ncop_23595025,Учител Преподавател селскостопански учебни предмети и екология и опазване на околната среда в занимания по интереси,23595025,occupation,specialist,higher,4,2025-01-01,true,bg_ncop_2359
bg_ncop_23595028,Учител селскостопански учебни предмети и екология и опазване на околната среда в център за подкрепа за личностно развитие и в Националния дворец на децата,23595028,occupation,specialist,higher,4,2025-01-01,true,bg_ncop_2359
bg_ncop_23595029,Старши учител селскостопански учебни предмети и екология и опазване на околната среда в център за подкрепа за личностно развитие и в Националния,23595029,occupation,specialist,higher,4,2025-01-01,true,bg_ncop_2359
bg_ncop_23597030,Главен учител селскостопански учебни предмети и екология и опазване на околната среда в център за подкрепа за личностно развитие и в Националния,23597030,occupation,specialist,higher,4,2025-01-01,true,bg_ncop_2359
bg_ncop_23595031,Учител Преподавател спортни дейности и туризъм в занимания по интереси,23595031,occupation,specialist,higher,4,2025-01-01,true,bg_ncop_2359
bg_ncop_23595034,Учител спортни дейности и туризъм в център за подкрепа за личностно развитие и в Националния дворец  на децата,23595034,occupation,specialist,higher,4,2025-01-01,true,bg_ncop_2359
bg_ncop_23595035,Старши учител спортни дейности и туризъм в център за подкрепа за личностно развитие и в Националния дворец  на децата,23595035,occupation,specialist,higher,4,2025-01-01,true,bg_ncop_2359
bg_ncop_23597036,Главен учител спортни дейности и туризъм в център за подкрепа за личностно развитие и в Националния дворец  на децата,23597036,occupation,specialist,higher,4,2025-01-01,true,bg_ncop_2359
bg_ncop_23595037,Учител Преподавател хуманитарни и обществени дисциплини в  занимания по интереси,23595037,occupation,specialist,higher,4,2025-01-01,true,bg_ncop_2359
bg_ncop_23595040,Учител хуманитарни и обществени дисциплини в  център за подкрепа за личностно развитие и в Националния дворец  на децата,23595040,occupation,specialist,higher,4,2025-01-01,true,bg_ncop_2359
bg_ncop_23595041,Старши учител хуманитарни и обществени дисциплини в  център за подкрепа за личностно развитие и в Националния дворец  на децата,23595041,occupation,specialist,higher,4,2025-01-01,true,bg_ncop_2359
bg_ncop_23597042,Главен учител хуманитарни и обществени дисциплини в  център за подкрепа за личностно развитие и в Националния дворец  на децата,23597042,occupation,specialist,higher,4,2025-01-01,true,bg_ncop_2359
bg_ncop_23595043,Ръководител на направление Информационни и комуникационни технологии,23595043,occupation,specialist,higher,4,2025-01-01,true,bg_ncop_2359
bg_ncop_23595044,Специалист дистанционно обучение,23595044,occupation,specialist,higher,4,2025-01-01,true,bg_ncop_2359
bg_ncop_23592045,Майстор учебно производство,23592045,occupation,specialist,higher,4,2025-01-01,true,bg_ncop_2359
bg_ncop_23595046,Ръководител на учебна дейност,23595046,occupation,specialist,higher,4,2025-01-01,true,bg_ncop_2359
bg_ncop_23596047,Инспектор учебна дейност,23596047,occupation,specialist,higher,4,2025-01-01,true,bg_ncop_2359
bg_ncop_23596048,Слухово-речев рехабилитатор на деца с увреден слух,23596048,occupation,specialist,higher,4,2025-01-01,true,bg_ncop_2359
bg_ncop_23595049,Инспектор Национален инспекторат по образованието,23595049,occupation,specialist,higher,4,2025-01-01,true,bg_ncop_2359
bg_ncop_23595050,"Хореограф, в институциите в системата на предучилищното и училищното образование",23595050,occupation,specialist,higher,4,2025-01-01,true,bg_ncop_2359
bg_ncop_23595051,"Корепетитор, в институциите в системата на предучилищното и училищното образование",23595051,occupation,specialist,higher,4,2025-01-01,true,bg_ncop_2359
bg_ncop_23595052,"Треньор по вид спорт, в институциите в системата на предучилищното и училищното образование",23595052,occupation,specialist,higher,4,2025-01-01,true,bg_ncop_2359
bg_ncop_23596053,Заместник-директор на център за подкрепа за личностно развитие,23596053,occupation,specialist,higher,4,2025-01-01,true,bg_ncop_2359
bg_ncop_23596054,Заместник-директор на детска градина,23596054,occupation,specialist,higher,4,2025-01-01,true,bg_ncop_2359
bg_ncop_24116001,Дипломиран експерт счетоводител,24116001,occupation,specialist,higher,4,2025-01-01,true,bg_ncop_2411
bg_ncop_24116002,Главен счетоводител,24116002,occupation,specialist,higher,4,2025-01-01,true,bg_ncop_2411
bg_ncop_24116003,Заместник главен счетоводител,24116003,occupation,specialist,higher,4,2025-01-01,true,bg_ncop_2411
bg_ncop_24116004,Счетоводител,24116004,occupation,specialist,higher,4,2025-01-01,true,bg_ncop_2411
bg_ncop_24114005,Старши счетоводител,24114005,occupation,specialist,higher,4,2025-01-01,true,bg_ncop_2411
bg_ncop_24114006,Младши счетоводител,24114006,occupation,specialist,higher,4,2025-01-01,true,bg_ncop_2411
bg_ncop_24116007,Одитор,24116007,occupation,specialist,higher,4,2025-01-01,true,bg_ncop_2411
bg_ncop_24116008,Асистент одитор,24116008,occupation,specialist,higher,4,2025-01-01,true,bg_ncop_2411
bg_ncop_24116009,Старши помощник одитор,24116009,occupation,specialist,higher,4,2025-01-01,true,bg_ncop_2411
bg_ncop_24116010,Вътрешен одитор,24116010,occupation,specialist,higher,4,2025-01-01,true,bg_ncop_2411
bg_ncop_24116011,Ревизор,24116011,occupation,specialist,higher,4,2025-01-01,true,bg_ncop_2411
bg_ncop_24116012,Финансов контрольор,24116012,occupation,specialist,higher,4,2025-01-01,true,bg_ncop_2411
bg_ncop_24116013,Синдик,24116013,occupation,specialist,higher,4,2025-01-01,true,bg_ncop_2411
bg_ncop_24116014,Ликвидатор,24116014,occupation,specialist,higher,4,2025-01-01,true,bg_ncop_2411
bg_ncop_24116015,Старши банков служител финансов контрол,24116015,occupation,specialist,higher,4,2025-01-01,true,bg_ncop_2411
bg_ncop_24115016,Член на Одитен комитет,24115016,occupation,specialist,higher,4,2025-01-01,true,bg_ncop_2411
bg_ncop_24115017,Старши одитор,24115017,occupation,specialist,higher,4,2025-01-01,true,bg_ncop_2411
bg_ncop_24116018,Одитор по чл.45 от Закона за вътрешния одит в публичния сектор,24116018,occupation,specialist,higher,4,2025-01-01,true,bg_ncop_2411
bg_ncop_24126001,Експерт хеджиране,24126001,occupation,specialist,higher,4,2025-01-01,true,bg_ncop_2412
bg_ncop_24126002,Експерт инвеститорски контрол,24126002,occupation,specialist,higher,4,2025-01-01,true,bg_ncop_2412
bg_ncop_24126003,Инвестиционен консултант,24126003,occupation,specialist,higher,4,2025-01-01,true,bg_ncop_2412
bg_ncop_24126004,Експерт имуществено планиране,24126004,occupation,specialist,higher,4,2025-01-01,true,bg_ncop_2412
bg_ncop_24126005,Експерт финансово планиране,24126005,occupation,specialist,higher,4,2025-01-01,true,bg_ncop_2412
bg_ncop_24126006,Експерт застраховане,24126006,occupation,specialist,higher,4,2025-01-01,true,bg_ncop_2412
bg_ncop_24125007,Мениджър методология и развитие на застрахователни продукти,24125007,occupation,specialist,higher,4,2025-01-01,true,bg_ncop_2412
bg_ncop_24125008,Експерт банка финансова платежна институция,24125008,occupation,specialist,higher,4,2025-01-01,true,bg_ncop_2412
bg_ncop_24126009,Данъчен консултант,24126009,occupation,specialist,higher,4,2025-01-01,true,bg_ncop_2412
bg_ncop_24126010,Преговарящ управление на просрочията,24126010,occupation,specialist,higher,4,2025-01-01,true,bg_ncop_2412
bg_ncop_24126011,Преговарящ управление на вземанията,24126011,occupation,specialist,higher,4,2025-01-01,true,bg_ncop_2412
bg_ncop_24136001,Финансов анализатор,24136001,occupation,specialist,higher,4,2025-01-01,true,bg_ncop_2413
bg_ncop_24136002,Анализатор банка,24136002,occupation,specialist,higher,4,2025-01-01,true,bg_ncop_2413
bg_ncop_24136003,Експерт финансови и стопански анализи,24136003,occupation,specialist,higher,4,2025-01-01,true,bg_ncop_2413
bg_ncop_24136004,Експерт връзки с инвеститорите,24136004,occupation,specialist,higher,4,2025-01-01,true,bg_ncop_2413
bg_ncop_24136005,Анализатор облигации,24136005,occupation,specialist,higher,4,2025-01-01,true,bg_ncop_2413
bg_ncop_24136006,Консултант ценни книжа,24136006,occupation,specialist,higher,4,2025-01-01,true,bg_ncop_2413
bg_ncop_24136007,Инвестиционен анализатор,24136007,occupation,specialist,higher,4,2025-01-01,true,bg_ncop_2413
bg_ncop_24216001,Експерт стопанска дейност,24216001,occupation,specialist,higher,4,2025-01-01,true,bg_ncop_2421
bg_ncop_24216002,Експерт бизнес развитие,24216002,occupation,specialist,higher,4,2025-01-01,true,bg_ncop_2421
bg_ncop_24216003,Експерт капитално строителство,24216003,occupation,specialist,higher,4,2025-01-01,true,bg_ncop_2421
bg_ncop_24216004,Експерт инженеринг,24216004,occupation,specialist,higher,4,2025-01-01,true,bg_ncop_2421
bg_ncop_24216005,Експерт логистика,24216005,occupation,specialist,higher,4,2025-01-01,true,bg_ncop_2421
bg_ncop_24216006,Експерт търговия,24216006,occupation,specialist,higher,4,2025-01-01,true,bg_ncop_2421
bg_ncop_24216007,Бизнес консултант,24216007,occupation,specialist,higher,4,2025-01-01,true,bg_ncop_2421
bg_ncop_24216008,Консултант по управление,24216008,occupation,specialist,higher,4,2025-01-01,true,bg_ncop_2421
bg_ncop_24216009,Анализатор ефективност на търговската дейност,24216009,occupation,specialist,higher,4,2025-01-01,true,bg_ncop_2421
bg_ncop_24216010,Одитор качество,24216010,occupation,specialist,higher,4,2025-01-01,true,bg_ncop_2421
bg_ncop_24216011,Организатор стопански дейности,24216011,occupation,specialist,higher,4,2025-01-01,true,bg_ncop_2421
bg_ncop_24216012,Организатор ремонт и поддръжка,24216012,occupation,specialist,higher,4,2025-01-01,true,bg_ncop_2421
bg_ncop_24216013,Координатор производство,24216013,occupation,specialist,higher,4,2025-01-01,true,bg_ncop_2421
bg_ncop_24216014,Специалист сигурност,24216014,occupation,specialist,higher,4,2025-01-01,true,bg_ncop_2421
bg_ncop_24216015,Специалист комуникации,24216015,occupation,specialist,higher,4,2025-01-01,true,bg_ncop_2421
bg_ncop_24216016,Специалист логистика,24216016,occupation,specialist,higher,4,2025-01-01,true,bg_ncop_2421
bg_ncop_24216017,Специалист качество,24216017,occupation,specialist,higher,4,2025-01-01,true,bg_ncop_2421
bg_ncop_24216018,Специалист технически контрол,24216018,occupation,specialist,higher,4,2025-01-01,true,bg_ncop_2421
bg_ncop_24216019,Специалист игри и тиражи,24216019,occupation,specialist,higher,4,2025-01-01,true,bg_ncop_2421
bg_ncop_24216020,Координатор програмна дейност радио и телевизия,24216020,occupation,specialist,higher,4,2025-01-01,true,bg_ncop_2421
bg_ncop_24215021,Експерт управление на собствеността,24215021,occupation,specialist,higher,4,2025-01-01,true,bg_ncop_2421
bg_ncop_24215022,Експерт обществени поръчки,24215022,occupation,specialist,higher,4,2025-01-01,true,bg_ncop_2421
bg_ncop_24215023,Ръководител Мениджър  качество,24215023,occupation,specialist,higher,4,2025-01-01,true,bg_ncop_2421
bg_ncop_24215024,Експерт лизинг,24215024,occupation,specialist,higher,4,2025-01-01,true,bg_ncop_2421
bg_ncop_24215025,Мениджър ключови клиенти,24215025,occupation,specialist,higher,4,2025-01-01,true,bg_ncop_2421
bg_ncop_24215026,Експерт  доставки преработваща промишленост,24215026,occupation,specialist,higher,4,2025-01-01,true,bg_ncop_2421
bg_ncop_24215027,Мениджър проекти,24215027,occupation,specialist,higher,4,2025-01-01,true,bg_ncop_2421
bg_ncop_24215028,Експерт продажби,24215028,occupation,specialist,higher,4,2025-01-01,true,bg_ncop_2421
bg_ncop_24215029,Търговски пълномощник,24215029,occupation,specialist,higher,4,2025-01-01,true,bg_ncop_2421
bg_ncop_24215030,Ръководител търговски екип,24215030,occupation,specialist,higher,4,2025-01-01,true,bg_ncop_2421
bg_ncop_24216031,Специалист банка финансова платежна институция,24216031,occupation,specialist,higher,4,2025-01-01,true,bg_ncop_2421
bg_ncop_24216032,"Експерт/ Координатор, изложби и събития в музей/художествена галерия",24216032,occupation,specialist,higher,4,2025-01-01,true,bg_ncop_2421
bg_ncop_24227001,Главен методолог НОИ,24227001,occupation,specialist,higher,4,2025-01-01,true,bg_ncop_2422
bg_ncop_24226002,Главен инспектор администрация,24226002,occupation,specialist,higher,4,2025-01-01,true,bg_ncop_2422
bg_ncop_24226003,Експерт социално осигуряване,24226003,occupation,specialist,higher,4,2025-01-01,true,bg_ncop_2422
bg_ncop_24226004,Експерт програми и проекти,24226004,occupation,specialist,higher,4,2025-01-01,true,bg_ncop_2422
bg_ncop_24226005,Експерт международно сътрудничество,24226005,occupation,specialist,higher,4,2025-01-01,true,bg_ncop_2422
bg_ncop_24226006,Експерт европейска интеграция,24226006,occupation,specialist,higher,4,2025-01-01,true,bg_ncop_2422
bg_ncop_24226007,Сътрудник по управление на европейски проекти и програми,24226007,occupation,specialist,higher,4,2025-01-01,true,bg_ncop_2422
bg_ncop_24226008,Главен инженер община район,24226008,occupation,specialist,higher,4,2025-01-01,true,bg_ncop_2422
bg_ncop_24227009,Главен инженер Столична община,24227009,occupation,specialist,higher,4,2025-01-01,true,bg_ncop_2422
bg_ncop_24226012,Главен счетоводител община район,24226012,occupation,specialist,higher,4,2025-01-01,true,bg_ncop_2422
bg_ncop_24227013,Главен счетоводител бюджетен,24227013,occupation,specialist,higher,4,2025-01-01,true,bg_ncop_2422
bg_ncop_24227014,Главен счетоводител държавен служител,24227014,occupation,specialist,higher,4,2025-01-01,true,bg_ncop_2422
bg_ncop_24225015,Младши вътрешен одитор,24225015,occupation,specialist,higher,4,2025-01-01,true,bg_ncop_2422
bg_ncop_24226016,Главен вътрешен одитор,24226016,occupation,specialist,higher,4,2025-01-01,true,bg_ncop_2422
bg_ncop_24226017,Старши вътрешен одитор,24226017,occupation,specialist,higher,4,2025-01-01,true,bg_ncop_2422
bg_ncop_24226018,Главен одитор по чл. 45 ал.1 от Закона за вътрешния одит в публичния сектор,24226018,occupation,specialist,higher,4,2025-01-01,true,bg_ncop_2422
bg_ncop_24226019,Старши одитор по чл. 45 ал.1 от Закона за вътрешния одит в публичния сектор,24226019,occupation,specialist,higher,4,2025-01-01,true,bg_ncop_2422
bg_ncop_24226020,Младши одитор по чл. 45 ал.1 от Закона за вътрешния одит в публичния сектор,24226020,occupation,specialist,higher,4,2025-01-01,true,bg_ncop_2422
bg_ncop_24226021,Стажант-одитор,24226021,occupation,specialist,higher,4,2025-01-01,true,bg_ncop_2422
bg_ncop_24227022,Държавен вътрешен одитор,24227022,occupation,specialist,higher,4,2025-01-01,true,bg_ncop_2422
bg_ncop_24227023,Главен одитор Сметна палата,24227023,occupation,specialist,higher,4,2025-01-01,true,bg_ncop_2422
bg_ncop_24227024,Старши одитор Сметна палата,24227024,occupation,specialist,higher,4,2025-01-01,true,bg_ncop_2422
bg_ncop_24227025,Одитор Сметна палата,24227025,occupation,specialist,higher,4,2025-01-01,true,bg_ncop_2422
bg_ncop_24227026,Стажант-одитор Сметна палата,24227026,occupation,specialist,higher,4,2025-01-01,true,bg_ncop_2422
bg_ncop_24227027,Държавен одитор по чл. 45 ал.1 от Закона за вътрешния одит в публичния сектор,24227027,occupation,specialist,higher,4,2025-01-01,true,bg_ncop_2422
bg_ncop_24227028,Главен вътрешен одитор Народно събрание Президент Министерски съвет,24227028,occupation,specialist,higher,4,2025-01-01,true,bg_ncop_2422
bg_ncop_24226029,Старши счетоводител държавен служител,24226029,occupation,specialist,higher,4,2025-01-01,true,bg_ncop_2422
bg_ncop_24227031,Финансов контрольор държавен служител,24227031,occupation,specialist,higher,4,2025-01-01,true,bg_ncop_2422
bg_ncop_24227032,Главен юрисконсулт държавен служител,24227032,occupation,specialist,higher,4,2025-01-01,true,bg_ncop_2422
bg_ncop_24227033,Старши юрисконсулт държавен служител,24227033,occupation,specialist,higher,4,2025-01-01,true,bg_ncop_2422
bg_ncop_24226035,Социален работник държавен служител,24226035,occupation,specialist,higher,4,2025-01-01,true,bg_ncop_2422
bg_ncop_24225036,Младши инспектор,24225036,occupation,specialist,higher,4,2025-01-01,true,bg_ncop_2422
bg_ncop_24225037,Младши публичен изпълнител,24225037,occupation,specialist,higher,4,2025-01-01,true,bg_ncop_2422
bg_ncop_24225038,Старши експерт кметство,24225038,occupation,specialist,higher,4,2025-01-01,true,bg_ncop_2422
bg_ncop_24225039,Младши експерт кметство,24225039,occupation,specialist,higher,4,2025-01-01,true,bg_ncop_2422
bg_ncop_24225040,Младши експерт,24225040,occupation,specialist,higher,4,2025-01-01,true,bg_ncop_2422
bg_ncop_24226041,Главен експерт,24226041,occupation,specialist,higher,4,2025-01-01,true,bg_ncop_2422
bg_ncop_24226042,Главен експерт Народно събрание Президент Министерски съвет,24226042,occupation,specialist,higher,4,2025-01-01,true,bg_ncop_2422
bg_ncop_24226043,Главен инспектор,24226043,occupation,specialist,higher,4,2025-01-01,true,bg_ncop_2422
bg_ncop_24226044,Главен публичен изпълнител,24226044,occupation,specialist,higher,4,2025-01-01,true,bg_ncop_2422
bg_ncop_24226045,Митнически дознател администрация и Столична община,24226045,occupation,specialist,higher,4,2025-01-01,true,bg_ncop_2422
bg_ncop_24226046,Старши експерт,24226046,occupation,specialist,higher,4,2025-01-01,true,bg_ncop_2422
bg_ncop_24226047,Старши инспектор,24226047,occupation,specialist,higher,4,2025-01-01,true,bg_ncop_2422
bg_ncop_24226048,Старши публичен изпълнител,24226048,occupation,specialist,higher,4,2025-01-01,true,bg_ncop_2422
bg_ncop_24226049,Съветник министър,24226049,occupation,specialist,higher,4,2025-01-01,true,bg_ncop_2422
bg_ncop_24226050,Експерт кабинета на министър,24226050,occupation,specialist,higher,4,2025-01-01,true,bg_ncop_2422
bg_ncop_24226051,Началник сектор областно звено,24226051,occupation,specialist,higher,4,2025-01-01,true,bg_ncop_2422
bg_ncop_24226052,Старши инспектор областно звено,24226052,occupation,specialist,higher,4,2025-01-01,true,bg_ncop_2422
bg_ncop_24226053,Инспектор областно звено,24226053,occupation,specialist,higher,4,2025-01-01,true,bg_ncop_2422
bg_ncop_24226054,Служител по сигурността на информацията община район,24226054,occupation,specialist,higher,4,2025-01-01,true,bg_ncop_2422
bg_ncop_24226055,Секретар МКБППМН,24226055,occupation,specialist,higher,4,2025-01-01,true,bg_ncop_2422
bg_ncop_24226056,Експерт,24226056,occupation,specialist,higher,4,2025-01-01,true,bg_ncop_2422
bg_ncop_24226057,Инспектор гражданско въздухоплаване,24226057,occupation,specialist,higher,4,2025-01-01,true,bg_ncop_2422
bg_ncop_24227058,Главен инженер,24227058,occupation,specialist,higher,4,2025-01-01,true,bg_ncop_2422
bg_ncop_24227059,Държавен експерт,24227059,occupation,specialist,higher,4,2025-01-01,true,bg_ncop_2422
bg_ncop_24227060,Държавен инспектор,24227060,occupation,specialist,higher,4,2025-01-01,true,bg_ncop_2422
bg_ncop_24227061,Държавен публичен изпълнител,24227061,occupation,specialist,higher,4,2025-01-01,true,bg_ncop_2422
bg_ncop_24227062,Правителствен агент Министерство на правосъдието,24227062,occupation,specialist,higher,4,2025-01-01,true,bg_ncop_2422
bg_ncop_24227063,Правителствен преводач,24227063,occupation,specialist,higher,4,2025-01-01,true,bg_ncop_2422
bg_ncop_24227064,Редактор стилист на нормативни актове,24227064,occupation,specialist,higher,4,2025-01-01,true,bg_ncop_2422
bg_ncop_24227065,Служител сигурност на информацията,24227065,occupation,specialist,higher,4,2025-01-01,true,bg_ncop_2422
bg_ncop_24227066,Съветник Народно събрание Президент Министерски съвет,24227066,occupation,specialist,higher,4,2025-01-01,true,bg_ncop_2422
bg_ncop_24227067,Началник група областно звено,24227067,occupation,specialist,higher,4,2025-01-01,true,bg_ncop_2422
bg_ncop_24227068,Служител по сигурността на информацията министерство администрация Столична община,24227068,occupation,specialist,higher,4,2025-01-01,true,bg_ncop_2422
bg_ncop_24227069,Главен експерт Сметна палата,24227069,occupation,specialist,higher,4,2025-01-01,true,bg_ncop_2422
bg_ncop_24227070,Старши експерт Сметна палата,24227070,occupation,specialist,higher,4,2025-01-01,true,bg_ncop_2422
bg_ncop_24227071,Експерт Сметна палата,24227071,occupation,specialist,higher,4,2025-01-01,true,bg_ncop_2422
bg_ncop_24227072,Служител по сигурността на информацията Народно събрание Президент Министерски съвет,24227072,occupation,specialist,higher,4,2025-01-01,true,bg_ncop_2422
bg_ncop_24227073,Държавен финансов инспектор,24227073,occupation,specialist,higher,4,2025-01-01,true,bg_ncop_2422
bg_ncop_24227074,Главен финансов инспектор,24227074,occupation,specialist,higher,4,2025-01-01,true,bg_ncop_2422
bg_ncop_24227075,Старши финансов инспектор,24227075,occupation,specialist,higher,4,2025-01-01,true,bg_ncop_2422
bg_ncop_24227076,Младши финансов инспектор,24227076,occupation,specialist,higher,4,2025-01-01,true,bg_ncop_2422
bg_ncop_24227077,Експерт управление при кризи и отбранително мобилизационна подготовка,24227077,occupation,specialist,higher,4,2025-01-01,true,bg_ncop_2422
bg_ncop_24227078,Обществен посредник,24227078,occupation,specialist,higher,4,2025-01-01,true,bg_ncop_2422
bg_ncop_24227079,Научен секретар,24227079,occupation,specialist,higher,4,2025-01-01,true,bg_ncop_2422
bg_ncop_24227080,Главен асистент,24227080,occupation,specialist,higher,4,2025-01-01,true,bg_ncop_2422
bg_ncop_24227081,Асистент,24227081,occupation,specialist,higher,4,2025-01-01,true,bg_ncop_2422
bg_ncop_24227082,Доцент,24227082,occupation,specialist,higher,4,2025-01-01,true,bg_ncop_2422
bg_ncop_24227083,Професор,24227083,occupation,specialist,higher,4,2025-01-01,true,bg_ncop_2422
bg_ncop_24226084,Експерт стопанско управление,24226084,occupation,specialist,higher,4,2025-01-01,true,bg_ncop_2422
bg_ncop_24226085,Съветник,24226085,occupation,specialist,higher,4,2025-01-01,true,bg_ncop_2422
bg_ncop_24226086,Инспектор по банков надзор,24226086,occupation,specialist,higher,4,2025-01-01,true,bg_ncop_2422
bg_ncop_24226087,"Ръководител смяна ""Обработка на тиражите""",24226087,occupation,specialist,higher,4,2025-01-01,true,bg_ncop_2422
bg_ncop_24226088,Ръководител на регионален център за обработка на тиражите,24226088,occupation,specialist,higher,4,2025-01-01,true,bg_ncop_2422
bg_ncop_24225089,Изследовател,24225089,occupation,specialist,higher,4,2025-01-01,true,bg_ncop_2422
bg_ncop_24225090,Мениджър корпоративен център банка финансова платежна институция,24225090,occupation,specialist,higher,4,2025-01-01,true,bg_ncop_2422
bg_ncop_24225091,Областен мениджър банка финансова платежна институция,24225091,occupation,specialist,higher,4,2025-01-01,true,bg_ncop_2422
bg_ncop_24225092,Длъжностно лице по безопасност и здраве,24225092,occupation,specialist,higher,4,2025-01-01,true,bg_ncop_2422
bg_ncop_24226093,Експерт към политическия кабинет на заместник министър-председател,24226093,occupation,specialist,higher,4,2025-01-01,true,bg_ncop_2422
bg_ncop_24226094,Експерт към политическия кабинет на министър-председателя,24226094,occupation,specialist,higher,4,2025-01-01,true,bg_ncop_2422
bg_ncop_24226095,Съветник към политическия кабинет на министър-председателя,24226095,occupation,specialist,higher,4,2025-01-01,true,bg_ncop_2422
bg_ncop_24226096,Независим оценител,24226096,occupation,specialist,higher,4,2025-01-01,true,bg_ncop_2422
bg_ncop_24227097,Финансов инспектор,24227097,occupation,specialist,higher,4,2025-01-01,true,bg_ncop_2422
bg_ncop_24225098,Председател на регионална структура на организация на работниците и служителите,24225098,occupation,specialist,higher,4,2025-01-01,true,bg_ncop_2422
bg_ncop_24227099,Юрисконсулт държавен служител,24227099,occupation,specialist,higher,4,2025-01-01,true,bg_ncop_2422
bg_ncop_24225100,Инспектор държавен служител,24225100,occupation,specialist,higher,4,2025-01-01,true,bg_ncop_2422
bg_ncop_24225101,Публичен изпълнител държавен служител,24225101,occupation,specialist,higher,4,2025-01-01,true,bg_ncop_2422
bg_ncop_24225102,Счетоводител държавен служител,24225102,occupation,specialist,higher,4,2025-01-01,true,bg_ncop_2422
bg_ncop_24225103,Секретар на Местна комисия за борба с трафика на хора,24225103,occupation,specialist,higher,4,2025-01-01,true,bg_ncop_2422
bg_ncop_24225105,"Инженер, държавен служител",24225105,occupation,specialist,higher,4,2025-01-01,true,bg_ncop_2422
bg_ncop_24227106,Инспектор в служба „Военна информация“,24227106,occupation,specialist,higher,4,2025-01-01,true,bg_ncop_2422
bg_ncop_24225107,"Областен координатор, организация на работниците и служителите",24225107,occupation,specialist,higher,4,2025-01-01,true,bg_ncop_2422
bg_ncop_24226108,Длъжностно лице по защита на данните,24226108,occupation,specialist,higher,4,2025-01-01,true,bg_ncop_2422
bg_ncop_24227109,Член на научна група в музей/художествена галерия,24227109,occupation,specialist,higher,4,2025-01-01,true,bg_ncop_2422
bg_ncop_24236001,Експерт индустриални отношения,24236001,occupation,specialist,higher,4,2025-01-01,true,bg_ncop_2423
bg_ncop_24236002,Експерт нормиране на труда,24236002,occupation,specialist,higher,4,2025-01-01,true,bg_ncop_2423
bg_ncop_24236003,Експерт организация на труда,24236003,occupation,specialist,higher,4,2025-01-01,true,bg_ncop_2423
bg_ncop_24236004,Експерт подбор на персонала,24236004,occupation,specialist,higher,4,2025-01-01,true,bg_ncop_2423
bg_ncop_24236005,Експерт професионално кариерно ориентиране,24236005,occupation,specialist,higher,4,2025-01-01,true,bg_ncop_2423
bg_ncop_24236006,Експерт трудова заетост,24236006,occupation,specialist,higher,4,2025-01-01,true,bg_ncop_2423
bg_ncop_24236007,Експерт трудово посредничество и професионално ориентиране,24236007,occupation,specialist,higher,4,2025-01-01,true,bg_ncop_2423
bg_ncop_24236008,Експерт управление на човешките ресурси,24236008,occupation,specialist,higher,4,2025-01-01,true,bg_ncop_2423
bg_ncop_24236009,Кариерен консултант,24236009,occupation,specialist,higher,4,2025-01-01,true,bg_ncop_2423
bg_ncop_24235010,Специалист управление на човешките ресурси,24235010,occupation,specialist,higher,4,2025-01-01,true,bg_ncop_2423
bg_ncop_24235011,Експерт труд и работна заплата,24235011,occupation,specialist,higher,4,2025-01-01,true,bg_ncop_2423
bg_ncop_24246001,Експерт обучение и квалификация,24246001,occupation,specialist,higher,4,2025-01-01,true,bg_ncop_2424
bg_ncop_24246002,Специалист обучение и развитие,24246002,occupation,specialist,higher,4,2025-01-01,true,bg_ncop_2424
bg_ncop_24246003,Специалист развитие на работната сила,24246003,occupation,specialist,higher,4,2025-01-01,true,bg_ncop_2424
bg_ncop_24246004,Организатор обучение,24246004,occupation,specialist,higher,4,2025-01-01,true,bg_ncop_2424
bg_ncop_24316001,Анализатор проучване на пазари,24316001,occupation,specialist,higher,4,2025-01-01,true,bg_ncop_2431
bg_ncop_24316002,Експерт маркетинг,24316002,occupation,specialist,higher,4,2025-01-01,true,bg_ncop_2431
bg_ncop_24316003,Експерт реклама,24316003,occupation,specialist,higher,4,2025-01-01,true,bg_ncop_2431
bg_ncop_24316004,Експерт политика на цените,24316004,occupation,specialist,higher,4,2025-01-01,true,bg_ncop_2431
bg_ncop_24316005,Експерт външна търговия,24316005,occupation,specialist,higher,4,2025-01-01,true,bg_ncop_2431
bg_ncop_24326001,Експерт връзки с обществеността,24326001,occupation,specialist,higher,4,2025-01-01,true,bg_ncop_2432
bg_ncop_24337002,Лекар-медицински представител,24337002,occupation,specialist,higher,4,2025-01-01,true,bg_ncop_2433
bg_ncop_24336003,Специалист продажби в областта на медицината,24336003,occupation,specialist,higher,4,2025-01-01,true,bg_ncop_2433
bg_ncop_24336004,Специалист продажби в областта на  техниката (без информационни и комуникационни технологии),24336004,occupation,specialist,higher,4,2025-01-01,true,bg_ncop_2433
bg_ncop_24346001,Мениджър акаунт: продажби (информационни и комуникационни технологии),24346001,occupation,specialist,higher,4,2025-01-01,true,bg_ncop_2434
bg_ncop_24346002,Търговски представител: ИКТ,24346002,occupation,specialist,higher,4,2025-01-01,true,bg_ncop_2434
bg_ncop_24346003,Агент продажби ИКТ,24346003,occupation,specialist,higher,4,2025-01-01,true,bg_ncop_2434
bg_ncop_24346004,Консултант продажби ИКТ,24346004,occupation,specialist,higher,4,2025-01-01,true,bg_ncop_2434
bg_ncop_24345005,Продуктов мениджър,24345005,occupation,specialist,higher,4,2025-01-01,true,bg_ncop_2434
bg_ncop_25116001,Системен анализатор информационни технологии,25116001,occupation,specialist,higher,4,2025-01-01,true,bg_ncop_2511
bg_ncop_25116002,Бизнес анализатор информационни технологии,25116002,occupation,specialist,higher,4,2025-01-01,true,bg_ncop_2511
bg_ncop_25116003,Експерт анализ и дизайн,25116003,occupation,specialist,higher,4,2025-01-01,true,bg_ncop_2511
bg_ncop_25116004,Проектант информационни системи,25116004,occupation,specialist,higher,4,2025-01-01,true,bg_ncop_2511
bg_ncop_25116005,Бизнес консултант информационни технологии,25116005,occupation,specialist,higher,4,2025-01-01,true,bg_ncop_2511
bg_ncop_25116006,Анализатор САП,25116006,occupation,specialist,higher,4,2025-01-01,true,bg_ncop_2511
bg_ncop_25116007,Консултант САП,25116007,occupation,specialist,higher,4,2025-01-01,true,bg_ncop_2511
bg_ncop_25116008,Научен работник компютърни науки,25116008,occupation,specialist,higher,4,2025-01-01,true,bg_ncop_2511
bg_ncop_25116009,Администратор САП бизнес анализи,25116009,occupation,specialist,higher,4,2025-01-01,true,bg_ncop_2511
bg_ncop_25115010,Системен архитект,25115010,occupation,specialist,higher,4,2025-01-01,true,bg_ncop_2511
bg_ncop_25126001,Експерт проектиране и програмиране,25126001,occupation,specialist,higher,4,2025-01-01,true,bg_ncop_2512
bg_ncop_25126002,Дизайнер софтуер,25126002,occupation,specialist,higher,4,2025-01-01,true,bg_ncop_2512
bg_ncop_25126003,Системен проектант,25126003,occupation,specialist,higher,4,2025-01-01,true,bg_ncop_2512
bg_ncop_25126004,Разработчик софтуер,25126004,occupation,specialist,higher,4,2025-01-01,true,bg_ncop_2512
bg_ncop_25126005,Програмист-аналитик,25126005,occupation,specialist,higher,4,2025-01-01,true,bg_ncop_2512
bg_ncop_25125006,Ръководител ИТ проекти,25125006,occupation,specialist,higher,4,2025-01-01,true,bg_ncop_2512
bg_ncop_25136001,Експерт проектиране компютърни системи и мрежи,25136001,occupation,specialist,higher,4,2025-01-01,true,bg_ncop_2513
bg_ncop_25136002,Програмист уеб сайтове,25136002,occupation,specialist,higher,4,2025-01-01,true,bg_ncop_2513
bg_ncop_25136003,Програмист мултимедия,25136003,occupation,specialist,higher,4,2025-01-01,true,bg_ncop_2513
bg_ncop_25136004,Проектант уеб сайтове,25136004,occupation,specialist,higher,4,2025-01-01,true,bg_ncop_2513
bg_ncop_25136005,Консултант интернет програмиране,25136005,occupation,specialist,higher,4,2025-01-01,true,bg_ncop_2513
bg_ncop_25136006,Разработчик Интернет приложения,25136006,occupation,specialist,higher,4,2025-01-01,true,bg_ncop_2513
bg_ncop_25136007,Разработчик  компютърни игри,25136007,occupation,specialist,higher,4,2025-01-01,true,bg_ncop_2513
bg_ncop_25136008,Разработчик интерактивно съдържание,25136008,occupation,specialist,higher,4,2025-01-01,true,bg_ncop_2513
bg_ncop_25136009,Разработчик мултимедия,25136009,occupation,specialist,higher,4,2025-01-01,true,bg_ncop_2513
bg_ncop_25136010,Специалист мултимедия,25136010,occupation,specialist,higher,4,2025-01-01,true,bg_ncop_2513
bg_ncop_25146001,Програмист софтуерни приложения,25146001,occupation,specialist,higher,4,2025-01-01,true,bg_ncop_2514
bg_ncop_25143002,Специалист приложно програмиране,25143002,occupation,specialist,higher,4,2025-01-01,true,bg_ncop_2514
bg_ncop_25146003,Програмист системи за управление на бизнеса,25146003,occupation,specialist,higher,4,2025-01-01,true,bg_ncop_2514
bg_ncop_25146004,Програмист системи за управление на бази данни,25146004,occupation,specialist,higher,4,2025-01-01,true,bg_ncop_2514
bg_ncop_25145005,Ръководител екип програмисти,25145005,occupation,specialist,higher,4,2025-01-01,true,bg_ncop_2514
bg_ncop_25196001,Експерт системно осигуряване,25196001,occupation,specialist,higher,4,2025-01-01,true,bg_ncop_2519
bg_ncop_25196002,Експерт технологично поддържане,25196002,occupation,specialist,higher,4,2025-01-01,true,bg_ncop_2519
bg_ncop_25196003,Специалист координатор информационни технологии,25196003,occupation,specialist,higher,4,2025-01-01,true,bg_ncop_2519
bg_ncop_25196004,Специалист планиране информационни технологии,25196004,occupation,specialist,higher,4,2025-01-01,true,bg_ncop_2519
bg_ncop_25196005,Специалист тестване софтуер,25196005,occupation,specialist,higher,4,2025-01-01,true,bg_ncop_2519
bg_ncop_25196006,Аналитик компютърно осигуряване на качеството,25196006,occupation,specialist,higher,4,2025-01-01,true,bg_ncop_2519
bg_ncop_25196007,Специалист обучение софтуерни приложения,25196007,occupation,specialist,higher,4,2025-01-01,true,bg_ncop_2519
bg_ncop_25196008,Координатор ИТ проекти,25196008,occupation,specialist,higher,4,2025-01-01,true,bg_ncop_2519
bg_ncop_25216001,Аналитик бази данни,25216001,occupation,specialist,higher,4,2025-01-01,true,bg_ncop_2521
bg_ncop_25216002,Администратор бази данни,25216002,occupation,specialist,higher,4,2025-01-01,true,bg_ncop_2521
bg_ncop_25216003,Експерт системен софтуер за бази данни,25216003,occupation,specialist,higher,4,2025-01-01,true,bg_ncop_2521
bg_ncop_25216004,Проектант бази данни,25216004,occupation,specialist,higher,4,2025-01-01,true,bg_ncop_2521
bg_ncop_25216005,Програмист бази данни,25216005,occupation,specialist,higher,4,2025-01-01,true,bg_ncop_2521
bg_ncop_25226001,Системен администратор,25226001,occupation,specialist,higher,4,2025-01-01,true,bg_ncop_2522
bg_ncop_25226002,Мрежови администратор,25226002,occupation,specialist,higher,4,2025-01-01,true,bg_ncop_2522
bg_ncop_25226003,Администратор информационни системи,25226003,occupation,specialist,higher,4,2025-01-01,true,bg_ncop_2522
bg_ncop_25226004,Приложен администратор,25226004,occupation,specialist,higher,4,2025-01-01,true,bg_ncop_2522
bg_ncop_25226005,Администратор компютърни системи,25226005,occupation,specialist,higher,4,2025-01-01,true,bg_ncop_2522
bg_ncop_25226006,Консултант администриране на системи,25226006,occupation,specialist,higher,4,2025-01-01,true,bg_ncop_2522
bg_ncop_25226007,Мениджър администриране на системи,25226007,occupation,specialist,higher,4,2025-01-01,true,bg_ncop_2522
bg_ncop_25226008,Експерт администриране на системи,25226008,occupation,specialist,higher,4,2025-01-01,true,bg_ncop_2522
bg_ncop_25226009,Специалист компютърни мрежи и системи,25226009,occupation,specialist,higher,4,2025-01-01,true,bg_ncop_2522
bg_ncop_25236001,Аналитик компютърни  мрежи,25236001,occupation,specialist,higher,4,2025-01-01,true,bg_ncop_2523
bg_ncop_25236002,Аналитик компютърни комуникации,25236002,occupation,specialist,higher,4,2025-01-01,true,bg_ncop_2523
bg_ncop_25236003,Програмист комуникации,25236003,occupation,specialist,higher,4,2025-01-01,true,bg_ncop_2523
bg_ncop_25296001,Експерт сигурност на информационни и комуникационни технологии,25296001,occupation,specialist,higher,4,2025-01-01,true,bg_ncop_2529
bg_ncop_25296002,Експерт информационно осигуряване,25296002,occupation,specialist,higher,4,2025-01-01,true,bg_ncop_2529
bg_ncop_25296003,Експерт извличане на данни,25296003,occupation,specialist,higher,4,2025-01-01,true,bg_ncop_2529
bg_ncop_25296004,Консултант компютърни престъпления,25296004,occupation,specialist,higher,4,2025-01-01,true,bg_ncop_2529
bg_ncop_25296005,Консултант сигурност на данни,25296005,occupation,specialist,higher,4,2025-01-01,true,bg_ncop_2529
bg_ncop_25296006,Специалист обработка на данни,25296006,occupation,specialist,higher,4,2025-01-01,true,bg_ncop_2529
bg_ncop_25296007,Специалист компютърни престъпления,25296007,occupation,specialist,higher,4,2025-01-01,true,bg_ncop_2529
bg_ncop_25296008,Специалист сигурност на данни,25296008,occupation,specialist,higher,4,2025-01-01,true,bg_ncop_2529
bg_ncop_26117001,Прокурор Върховна касационна прокуратура,26117001,occupation,specialist,higher,4,2025-01-01,true,bg_ncop_2611
bg_ncop_26117002,Прокурор Върховна административна прокуратура,26117002,occupation,specialist,higher,4,2025-01-01,true,bg_ncop_2611
bg_ncop_26117003,Следовател Национална следствена служба,26117003,occupation,specialist,higher,4,2025-01-01,true,bg_ncop_2611
bg_ncop_26117007,Завеждащ отдел Върховна касационна прокуратура,26117007,occupation,specialist,higher,4,2025-01-01,true,bg_ncop_2611
bg_ncop_26117008,Завеждащ отдел Върховна административна прокуратура,26117008,occupation,specialist,higher,4,2025-01-01,true,bg_ncop_2611
bg_ncop_26117009,Ръководител отдел Национална следствена служба,26117009,occupation,specialist,higher,4,2025-01-01,true,bg_ncop_2611
bg_ncop_26117010,Директор Окръжна следствена служба,26117010,occupation,specialist,higher,4,2025-01-01,true,bg_ncop_2611
bg_ncop_26117011,Адвокат,26117011,occupation,specialist,higher,4,2025-01-01,true,bg_ncop_2611
bg_ncop_26117012,Младши прокурор,26117012,occupation,specialist,higher,4,2025-01-01,true,bg_ncop_2611
bg_ncop_26117013,Прокурор градска прокуратура,26117013,occupation,specialist,higher,4,2025-01-01,true,bg_ncop_2611
bg_ncop_26117014,Прокурор окръжна прокуратура,26117014,occupation,specialist,higher,4,2025-01-01,true,bg_ncop_2611
bg_ncop_26117015,Прокурор районна прокуратура,26117015,occupation,specialist,higher,4,2025-01-01,true,bg_ncop_2611
bg_ncop_26117016,Стажант-адвокат,26117016,occupation,specialist,higher,4,2025-01-01,true,bg_ncop_2611
bg_ncop_26117017,Младши адвокат,26117017,occupation,specialist,higher,4,2025-01-01,true,bg_ncop_2611
bg_ncop_26117020,Следовател следствена служба,26117020,occupation,specialist,higher,4,2025-01-01,true,bg_ncop_2611
bg_ncop_26117021,Юрисконсулт,26117021,occupation,specialist,higher,4,2025-01-01,true,bg_ncop_2611
bg_ncop_26117022,Главен юрисконсулт,26117022,occupation,specialist,higher,4,2025-01-01,true,bg_ncop_2611
bg_ncop_26117023,Старши юрисконсулт,26117023,occupation,specialist,higher,4,2025-01-01,true,bg_ncop_2611
bg_ncop_26117024,Младши юристконсулт,26117024,occupation,specialist,higher,4,2025-01-01,true,bg_ncop_2611
bg_ncop_26117025,Младши следовател,26117025,occupation,specialist,higher,4,2025-01-01,true,bg_ncop_2611
bg_ncop_26129001,Съдия Конституционен съд,26129001,occupation,specialist,higher,4,2025-01-01,true,bg_ncop_2612
bg_ncop_26127002,Съдия Върховен касационен съд,26127002,occupation,specialist,higher,4,2025-01-01,true,bg_ncop_2612
bg_ncop_26127003,Съдия Върховен административен съд,26127003,occupation,specialist,higher,4,2025-01-01,true,bg_ncop_2612
bg_ncop_26127004,Младши съдия,26127004,occupation,specialist,higher,4,2025-01-01,true,bg_ncop_2612
bg_ncop_26127005,Стажант-съдия,26127005,occupation,specialist,higher,4,2025-01-01,true,bg_ncop_2612
bg_ncop_26127006,Съдия,26127006,occupation,specialist,higher,4,2025-01-01,true,bg_ncop_2612
bg_ncop_26127007,Съдия по вписванията,26127007,occupation,specialist,higher,4,2025-01-01,true,bg_ncop_2612
bg_ncop_26127008,Държавен съдебен изпълнител,26127008,occupation,specialist,higher,4,2025-01-01,true,bg_ncop_2612
bg_ncop_26127009,Частен съдебен изпълнител,26127009,occupation,specialist,higher,4,2025-01-01,true,bg_ncop_2612
bg_ncop_26197002,Нотариус,26197002,occupation,specialist,higher,4,2025-01-01,true,bg_ncop_2619
bg_ncop_26197003,Помощник-нотариус,26197003,occupation,specialist,higher,4,2025-01-01,true,bg_ncop_2619
bg_ncop_26197007,Правен съветник,26197007,occupation,specialist,higher,4,2025-01-01,true,bg_ncop_2619
bg_ncop_26195009,Ръководител юридически екип,26195009,occupation,specialist,higher,4,2025-01-01,true,bg_ncop_2619
bg_ncop_26195010,Инспектор в Инспектората към Висшия съдебен съвет,26195010,occupation,specialist,higher,4,2025-01-01,true,bg_ncop_2619
bg_ncop_26195011,Експерт в Инспектората към Висшия съдебен съвет,26195011,occupation,specialist,higher,4,2025-01-01,true,bg_ncop_2619
bg_ncop_26195012,Съдебен администратор,26195012,occupation,specialist,higher,4,2025-01-01,true,bg_ncop_2619
bg_ncop_26195013,Съдебен помощник,26195013,occupation,specialist,higher,4,2025-01-01,true,bg_ncop_2619
bg_ncop_26195014,Прокурорски помощник,26195014,occupation,specialist,higher,4,2025-01-01,true,bg_ncop_2619
bg_ncop_26195015,Съдебен съветник,26195015,occupation,specialist,higher,4,2025-01-01,true,bg_ncop_2619
bg_ncop_26197016,Главен инспектор в Инспектората към Висшия съдебен съвет,26197016,occupation,specialist,higher,4,2025-01-01,true,bg_ncop_2619
bg_ncop_26217001,Главен уредник музей,26217001,occupation,specialist,higher,4,2025-01-01,true,bg_ncop_2621
bg_ncop_26217002,Главен архивист,26217002,occupation,specialist,higher,4,2025-01-01,true,bg_ncop_2621
bg_ncop_26217003,Главен уредник галерия за изкуства,26217003,occupation,specialist,higher,4,2025-01-01,true,bg_ncop_2621
bg_ncop_26216004,Уредник музей,26216004,occupation,specialist,higher,4,2025-01-01,true,bg_ncop_2621
bg_ncop_26216005,Уредник галерия за изкуства,26216005,occupation,specialist,higher,4,2025-01-01,true,bg_ncop_2621
bg_ncop_26216006,Уредник зооколекция в зоологическа градина,26216006,occupation,specialist,higher,4,2025-01-01,true,bg_ncop_2621
bg_ncop_26216007,Архивист,26216007,occupation,specialist,higher,4,2025-01-01,true,bg_ncop_2621
bg_ncop_26216008,Завеждащ филиал музей,26216008,occupation,specialist,higher,4,2025-01-01,true,bg_ncop_2621
bg_ncop_26216009,Уредник културен институт,26216009,occupation,specialist,higher,4,2025-01-01,true,bg_ncop_2621
bg_ncop_26216010,Куратор,26216010,occupation,specialist,higher,4,2025-01-01,true,bg_ncop_2621
bg_ncop_26216011,Музеен педагог,26216011,occupation,specialist,higher,4,2025-01-01,true,bg_ncop_2621
bg_ncop_26225001,Библиотекар,26225001,occupation,specialist,higher,4,2025-01-01,true,bg_ncop_2622
bg_ncop_26226002,Библиотекар-експерт,26226002,occupation,specialist,higher,4,2025-01-01,true,bg_ncop_2622
bg_ncop_26227003,Главен библиотекар,26227003,occupation,specialist,higher,4,2025-01-01,true,bg_ncop_2622
bg_ncop_26226004,Методист библиотека,26226004,occupation,specialist,higher,4,2025-01-01,true,bg_ncop_2622
bg_ncop_26225005,Библиотекар-специалист,26225005,occupation,specialist,higher,4,2025-01-01,true,bg_ncop_2622
bg_ncop_26225006,Библиограф,26225006,occupation,specialist,higher,4,2025-01-01,true,bg_ncop_2622
bg_ncop_26226007,Библиограф-експерт,26226007,occupation,specialist,higher,4,2025-01-01,true,bg_ncop_2622
bg_ncop_26227008,Главен библиограф,26227008,occupation,specialist,higher,4,2025-01-01,true,bg_ncop_2622
bg_ncop_26225009,Библиограф-информатор,26225009,occupation,specialist,higher,4,2025-01-01,true,bg_ncop_2622
bg_ncop_26226010,Документалист,26226010,occupation,specialist,higher,4,2025-01-01,true,bg_ncop_2622
bg_ncop_26226011,Експерт икономическа информация,26226011,occupation,specialist,higher,4,2025-01-01,true,bg_ncop_2622
bg_ncop_26226012,Експерт техническа информация,26226012,occupation,specialist,higher,4,2025-01-01,true,bg_ncop_2622
bg_ncop_26316001,Икономически съветник,26316001,occupation,specialist,higher,4,2025-01-01,true,bg_ncop_2631
bg_ncop_26316002,Икономически анализатор,26316002,occupation,specialist,higher,4,2025-01-01,true,bg_ncop_2631
bg_ncop_26316003,Специалист иконометрия,26316003,occupation,specialist,higher,4,2025-01-01,true,bg_ncop_2631
bg_ncop_26317004,Главен икономист,26317004,occupation,specialist,higher,4,2025-01-01,true,bg_ncop_2631
bg_ncop_26316005,Икономист банково дело,26316005,occupation,specialist,higher,4,2025-01-01,true,bg_ncop_2631
bg_ncop_26316006,Икономист външна търговия,26316006,occupation,specialist,higher,4,2025-01-01,true,bg_ncop_2631
bg_ncop_26316007,Икономист данъчно облагане,26316007,occupation,specialist,higher,4,2025-01-01,true,bg_ncop_2631
bg_ncop_26316008,Икономист доходи и жизнен стандарт,26316008,occupation,specialist,higher,4,2025-01-01,true,bg_ncop_2631
bg_ncop_26316009,Икономист иконометрия,26316009,occupation,specialist,higher,4,2025-01-01,true,bg_ncop_2631
bg_ncop_26316010,Икономист индустриални отношения,26316010,occupation,specialist,higher,4,2025-01-01,true,bg_ncop_2631
bg_ncop_26316011,Икономист индустрия,26316011,occupation,specialist,higher,4,2025-01-01,true,bg_ncop_2631
bg_ncop_26316012,Икономист организация и управление,26316012,occupation,specialist,higher,4,2025-01-01,true,bg_ncop_2631
bg_ncop_26316013,Икономист организация на производството,26316013,occupation,specialist,higher,4,2025-01-01,true,bg_ncop_2631
bg_ncop_26316014,Икономист организация на труда,26316014,occupation,specialist,higher,4,2025-01-01,true,bg_ncop_2631
bg_ncop_26316015,Икономист селско стопанство,26316015,occupation,specialist,higher,4,2025-01-01,true,bg_ncop_2631
bg_ncop_26316016,Икономист социални грижи и подпомагане,26316016,occupation,specialist,higher,4,2025-01-01,true,bg_ncop_2631
bg_ncop_26316017,Икономист социално застраховане,26316017,occupation,specialist,higher,4,2025-01-01,true,bg_ncop_2631
bg_ncop_26316018,Икономист социално осигуряване,26316018,occupation,specialist,higher,4,2025-01-01,true,bg_ncop_2631
bg_ncop_26316019,Икономист транспорт,26316019,occupation,specialist,higher,4,2025-01-01,true,bg_ncop_2631
bg_ncop_26316020,Икономист труд,26316020,occupation,specialist,higher,4,2025-01-01,true,bg_ncop_2631
bg_ncop_26316021,Икономист туризъм,26316021,occupation,specialist,higher,4,2025-01-01,true,bg_ncop_2631
bg_ncop_26316022,Икономист търговия,26316022,occupation,specialist,higher,4,2025-01-01,true,bg_ncop_2631
bg_ncop_26316023,Икономист управление на персонала,26316023,occupation,specialist,higher,4,2025-01-01,true,bg_ncop_2631
bg_ncop_26316024,Икономист финанси,26316024,occupation,specialist,higher,4,2025-01-01,true,bg_ncop_2631
bg_ncop_26316025,Икономист цени,26316025,occupation,specialist,higher,4,2025-01-01,true,bg_ncop_2631
bg_ncop_26316026,Икономист плановик,26316026,occupation,specialist,higher,4,2025-01-01,true,bg_ncop_2631
bg_ncop_26316027,Икономист себестойчик,26316027,occupation,specialist,higher,4,2025-01-01,true,bg_ncop_2631
bg_ncop_26316028,Икономист обществени поръчки,26316028,occupation,specialist,higher,4,2025-01-01,true,bg_ncop_2631
bg_ncop_26316029,Икономист,26316029,occupation,specialist,higher,4,2025-01-01,true,bg_ncop_2631
bg_ncop_26315030,Главен касиер,26315030,occupation,specialist,higher,4,2025-01-01,true,bg_ncop_2631
bg_ncop_26326001,Антрополог,26326001,occupation,specialist,higher,4,2025-01-01,true,bg_ncop_2632
bg_ncop_26326002,Археолог,26326002,occupation,specialist,higher,4,2025-01-01,true,bg_ncop_2632
bg_ncop_26326003,Географ,26326003,occupation,specialist,higher,4,2025-01-01,true,bg_ncop_2632
bg_ncop_26326004,Географ икономическа география,26326004,occupation,specialist,higher,4,2025-01-01,true,bg_ncop_2632
bg_ncop_26326005,Географ политическа география,26326005,occupation,specialist,higher,4,2025-01-01,true,bg_ncop_2632
bg_ncop_26326006,Географ физическа география,26326006,occupation,specialist,higher,4,2025-01-01,true,bg_ncop_2632
bg_ncop_26326007,Етнолог,26326007,occupation,specialist,higher,4,2025-01-01,true,bg_ncop_2632
bg_ncop_26326008,Криминолог,26326008,occupation,specialist,higher,4,2025-01-01,true,bg_ncop_2632
bg_ncop_26326009,Пенолог,26326009,occupation,specialist,higher,4,2025-01-01,true,bg_ncop_2632
bg_ncop_26326010,Социолог,26326010,occupation,specialist,higher,4,2025-01-01,true,bg_ncop_2632
bg_ncop_26326011,Социолог криминолог,26326011,occupation,specialist,higher,4,2025-01-01,true,bg_ncop_2632
bg_ncop_26326012,Социолог пенолог,26326012,occupation,specialist,higher,4,2025-01-01,true,bg_ncop_2632
bg_ncop_26326013,Социолог производствен,26326013,occupation,specialist,higher,4,2025-01-01,true,bg_ncop_2632
bg_ncop_26326014,Социолог социална патология,26326014,occupation,specialist,higher,4,2025-01-01,true,bg_ncop_2632
bg_ncop_26326015,Социален антрополог,26326015,occupation,specialist,higher,4,2025-01-01,true,bg_ncop_2632
bg_ncop_26326016,Специалист по културен туризъм,26326016,occupation,specialist,higher,4,2025-01-01,true,bg_ncop_2632
bg_ncop_26336001,Генеалог,26336001,occupation,specialist,higher,4,2025-01-01,true,bg_ncop_2633
bg_ncop_26336002,Историк,26336002,occupation,specialist,higher,4,2025-01-01,true,bg_ncop_2633
bg_ncop_26336003,Политолог,26336003,occupation,specialist,higher,4,2025-01-01,true,bg_ncop_2633
bg_ncop_26336004,Философ,26336004,occupation,specialist,higher,4,2025-01-01,true,bg_ncop_2633
bg_ncop_26346001,Психолог,26346001,occupation,specialist,higher,4,2025-01-01,true,bg_ncop_2634
bg_ncop_26346002,Психолог клиничен,26346002,occupation,specialist,higher,4,2025-01-01,true,bg_ncop_2634
bg_ncop_26346003,Психолог училищен,26346003,occupation,specialist,higher,4,2025-01-01,true,bg_ncop_2634
bg_ncop_26346004,Психотерапевт,26346004,occupation,specialist,higher,4,2025-01-01,true,bg_ncop_2634
bg_ncop_26346005,Арт терапевт,26346005,occupation,specialist,higher,4,2025-01-01,true,bg_ncop_2634
bg_ncop_26356001,Експерт здравно осигуряване,26356001,occupation,specialist,higher,4,2025-01-01,true,bg_ncop_2635
bg_ncop_26356002,Социален работник в социална услуга,26356002,occupation,specialist,higher,4,2025-01-01,true,bg_ncop_2635
bg_ncop_26356003,Социален работник,26356003,occupation,specialist,higher,4,2025-01-01,true,bg_ncop_2635
bg_ncop_26356004,"Социален работник, закрила на детето",26356004,occupation,specialist,higher,4,2025-01-01,true,bg_ncop_2635
bg_ncop_26356005,"Социален работник, социално подпомагане",26356005,occupation,specialist,higher,4,2025-01-01,true,bg_ncop_2635
bg_ncop_26356006,Социален работник за работа със семейство,26356006,occupation,specialist,higher,4,2025-01-01,true,bg_ncop_2635
bg_ncop_26356007,Специалист социални дейности,26356007,occupation,specialist,higher,4,2025-01-01,true,bg_ncop_2635
bg_ncop_26356008,Социален работник за работа с лица с девиантно поведение,26356008,occupation,specialist,higher,4,2025-01-01,true,bg_ncop_2635
bg_ncop_26356009,"Социален работник, хора с увреждания и социални услуги",26356009,occupation,specialist,higher,4,2025-01-01,true,bg_ncop_2635
bg_ncop_26356010,Специалист в социална услуга,26356010,occupation,specialist,higher,4,2025-01-01,true,bg_ncop_2635
bg_ncop_26356011,Социален работник за работа с лица извършили престъпления,26356011,occupation,specialist,higher,4,2025-01-01,true,bg_ncop_2635
bg_ncop_26356012,Специалист социални дейности (община),26356012,occupation,specialist,higher,4,2025-01-01,true,bg_ncop_2635
bg_ncop_26356013,Специалист социални дейности (в социално предприятие),26356013,occupation,specialist,higher,4,2025-01-01,true,bg_ncop_2635
bg_ncop_26356014,Специалист социални дейности (семейно планиране),26356014,occupation,specialist,higher,4,2025-01-01,true,bg_ncop_2635
bg_ncop_26356015,Специалист социално подпомагане и ориентиране (за лица намиращи се в затвора),26356015,occupation,specialist,higher,4,2025-01-01,true,bg_ncop_2635
bg_ncop_26356016,Стажант-специалист социални дейности,26356016,occupation,specialist,higher,4,2025-01-01,true,bg_ncop_2635
bg_ncop_26356017,Семеен консултант,26356017,occupation,specialist,higher,4,2025-01-01,true,bg_ncop_2635
bg_ncop_26356018,Инспектор пробация,26356018,occupation,specialist,higher,4,2025-01-01,true,bg_ncop_2635
bg_ncop_26356019,Консултант деца и младежи,26356019,occupation,specialist,higher,4,2025-01-01,true,bg_ncop_2635
bg_ncop_26356020,Брачен консултант,26356020,occupation,specialist,higher,4,2025-01-01,true,bg_ncop_2635
bg_ncop_26356021,Предприемач в социалната работа,26356021,occupation,specialist,higher,4,2025-01-01,true,bg_ncop_2635
bg_ncop_26356022,Социален педагог,26356022,occupation,specialist,higher,4,2025-01-01,true,bg_ncop_2635
bg_ncop_26355023,Гериатричен специалист,26355023,occupation,specialist,higher,4,2025-01-01,true,bg_ncop_2635
bg_ncop_26369001,Архиепископ,26369001,occupation,specialist,higher,4,2025-01-01,true,bg_ncop_2636
bg_ncop_26369002,Викарий,26369002,occupation,specialist,higher,4,2025-01-01,true,bg_ncop_2636
bg_ncop_26369003,Владика,26369003,occupation,specialist,higher,4,2025-01-01,true,bg_ncop_2636
bg_ncop_26369004,Епископ,26369004,occupation,specialist,higher,4,2025-01-01,true,bg_ncop_2636
bg_ncop_26369005,Енорийски свещеник,26369005,occupation,specialist,higher,4,2025-01-01,true,bg_ncop_2636
bg_ncop_26369006,Имам,26369006,occupation,specialist,higher,4,2025-01-01,true,bg_ncop_2636
bg_ncop_26369007,Капелан,26369007,occupation,specialist,higher,4,2025-01-01,true,bg_ncop_2636
bg_ncop_26369008,Кюре,26369008,occupation,specialist,higher,4,2025-01-01,true,bg_ncop_2636
bg_ncop_26369009,Мисионер,26369009,occupation,specialist,higher,4,2025-01-01,true,bg_ncop_2636
bg_ncop_26369010,Мюфтия,26369010,occupation,specialist,higher,4,2025-01-01,true,bg_ncop_2636
bg_ncop_26369011,Пастор,26369011,occupation,specialist,higher,4,2025-01-01,true,bg_ncop_2636
bg_ncop_26369012,Проповедник,26369012,occupation,specialist,higher,4,2025-01-01,true,bg_ncop_2636
bg_ncop_26369013,Равин,26369013,occupation,specialist,higher,4,2025-01-01,true,bg_ncop_2636
bg_ncop_26369014,Теолог,26369014,occupation,specialist,higher,4,2025-01-01,true,bg_ncop_2636
bg_ncop_26364015,Митрополитски дякон,26364015,occupation,specialist,higher,4,2025-01-01,true,bg_ncop_2636
bg_ncop_26364016,Патриаршески дякон,26364016,occupation,specialist,higher,4,2025-01-01,true,bg_ncop_2636
bg_ncop_26364017,Свещеник - ефимерий,26364017,occupation,specialist,higher,4,2025-01-01,true,bg_ncop_2636
bg_ncop_26365018,Архиерейски наместник,26365018,occupation,specialist,higher,4,2025-01-01,true,bg_ncop_2636
bg_ncop_26365019,Дякон,26365019,occupation,specialist,higher,4,2025-01-01,true,bg_ncop_2636
bg_ncop_26365020,Епархийски духовен надзорник,26365020,occupation,specialist,higher,4,2025-01-01,true,bg_ncop_2636
bg_ncop_26365021,Протосингел,26365021,occupation,specialist,higher,4,2025-01-01,true,bg_ncop_2636
bg_ncop_26418001,Писател поет,26418001,occupation,specialist,higher,4,2025-01-01,true,bg_ncop_2641
bg_ncop_26416002,Биограф,26416002,occupation,specialist,higher,4,2025-01-01,true,bg_ncop_2641
bg_ncop_26416003,Драматург,26416003,occupation,specialist,higher,4,2025-01-01,true,bg_ncop_2641
bg_ncop_26416004,Есеист,26416004,occupation,specialist,higher,4,2025-01-01,true,bg_ncop_2641
bg_ncop_26416005,Литературен сътрудник,26416005,occupation,specialist,higher,4,2025-01-01,true,bg_ncop_2641
bg_ncop_26416006,Рецензент,26416006,occupation,specialist,higher,4,2025-01-01,true,bg_ncop_2641
bg_ncop_26416007,Сценарист,26416007,occupation,specialist,higher,4,2025-01-01,true,bg_ncop_2641
bg_ncop_26416008,Редактор книги,26416008,occupation,specialist,higher,4,2025-01-01,true,bg_ncop_2641
bg_ncop_26417009,Консултант драматургичен,26417009,occupation,specialist,higher,4,2025-01-01,true,bg_ncop_2641
bg_ncop_26417010,Критик,26417010,occupation,specialist,higher,4,2025-01-01,true,bg_ncop_2641
bg_ncop_26416011,Автор на техническа документация,26416011,occupation,specialist,higher,4,2025-01-01,true,bg_ncop_2641
bg_ncop_26427001,Главен редактор,26427001,occupation,specialist,higher,4,2025-01-01,true,bg_ncop_2642
bg_ncop_26427002,Заместник-главен редактор,26427002,occupation,specialist,higher,4,2025-01-01,true,bg_ncop_2642
bg_ncop_26427003,Завеждащ редакция,26427003,occupation,specialist,higher,4,2025-01-01,true,bg_ncop_2642
bg_ncop_26427004,Редактор вестник списание,26427004,occupation,specialist,higher,4,2025-01-01,true,bg_ncop_2642
bg_ncop_26426005,Продуцент телевизионни новини,26426005,occupation,specialist,higher,4,2025-01-01,true,bg_ncop_2642
bg_ncop_26427006,Завеждащ кореспондентски пункт,26427006,occupation,specialist,higher,4,2025-01-01,true,bg_ncop_2642
bg_ncop_26424007,Стажант-репортер,26424007,occupation,specialist,higher,4,2025-01-01,true,bg_ncop_2642
bg_ncop_26424008,Стажант-редактор,26424008,occupation,specialist,higher,4,2025-01-01,true,bg_ncop_2642
bg_ncop_26426009,Журналист,26426009,occupation,specialist,higher,4,2025-01-01,true,bg_ncop_2642
bg_ncop_26426010,Колонист,26426010,occupation,specialist,higher,4,2025-01-01,true,bg_ncop_2642
bg_ncop_26426011,Коментатор,26426011,occupation,specialist,higher,4,2025-01-01,true,bg_ncop_2642
bg_ncop_26426012,Кореспондент,26426012,occupation,specialist,higher,4,2025-01-01,true,bg_ncop_2642
bg_ncop_26426013,Отговорен секретар вестник списание,26426013,occupation,specialist,higher,4,2025-01-01,true,bg_ncop_2642
bg_ncop_26426014,Репортер журналист в радио,26426014,occupation,specialist,higher,4,2025-01-01,true,bg_ncop_2642
bg_ncop_26426015,Репортер журналист в телевизия,26426015,occupation,specialist,higher,4,2025-01-01,true,bg_ncop_2642
bg_ncop_26426016,Репортер журналист във вестник списание,26426016,occupation,specialist,higher,4,2025-01-01,true,bg_ncop_2642
bg_ncop_26426017,Репортер журналист в информационна агенция,26426017,occupation,specialist,higher,4,2025-01-01,true,bg_ncop_2642
bg_ncop_26425018,Наблюдател радио медия,26425018,occupation,specialist,higher,4,2025-01-01,true,bg_ncop_2642
bg_ncop_26425019,Ръководител екип радио телевизия БТА,26425019,occupation,specialist,higher,4,2025-01-01,true,bg_ncop_2642
bg_ncop_26426020,Редактор,26426020,occupation,specialist,higher,4,2025-01-01,true,bg_ncop_2642
bg_ncop_26426021,Медиен омбудсман,26426021,occupation,specialist,higher,4,2025-01-01,true,bg_ncop_2642
bg_ncop_26436001,Графолог,26436001,occupation,specialist,higher,4,2025-01-01,true,bg_ncop_2643
bg_ncop_26436002,Етимолог,26436002,occupation,specialist,higher,4,2025-01-01,true,bg_ncop_2643
bg_ncop_26436003,Лексикограф,26436003,occupation,specialist,higher,4,2025-01-01,true,bg_ncop_2643
bg_ncop_26436004,Лингвист,26436004,occupation,specialist,higher,4,2025-01-01,true,bg_ncop_2643
bg_ncop_26436005,Морфолог,26436005,occupation,specialist,higher,4,2025-01-01,true,bg_ncop_2643
bg_ncop_26436006,Преводач,26436006,occupation,specialist,higher,4,2025-01-01,true,bg_ncop_2643
bg_ncop_26436007,Преводач-редактор,26436007,occupation,specialist,higher,4,2025-01-01,true,bg_ncop_2643
bg_ncop_26436008,Семасиолог,26436008,occupation,specialist,higher,4,2025-01-01,true,bg_ncop_2643
bg_ncop_26436009,Филолог,26436009,occupation,specialist,higher,4,2025-01-01,true,bg_ncop_2643
bg_ncop_26436010,Филолог графолог,26436010,occupation,specialist,higher,4,2025-01-01,true,bg_ncop_2643
bg_ncop_26436011,Филолог етимолог,26436011,occupation,specialist,higher,4,2025-01-01,true,bg_ncop_2643
bg_ncop_26436012,Филолог лексикограф,26436012,occupation,specialist,higher,4,2025-01-01,true,bg_ncop_2643
bg_ncop_26436013,Филолог морфолог,26436013,occupation,specialist,higher,4,2025-01-01,true,bg_ncop_2643
bg_ncop_26436014,Филолог семантолог,26436014,occupation,specialist,higher,4,2025-01-01,true,bg_ncop_2643
bg_ncop_26436015,Филолог фонолог,26436015,occupation,specialist,higher,4,2025-01-01,true,bg_ncop_2643
bg_ncop_26436016,Фонолог,26436016,occupation,specialist,higher,4,2025-01-01,true,bg_ncop_2643
bg_ncop_26433018,Преводач-говорител,26433018,occupation,specialist,higher,4,2025-01-01,true,bg_ncop_2643
bg_ncop_26516001,Гравьор офортист,26516001,occupation,specialist,higher,4,2025-01-01,true,bg_ncop_2651
bg_ncop_26516002,Конструктор кукли,26516002,occupation,specialist,higher,4,2025-01-01,true,bg_ncop_2651
bg_ncop_26516003,Художествен редактор,26516003,occupation,specialist,higher,4,2025-01-01,true,bg_ncop_2651
bg_ncop_26517004,Главен художник,26517004,occupation,specialist,higher,4,2025-01-01,true,bg_ncop_2651
bg_ncop_26517005,Изкуствовед,26517005,occupation,specialist,higher,4,2025-01-01,true,bg_ncop_2651
bg_ncop_26517006,Консерватор реставратор,26517006,occupation,specialist,higher,4,2025-01-01,true,bg_ncop_2651
bg_ncop_26518007,Карикатурист,26518007,occupation,specialist,higher,4,2025-01-01,true,bg_ncop_2651
bg_ncop_26518008,Скулптор,26518008,occupation,specialist,higher,4,2025-01-01,true,bg_ncop_2651
bg_ncop_26518009,Художник,26518009,occupation,specialist,higher,4,2025-01-01,true,bg_ncop_2651
bg_ncop_26518010,Художник график,26518010,occupation,specialist,higher,4,2025-01-01,true,bg_ncop_2651
bg_ncop_26518011,Художник гримьор,26518011,occupation,specialist,higher,4,2025-01-01,true,bg_ncop_2651
bg_ncop_26518012,Художник приложник,26518012,occupation,specialist,higher,4,2025-01-01,true,bg_ncop_2651
bg_ncop_26518013,Художник проектант,26518013,occupation,specialist,higher,4,2025-01-01,true,bg_ncop_2651
bg_ncop_26518014,Художник сценични костюми,26518014,occupation,specialist,higher,4,2025-01-01,true,bg_ncop_2651
bg_ncop_26518015,Художник живопис,26518015,occupation,specialist,higher,4,2025-01-01,true,bg_ncop_2651
bg_ncop_26518016,Художник миниатюри,26518016,occupation,specialist,higher,4,2025-01-01,true,bg_ncop_2651
bg_ncop_26518017,Художник постер,26518017,occupation,specialist,higher,4,2025-01-01,true,bg_ncop_2651
bg_ncop_26518018,Художник търговска реклама,26518018,occupation,specialist,higher,4,2025-01-01,true,bg_ncop_2651
bg_ncop_26526001,Акомпаниатор,26526001,occupation,specialist,higher,4,2025-01-01,true,bg_ncop_2652
bg_ncop_26526002,Инспектор на оркестър,26526002,occupation,specialist,higher,4,2025-01-01,true,bg_ncop_2652
bg_ncop_26526003,Инспектор на хор,26526003,occupation,specialist,higher,4,2025-01-01,true,bg_ncop_2652
bg_ncop_26526004,Оркестрант,26526004,occupation,specialist,higher,4,2025-01-01,true,bg_ncop_2652
bg_ncop_26526005,Помощник-концертмайстор,26526005,occupation,specialist,higher,4,2025-01-01,true,bg_ncop_2652
bg_ncop_26526006,Солист-оркестрант,26526006,occupation,specialist,higher,4,2025-01-01,true,bg_ncop_2652
bg_ncop_26526007,Експерт концертна дейност,26526007,occupation,specialist,higher,4,2025-01-01,true,bg_ncop_2652
bg_ncop_26527008,Вокален педагог,26527008,occupation,specialist,higher,4,2025-01-01,true,bg_ncop_2652
bg_ncop_26527009,Главен диригент,26527009,occupation,specialist,higher,4,2025-01-01,true,bg_ncop_2652
bg_ncop_26527010,Главен хормайстор,26527010,occupation,specialist,higher,4,2025-01-01,true,bg_ncop_2652
bg_ncop_26527011,Диригент,26527011,occupation,specialist,higher,4,2025-01-01,true,bg_ncop_2652
bg_ncop_26527012,Концертмайстор,26527012,occupation,specialist,higher,4,2025-01-01,true,bg_ncop_2652
bg_ncop_26527013,Музикален ръководител,26527013,occupation,specialist,higher,4,2025-01-01,true,bg_ncop_2652
bg_ncop_26527014,Музиковед,26527014,occupation,specialist,higher,4,2025-01-01,true,bg_ncop_2652
bg_ncop_26527015,Музиколог,26527015,occupation,specialist,higher,4,2025-01-01,true,bg_ncop_2652
bg_ncop_26527016,Оркестратор,26527016,occupation,specialist,higher,4,2025-01-01,true,bg_ncop_2652
bg_ncop_26527017,Хормайстор,26527017,occupation,specialist,higher,4,2025-01-01,true,bg_ncop_2652
bg_ncop_26528018,Артист-хорист,26528018,occupation,specialist,higher,4,2025-01-01,true,bg_ncop_2652
bg_ncop_26528019,Артист-солист опера оперета мюзикъл,26528019,occupation,specialist,higher,4,2025-01-01,true,bg_ncop_2652
bg_ncop_26528020,Джазов певец,26528020,occupation,specialist,higher,4,2025-01-01,true,bg_ncop_2652
bg_ncop_26528021,Естраден певец,26528021,occupation,specialist,higher,4,2025-01-01,true,bg_ncop_2652
bg_ncop_26528022,Инструменталист солист,26528022,occupation,specialist,higher,4,2025-01-01,true,bg_ncop_2652
bg_ncop_26528023,Композитор,26528023,occupation,specialist,higher,4,2025-01-01,true,bg_ncop_2652
bg_ncop_26528024,Корепетитор,26528024,occupation,specialist,higher,4,2025-01-01,true,bg_ncop_2652
bg_ncop_26528025,Певец фолклор,26528025,occupation,specialist,higher,4,2025-01-01,true,bg_ncop_2652
bg_ncop_26528026,Музикант,26528026,occupation,specialist,higher,4,2025-01-01,true,bg_ncop_2652
bg_ncop_26528027,Певец,26528027,occupation,specialist,higher,4,2025-01-01,true,bg_ncop_2652
bg_ncop_26528028,Фолклорист,26528028,occupation,specialist,higher,4,2025-01-01,true,bg_ncop_2652
bg_ncop_26537001,Танцов художествен ръководител,26537001,occupation,specialist,higher,4,2025-01-01,true,bg_ncop_2653
bg_ncop_26535002,Хореограф,26535002,occupation,specialist,higher,4,2025-01-01,true,bg_ncop_2653
bg_ncop_26533003,Танцьор,26533003,occupation,specialist,higher,4,2025-01-01,true,bg_ncop_2653
bg_ncop_26533004,Специалист танцово изкуство,26533004,occupation,specialist,higher,4,2025-01-01,true,bg_ncop_2653
bg_ncop_26533005,Балетен репетитор,26533005,occupation,specialist,higher,4,2025-01-01,true,bg_ncop_2653
bg_ncop_26533006,Балетмайстор,26533006,occupation,specialist,higher,4,2025-01-01,true,bg_ncop_2653
bg_ncop_26533007,Балерина балетист,26533007,occupation,specialist,higher,4,2025-01-01,true,bg_ncop_2653
bg_ncop_26533008,Прима-балерина Премиер-балетист,26533008,occupation,specialist,higher,4,2025-01-01,true,bg_ncop_2653
bg_ncop_26530009,Артист стриптийз,26530009,occupation,specialist,higher,4,2025-01-01,true,bg_ncop_2653
bg_ncop_26546001,Директор продукция (телевизия),26546001,occupation,specialist,higher,4,2025-01-01,true,bg_ncop_2654
bg_ncop_26547002,Директор продукция (кино),26547002,occupation,specialist,higher,4,2025-01-01,true,bg_ncop_2654
bg_ncop_26547003,Директор продукция (театър),26547003,occupation,specialist,higher,4,2025-01-01,true,bg_ncop_2654
bg_ncop_26547005,Продуцент филмов  театрален,26547005,occupation,specialist,higher,4,2025-01-01,true,bg_ncop_2654
bg_ncop_26548006,Импресарио,26548006,occupation,specialist,higher,4,2025-01-01,true,bg_ncop_2654
bg_ncop_26548007,Музикален продуцент,26548007,occupation,specialist,higher,4,2025-01-01,true,bg_ncop_2654
bg_ncop_26546008,Режисьор,26546008,occupation,specialist,higher,4,2025-01-01,true,bg_ncop_2654
bg_ncop_26547009,Главен режисьор,26547009,occupation,specialist,higher,4,2025-01-01,true,bg_ncop_2654
bg_ncop_26547010,Режисьор на монтаж,26547010,occupation,specialist,higher,4,2025-01-01,true,bg_ncop_2654
bg_ncop_26547011,Режисьор филмов,26547011,occupation,specialist,higher,4,2025-01-01,true,bg_ncop_2654
bg_ncop_26546012,Програмен експерт радио телевизия,26546012,occupation,specialist,higher,4,2025-01-01,true,bg_ncop_2654
bg_ncop_26546013,Главен програмен селекционер,26546013,occupation,specialist,higher,4,2025-01-01,true,bg_ncop_2654
bg_ncop_26547014,Художествен ръководител театрален,26547014,occupation,specialist,higher,4,2025-01-01,true,bg_ncop_2654
bg_ncop_26547015,Главен художествен ръководител театрален,26547015,occupation,specialist,higher,4,2025-01-01,true,bg_ncop_2654
bg_ncop_26547016,Главен оператор,26547016,occupation,specialist,higher,4,2025-01-01,true,bg_ncop_2654
bg_ncop_26547017,Театрален постановчик,26547017,occupation,specialist,higher,4,2025-01-01,true,bg_ncop_2654
bg_ncop_26547018,Първи асистент на режисьора,26547018,occupation,specialist,higher,4,2025-01-01,true,bg_ncop_2654
bg_ncop_26547019,Ръководител програма радио и телевизия,26547019,occupation,specialist,higher,4,2025-01-01,true,bg_ncop_2654
bg_ncop_26547020,Ръководител постановъчна част,26547020,occupation,specialist,higher,4,2025-01-01,true,bg_ncop_2654
bg_ncop_26545021,Ръководител художествено осветление,26545021,occupation,specialist,higher,4,2025-01-01,true,bg_ncop_2654
bg_ncop_26548022,Театър-майстор,26548022,occupation,specialist,higher,4,2025-01-01,true,bg_ncop_2654
bg_ncop_26546023,Театрален режисьор,26546023,occupation,specialist,higher,4,2025-01-01,true,bg_ncop_2654
bg_ncop_26545024,Продуцент,26545024,occupation,specialist,higher,4,2025-01-01,true,bg_ncop_2654
bg_ncop_26545025,Продуцент радио телевизия,26545025,occupation,specialist,higher,4,2025-01-01,true,bg_ncop_2654
bg_ncop_26545026,ТВ оператор,26545026,occupation,specialist,higher,4,2025-01-01,true,bg_ncop_2654
bg_ncop_26545027,Филмов експерт,26545027,occupation,specialist,higher,4,2025-01-01,true,bg_ncop_2654
bg_ncop_26545028,Звукорежисьор,26545028,occupation,specialist,higher,4,2025-01-01,true,bg_ncop_2654
bg_ncop_26556001,Актьор,26556001,occupation,specialist,higher,4,2025-01-01,true,bg_ncop_2655
bg_ncop_26556002,Актьор стажант,26556002,occupation,specialist,higher,4,2025-01-01,true,bg_ncop_2655
bg_ncop_26556003,Актьор мим,26556003,occupation,specialist,higher,4,2025-01-01,true,bg_ncop_2655
bg_ncop_26566001,Говорител новини,26566001,occupation,specialist,higher,4,2025-01-01,true,bg_ncop_2656
bg_ncop_26566002,Говорител радио,26566002,occupation,specialist,higher,4,2025-01-01,true,bg_ncop_2656
bg_ncop_26566003,Говорител телевизия,26566003,occupation,specialist,higher,4,2025-01-01,true,bg_ncop_2656
bg_ncop_26563004,Дисководещ,26563004,occupation,specialist,higher,4,2025-01-01,true,bg_ncop_2656
bg_ncop_26563005,Конферансие,26563005,occupation,specialist,higher,4,2025-01-01,true,bg_ncop_2656
bg_ncop_26563006,Спортен коментатор,26563006,occupation,specialist,higher,4,2025-01-01,true,bg_ncop_2656
bg_ncop_26566007,Спортен коментатор - анализатор,26566007,occupation,specialist,higher,4,2025-01-01,true,bg_ncop_2656
bg_ncop_26590001,Акробат,26590001,occupation,specialist,higher,4,2025-01-01,true,bg_ncop_2659
bg_ncop_26590002,Артист въжеиграч,26590002,occupation,specialist,higher,4,2025-01-01,true,bg_ncop_2659
bg_ncop_26590003,Артист силови изпълнения,26590003,occupation,specialist,higher,4,2025-01-01,true,bg_ncop_2659
bg_ncop_26590004,Артист трапец,26590004,occupation,specialist,higher,4,2025-01-01,true,bg_ncop_2659
bg_ncop_26590005,Артист ученик в цирка,26590005,occupation,specialist,higher,4,2025-01-01,true,bg_ncop_2659
bg_ncop_26590006,Артист цирков,26590006,occupation,specialist,higher,4,2025-01-01,true,bg_ncop_2659
bg_ncop_26590007,Дресьор цирк,26590007,occupation,specialist,higher,4,2025-01-01,true,bg_ncop_2659
bg_ncop_26590008,Еквилибрист,26590008,occupation,specialist,higher,4,2025-01-01,true,bg_ncop_2659
bg_ncop_26590009,Жонгльор,26590009,occupation,specialist,higher,4,2025-01-01,true,bg_ncop_2659
bg_ncop_26590010,Илюзионист,26590010,occupation,specialist,higher,4,2025-01-01,true,bg_ncop_2659
bg_ncop_26590011,Имитатор,26590011,occupation,specialist,higher,4,2025-01-01,true,bg_ncop_2659
bg_ncop_26590012,Клоун,26590012,occupation,specialist,higher,4,2025-01-01,true,bg_ncop_2659
bg_ncop_26590013,Комик цирк,26590013,occupation,specialist,higher,4,2025-01-01,true,bg_ncop_2659
bg_ncop_26590014,Маг,26590014,occupation,specialist,higher,4,2025-01-01,true,bg_ncop_2659
bg_ncop_26590015,Хипнотизатор,26590015,occupation,specialist,higher,4,2025-01-01,true,bg_ncop_2659
bg_ncop_26590016,Кукловод,26590016,occupation,specialist,higher,4,2025-01-01,true,bg_ncop_2659
bg_ncop_31113001,Техник астрономия,31113001,occupation,technician,higher,3,2025-01-01,true,bg_ncop_3111
bg_ncop_31113002,Техник геология,31113002,occupation,technician,higher,3,2025-01-01,true,bg_ncop_3111
bg_ncop_31113003,Техник проучване на полезни изкопаеми,31113003,occupation,technician,higher,3,2025-01-01,true,bg_ncop_3111
bg_ncop_31113004,Техник геофизика,31113004,occupation,technician,higher,3,2025-01-01,true,bg_ncop_3111
bg_ncop_31113005,Техник метеорология,31113005,occupation,technician,higher,3,2025-01-01,true,bg_ncop_3111
bg_ncop_31113006,Техник океанология,31113006,occupation,technician,higher,3,2025-01-01,true,bg_ncop_3111
bg_ncop_31113007,Техник физика,31113007,occupation,technician,higher,3,2025-01-01,true,bg_ncop_3111
bg_ncop_31113008,Техник хидрогеология,31113008,occupation,technician,higher,3,2025-01-01,true,bg_ncop_3111
bg_ncop_31113009,Техник химия,31113009,occupation,technician,higher,3,2025-01-01,true,bg_ncop_3111
bg_ncop_31113010,Специалист геолог,31113010,occupation,technician,higher,3,2025-01-01,true,bg_ncop_3111
bg_ncop_31113011,Инспектор фактори работна среда,31113011,occupation,technician,higher,3,2025-01-01,true,bg_ncop_3111
bg_ncop_31123001,Техник водно строителство,31123001,occupation,technician,higher,3,2025-01-01,true,bg_ncop_3112
bg_ncop_31123002,Техник водоснабдяване и канализация,31123002,occupation,technician,higher,3,2025-01-01,true,bg_ncop_3112
bg_ncop_31123003,Техник геодезия фотограметрия и картография,31123003,occupation,technician,higher,3,2025-01-01,true,bg_ncop_3112
bg_ncop_31123004,Техник гражданско строителство (конструктор),31123004,occupation,technician,higher,3,2025-01-01,true,bg_ncop_3112
bg_ncop_31123005,Техник гражданско строителство (хидравлик),31123005,occupation,technician,higher,3,2025-01-01,true,bg_ncop_3112
bg_ncop_31123006,Техник земемерство земеустройство,31123006,occupation,technician,higher,3,2025-01-01,true,bg_ncop_3112
bg_ncop_31123007,Техник инвеститорски контрол,31123007,occupation,technician,higher,3,2025-01-01,true,bg_ncop_3112
bg_ncop_31123008,Техник ръководител на група по поддържане на железния път,31123008,occupation,technician,higher,3,2025-01-01,true,bg_ncop_3112
bg_ncop_31123009,Техник строителство и архитектура,31123009,occupation,technician,higher,3,2025-01-01,true,bg_ncop_3112
bg_ncop_31123010,Строителен техник проектно-технически отдел,31123010,occupation,technician,higher,3,2025-01-01,true,bg_ncop_3112
bg_ncop_31123011,Техник строителство на метрополитен,31123011,occupation,technician,higher,3,2025-01-01,true,bg_ncop_3112
bg_ncop_31123012,Техник транспортно строителство,31123012,occupation,technician,higher,3,2025-01-01,true,bg_ncop_3112
bg_ncop_31123013,Дефектоскопист по железния път и съоръженията,31123013,occupation,technician,higher,3,2025-01-01,true,bg_ncop_3112
bg_ncop_31123014,Техник поддържане на железния път в подземен тунел на метрополитен,31123014,occupation,technician,higher,3,2025-01-01,true,bg_ncop_3112
bg_ncop_31123015,Техник поддържане на инженерни съоръжения в подземен тунел на метрополитен,31123015,occupation,technician,higher,3,2025-01-01,true,bg_ncop_3112
bg_ncop_31123016,Инспектор противопожарна охрана на сграда,31123016,occupation,technician,higher,3,2025-01-01,true,bg_ncop_3112
bg_ncop_31123017,Инспектор противопожарна охрана,31123017,occupation,technician,higher,3,2025-01-01,true,bg_ncop_3112
bg_ncop_31123018,Диагностик В и К мрежи,31123018,occupation,technician,higher,3,2025-01-01,true,bg_ncop_3112
bg_ncop_31123019,Техник водоснабдяване,31123019,occupation,technician,higher,3,2025-01-01,true,bg_ncop_3112
bg_ncop_31123020,Техник озеленител,31123020,occupation,technician,higher,3,2025-01-01,true,bg_ncop_3112
bg_ncop_31133001,Техник технолог кабелно производство,31133001,occupation,technician,higher,3,2025-01-01,true,bg_ncop_3113
bg_ncop_31133002,Техник асансьорна техника,31133002,occupation,technician,higher,3,2025-01-01,true,bg_ncop_3113
bg_ncop_31133003,Техник експлоатация и ремонт на електрокари,31133003,occupation,technician,higher,3,2025-01-01,true,bg_ncop_3113
bg_ncop_31133004,Техник електрификация на селското стопанство,31133004,occupation,technician,higher,3,2025-01-01,true,bg_ncop_3113
bg_ncop_31133005,Техник електрически машини и апарати,31133005,occupation,technician,higher,3,2025-01-01,true,bg_ncop_3113
bg_ncop_31133006,Техник електрически системи,31133006,occupation,technician,higher,3,2025-01-01,true,bg_ncop_3113
bg_ncop_31133007,Техник електрически централи и мрежи,31133007,occupation,technician,higher,3,2025-01-01,true,bg_ncop_3113
bg_ncop_31133008,Техник електродомакинска техника,31133008,occupation,technician,higher,3,2025-01-01,true,bg_ncop_3113
bg_ncop_31133009,Техник електрообзавеждане на електропревозни средства за градския транспорт,31133009,occupation,technician,higher,3,2025-01-01,true,bg_ncop_3113
bg_ncop_31133010,Техник електрообзавеждане на кораби,31133010,occupation,technician,higher,3,2025-01-01,true,bg_ncop_3113
bg_ncop_31133011,Техник електрообзавеждане на промишлени предприятия,31133011,occupation,technician,higher,3,2025-01-01,true,bg_ncop_3113
bg_ncop_31133012,Техник електротехника на автомобилния транспорт,31133012,occupation,technician,higher,3,2025-01-01,true,bg_ncop_3113
bg_ncop_31133013,Техник електрически подстанции и мрежи в метрополитен,31133013,occupation,technician,higher,3,2025-01-01,true,bg_ncop_3113
bg_ncop_31133014,Техник кабелни линии  и осветление в метрополитен,31133014,occupation,technician,higher,3,2025-01-01,true,bg_ncop_3113
bg_ncop_31133015,Техник-механик електромеханични устройства и автоматика в метрополитен,31133015,occupation,technician,higher,3,2025-01-01,true,bg_ncop_3113
bg_ncop_31133016,Техник електроснабдяване на железопътен транспорт,31133016,occupation,technician,higher,3,2025-01-01,true,bg_ncop_3113
bg_ncop_31133017,Инспектор електробезопасност,31133017,occupation,technician,higher,3,2025-01-01,true,bg_ncop_3113
bg_ncop_31133018,Инспектор качество (електрически продукти),31133018,occupation,technician,higher,3,2025-01-01,true,bg_ncop_3113
bg_ncop_31133019,Техник на енергийни източници и зарядни устройства за електрически превозни,31133019,occupation,technician,higher,3,2025-01-01,true,bg_ncop_3113
bg_ncop_31133020,Техник на управляващи и контролни системи за електрически превозни средства,31133020,occupation,technician,higher,3,2025-01-01,true,bg_ncop_3113
bg_ncop_31133021,Техник на електро-механични и задвижващи системи за електрически превозни,31133021,occupation,technician,higher,3,2025-01-01,true,bg_ncop_3113
bg_ncop_31133022,Техник сервизна поддръжка на турбини във вятърната енергетика,31133022,occupation,technician,higher,3,2025-01-01,true,bg_ncop_3113
bg_ncop_31143001,Техник конструиране и технология на електронни елементи,31143001,occupation,technician,higher,3,2025-01-01,true,bg_ncop_3114
bg_ncop_31143002,Техник електровакуумна техника,31143002,occupation,technician,higher,3,2025-01-01,true,bg_ncop_3114
bg_ncop_31143003,Техник промишлена електроника,31143003,occupation,technician,higher,3,2025-01-01,true,bg_ncop_3114
bg_ncop_31143004,Техник самолетоводещи съоръжения,31143004,occupation,technician,higher,3,2025-01-01,true,bg_ncop_3114
bg_ncop_31143005,Техник ядрена електроника,31143005,occupation,technician,higher,3,2025-01-01,true,bg_ncop_3114
bg_ncop_31143006,Техник автоматизация,31143006,occupation,technician,higher,3,2025-01-01,true,bg_ncop_3114
bg_ncop_31143007,Техник електронна техника,31143007,occupation,technician,higher,3,2025-01-01,true,bg_ncop_3114
bg_ncop_31143008,Техник микропроцесорна техника,31143008,occupation,technician,higher,3,2025-01-01,true,bg_ncop_3114
bg_ncop_31143009,Инспектор качество (електронни продукти),31143009,occupation,technician,higher,3,2025-01-01,true,bg_ncop_3114
bg_ncop_31143010,Техник измервателни уреди,31143010,occupation,technician,higher,3,2025-01-01,true,bg_ncop_3114
bg_ncop_31143011,"Техник, охранителна техника",31143011,occupation,technician,higher,3,2025-01-01,true,bg_ncop_3114
bg_ncop_31153001,Техник ядрена електротехника,31153001,occupation,technician,higher,3,2025-01-01,true,bg_ncop_3115
bg_ncop_31153002,Техник аеронавтика,31153002,occupation,technician,higher,3,2025-01-01,true,bg_ncop_3115
bg_ncop_31153003,Техник биотехника,31153003,occupation,technician,higher,3,2025-01-01,true,bg_ncop_3115
bg_ncop_31153004,Техник механик,31153004,occupation,technician,higher,3,2025-01-01,true,bg_ncop_3115
bg_ncop_31153005,Техник-механик автомобили и кари,31153005,occupation,technician,higher,3,2025-01-01,true,bg_ncop_3115
bg_ncop_31153006,Техник-механик аеронавтика,31153006,occupation,technician,higher,3,2025-01-01,true,bg_ncop_3115
bg_ncop_31153007,Техник-механик газови турбини,31153007,occupation,technician,higher,3,2025-01-01,true,bg_ncop_3115
bg_ncop_31153008,Техник-механик двигатели,31153008,occupation,technician,higher,3,2025-01-01,true,bg_ncop_3115
bg_ncop_31153009,Техник-механик двигатели с вътрешно горене,31153009,occupation,technician,higher,3,2025-01-01,true,bg_ncop_3115
bg_ncop_31153010,Техник-механик дизелови двигатели,31153010,occupation,technician,higher,3,2025-01-01,true,bg_ncop_3115
bg_ncop_31153011,Техник-механик плаващо техническо средство,31153011,occupation,technician,higher,3,2025-01-01,true,bg_ncop_3115
bg_ncop_31153012,Техник-механик железопътна техника,31153012,occupation,technician,higher,3,2025-01-01,true,bg_ncop_3115
bg_ncop_31153013,Техник-механик инструменти,31153013,occupation,technician,higher,3,2025-01-01,true,bg_ncop_3115
bg_ncop_31153014,Техник-механик корабостроене,31153014,occupation,technician,higher,3,2025-01-01,true,bg_ncop_3115
bg_ncop_31153015,Техник-механик механизация на горското стопанство,31153015,occupation,technician,higher,3,2025-01-01,true,bg_ncop_3115
bg_ncop_31153016,Техник-механик отоплителни хладилни и вентилационни инсталации,31153016,occupation,technician,higher,3,2025-01-01,true,bg_ncop_3115
bg_ncop_31153017,Техник-механик самодвижещи се машини,31153017,occupation,technician,higher,3,2025-01-01,true,bg_ncop_3115
bg_ncop_31153018,Техник-механик самолетна техника,31153018,occupation,technician,higher,3,2025-01-01,true,bg_ncop_3115
bg_ncop_31153019,Техник-механик съобщителни и свързочни съоръжения,31153019,occupation,technician,higher,3,2025-01-01,true,bg_ncop_3115
bg_ncop_31153020,Техник-механик ядрена топлоенергетика,31153020,occupation,technician,higher,3,2025-01-01,true,bg_ncop_3115
bg_ncop_31153021,Техник-механик автоматизация,31153021,occupation,technician,higher,3,2025-01-01,true,bg_ncop_3115
bg_ncop_31153022,Техник-механик автоматизация на производството,31153022,occupation,technician,higher,3,2025-01-01,true,bg_ncop_3115
bg_ncop_31153023,Техник-механик апретурно багрилно и плетачно производство,31153023,occupation,technician,higher,3,2025-01-01,true,bg_ncop_3115
bg_ncop_31153024,Техник-механик други отрасли на леката промишленост,31153024,occupation,technician,higher,3,2025-01-01,true,bg_ncop_3115
bg_ncop_31153025,Техник-механик железопътен транспорт,31153025,occupation,technician,higher,3,2025-01-01,true,bg_ncop_3115
bg_ncop_31153026,Техник-механик кожено-галантерийно производство,31153026,occupation,technician,higher,3,2025-01-01,true,bg_ncop_3115
bg_ncop_31153027,Техник-механик мебелно производство,31153027,occupation,technician,higher,3,2025-01-01,true,bg_ncop_3115
bg_ncop_31153028,Техник-механик обувно производство,31153028,occupation,technician,higher,3,2025-01-01,true,bg_ncop_3115
bg_ncop_31153029,Техник-механик предачно производство,31153029,occupation,technician,higher,3,2025-01-01,true,bg_ncop_3115
bg_ncop_31153030,Техник-механик тъкачно производство,31153030,occupation,technician,higher,3,2025-01-01,true,bg_ncop_3115
bg_ncop_31153031,Техник-механик химическа промишленост,31153031,occupation,technician,higher,3,2025-01-01,true,bg_ncop_3115
bg_ncop_31153032,Техник-механик хранително-вкусова промишленост,31153032,occupation,technician,higher,3,2025-01-01,true,bg_ncop_3115
bg_ncop_31153033,Техник-механик шивашко производство,31153033,occupation,technician,higher,3,2025-01-01,true,bg_ncop_3115
bg_ncop_31153034,Техник-механик експлоатация и ремонт на самолети,31153034,occupation,technician,higher,3,2025-01-01,true,bg_ncop_3115
bg_ncop_31153035,Техник-механик експлоатация на вътрешнозаводски железопътен транспорт,31153035,occupation,technician,higher,3,2025-01-01,true,bg_ncop_3115
bg_ncop_31153036,Техник-механик експлоатация на пристанища и флота,31153036,occupation,technician,higher,3,2025-01-01,true,bg_ncop_3115
bg_ncop_31153037,Техник-механик измервателна техника,31153037,occupation,technician,higher,3,2025-01-01,true,bg_ncop_3115
bg_ncop_31153038,Техник-механик кинотехника,31153038,occupation,technician,higher,3,2025-01-01,true,bg_ncop_3115
bg_ncop_31153039,Техник-механик климатична вентилационна и хладилна техника,31153039,occupation,technician,higher,3,2025-01-01,true,bg_ncop_3115
bg_ncop_31153040,Техник-механик лозарска техника,31153040,occupation,technician,higher,3,2025-01-01,true,bg_ncop_3115
bg_ncop_31153041,Техник-механик механична технология на дървесината,31153041,occupation,technician,higher,3,2025-01-01,true,bg_ncop_3115
bg_ncop_31153042,Техник-механик дискретни производства,31153042,occupation,technician,higher,3,2025-01-01,true,bg_ncop_3115
bg_ncop_31153043,Техник-механик очистване на въздуха,31153043,occupation,technician,higher,3,2025-01-01,true,bg_ncop_3115
bg_ncop_31153044,Техник-механик очна оптика,31153044,occupation,technician,higher,3,2025-01-01,true,bg_ncop_3115
bg_ncop_31153045,Техник-механик експлоатация на автомобилния транспорт,31153045,occupation,technician,higher,3,2025-01-01,true,bg_ncop_3115
bg_ncop_31153046,Техник-механик термични и водноенергетични машини,31153046,occupation,technician,higher,3,2025-01-01,true,bg_ncop_3115
bg_ncop_31153047,Техник-механик технолог (студена обработка),31153047,occupation,technician,higher,3,2025-01-01,true,bg_ncop_3115
bg_ncop_31153048,Техник-механик технолог (топла обработка),31153048,occupation,technician,higher,3,2025-01-01,true,bg_ncop_3115
bg_ncop_31153049,Техник-механик технолог (уредостроене),31153049,occupation,technician,higher,3,2025-01-01,true,bg_ncop_3115
bg_ncop_31153050,Техник-механик хидро- и пневмотехника,31153050,occupation,technician,higher,3,2025-01-01,true,bg_ncop_3115
bg_ncop_31153051,Техник-механик централизирано топлоснабдяване,31153051,occupation,technician,higher,3,2025-01-01,true,bg_ncop_3115
bg_ncop_31153052,Техник-механик ревизор на вагони,31153052,occupation,technician,higher,3,2025-01-01,true,bg_ncop_3115
bg_ncop_31153053,Техник-механик роботостроене,31153053,occupation,technician,higher,3,2025-01-01,true,bg_ncop_3115
bg_ncop_31153054,Техник-механик монтаж на промишлени съоръжения и машини,31153054,occupation,technician,higher,3,2025-01-01,true,bg_ncop_3115
bg_ncop_31153055,Техник механизация на селското стопанство,31153055,occupation,technician,higher,3,2025-01-01,true,bg_ncop_3115
bg_ncop_31153056,Монтьор-механик по специално въоръжение и техника,31153056,occupation,technician,higher,3,2025-01-01,true,bg_ncop_3115
bg_ncop_31153057,Приемчик на специално въоръжение и техника,31153057,occupation,technician,higher,3,2025-01-01,true,bg_ncop_3115
bg_ncop_31153058,Оператор по ремонт на въоръжение военни техники и имущества,31153058,occupation,technician,higher,3,2025-01-01,true,bg_ncop_3115
bg_ncop_31153059,Оператор по обслужване на бойни припаси и специални пиротехнически средства,31153059,occupation,technician,higher,3,2025-01-01,true,bg_ncop_3115
bg_ncop_31153060,Оператор по ремонт на бойни припаси и специални пиротехнически средства,31153060,occupation,technician,higher,3,2025-01-01,true,bg_ncop_3115
bg_ncop_31153061,Оператор по обслужване на  специално въоръжение и техника,31153061,occupation,technician,higher,3,2025-01-01,true,bg_ncop_3115
bg_ncop_31154062,Контрольор корабоплаване,31154062,occupation,technician,higher,3,2025-01-01,true,bg_ncop_3115
bg_ncop_31153063,Инспектор качество (механична техника),31153063,occupation,technician,higher,3,2025-01-01,true,bg_ncop_3115
bg_ncop_31153064,Инспектор технически стандарти,31153064,occupation,technician,higher,3,2025-01-01,true,bg_ncop_3115
bg_ncop_31153065,Приемчик автосервиз,31153065,occupation,technician,higher,3,2025-01-01,true,bg_ncop_3115
bg_ncop_31163001,Технолог биотехнологичен синтез,31163001,occupation,technician,higher,3,2025-01-01,true,bg_ncop_3116
bg_ncop_31163002,Технолог технология на полимерните медицински изделия,31163002,occupation,technician,higher,3,2025-01-01,true,bg_ncop_3116
bg_ncop_31163003,Технолог технология на порцеланово и фаянсово производство,31163003,occupation,technician,higher,3,2025-01-01,true,bg_ncop_3116
bg_ncop_31163004,Технолог апретура багрене и печатане,31163004,occupation,technician,higher,3,2025-01-01,true,bg_ncop_3116
bg_ncop_31163005,Технолог кожарско и кожухарско производство,31163005,occupation,technician,higher,3,2025-01-01,true,bg_ncop_3116
bg_ncop_31163006,Технолог нефт,31163006,occupation,technician,higher,3,2025-01-01,true,bg_ncop_3116
bg_ncop_31163007,Технолог нефтохимичен синтез,31163007,occupation,technician,higher,3,2025-01-01,true,bg_ncop_3116
bg_ncop_31163008,Технолог особено чисти вещества,31163008,occupation,technician,higher,3,2025-01-01,true,bg_ncop_3116
bg_ncop_31163009,Технолог оценител,31163009,occupation,technician,higher,3,2025-01-01,true,bg_ncop_3116
bg_ncop_31163010,Технолог преработване на нефт и газ,31163010,occupation,technician,higher,3,2025-01-01,true,bg_ncop_3116
bg_ncop_31163011,Технолог продукти от природен газ и тяхното разпространение,31163011,occupation,technician,higher,3,2025-01-01,true,bg_ncop_3116
bg_ncop_31163012,Технолог производство на минерални торове киселини основи и соли,31163012,occupation,technician,higher,3,2025-01-01,true,bg_ncop_3116
bg_ncop_31163013,Технолог силикатни технологии,31163013,occupation,technician,higher,3,2025-01-01,true,bg_ncop_3116
bg_ncop_31163014,Технолог технология на каучука,31163014,occupation,technician,higher,3,2025-01-01,true,bg_ncop_3116
bg_ncop_31163015,Технолог технология на опазване и почистване на водите и въздуха,31163015,occupation,technician,higher,3,2025-01-01,true,bg_ncop_3116
bg_ncop_31163016,Технолог технология на пластмасите,31163016,occupation,technician,higher,3,2025-01-01,true,bg_ncop_3116
bg_ncop_31163017,Технолог технология на свързващите вещества,31163017,occupation,technician,higher,3,2025-01-01,true,bg_ncop_3116
bg_ncop_31163018,Технолог технология на строителна керамика и огнеупорни материали,31163018,occupation,technician,higher,3,2025-01-01,true,bg_ncop_3116
bg_ncop_31163019,Технолог технология на стъкларско производство,31163019,occupation,technician,higher,3,2025-01-01,true,bg_ncop_3116
bg_ncop_31163020,Технолог технология на филмообразуващи полимерни вещества и лепила,31163020,occupation,technician,higher,3,2025-01-01,true,bg_ncop_3116
bg_ncop_31163021,Технолог фин органичен синтез,31163021,occupation,technician,higher,3,2025-01-01,true,bg_ncop_3116
bg_ncop_31163022,Технолог химик,31163022,occupation,technician,higher,3,2025-01-01,true,bg_ncop_3116
bg_ncop_31163023,Технолог химични влакна,31163023,occupation,technician,higher,3,2025-01-01,true,bg_ncop_3116
bg_ncop_31163024,Технолог химични процеси,31163024,occupation,technician,higher,3,2025-01-01,true,bg_ncop_3116
bg_ncop_31163025,Технолог целулоза хартия и картон,31163025,occupation,technician,higher,3,2025-01-01,true,bg_ncop_3116
bg_ncop_31163026,Технолог технология на полимерите,31163026,occupation,technician,higher,3,2025-01-01,true,bg_ncop_3116
bg_ncop_31163027,Технолог химик по консервация и реставрация на културни ценности,31163027,occupation,technician,higher,3,2025-01-01,true,bg_ncop_3116
bg_ncop_31173001,Техник експлоатация на нефтени и газови находища,31173001,occupation,technician,higher,3,2025-01-01,true,bg_ncop_3117
bg_ncop_31173002,Техник механизация на добива и обработка на скални материали,31173002,occupation,technician,higher,3,2025-01-01,true,bg_ncop_3117
bg_ncop_31173003,Техник дълбоко нефтено сондиране,31173003,occupation,technician,higher,3,2025-01-01,true,bg_ncop_3117
bg_ncop_31173004,Техник киселинност на нефтено и газово находище,31173004,occupation,technician,higher,3,2025-01-01,true,bg_ncop_3117
bg_ncop_31173005,Техник-металург,31173005,occupation,technician,higher,3,2025-01-01,true,bg_ncop_3117
bg_ncop_31173006,Техник-металург (добиване на цветни метали),31173006,occupation,technician,higher,3,2025-01-01,true,bg_ncop_3117
bg_ncop_31173007,Техник-металург (добиване на черни метали),31173007,occupation,technician,higher,3,2025-01-01,true,bg_ncop_3117
bg_ncop_31173008,Техник-металург (заваряване на металите),31173008,occupation,technician,higher,3,2025-01-01,true,bg_ncop_3117
bg_ncop_31173009,Техник-металург (извличане),31173009,occupation,technician,higher,3,2025-01-01,true,bg_ncop_3117
bg_ncop_31173010,Техник-металург (леярство),31173010,occupation,technician,higher,3,2025-01-01,true,bg_ncop_3117
bg_ncop_31173011,Техник-металург (металургия на цветни метали),31173011,occupation,technician,higher,3,2025-01-01,true,bg_ncop_3117
bg_ncop_31173012,Техник-металург (металургия на черни метали),31173012,occupation,technician,higher,3,2025-01-01,true,bg_ncop_3117
bg_ncop_31173013,Техник-металург (обработване на цветни метали),31173013,occupation,technician,higher,3,2025-01-01,true,bg_ncop_3117
bg_ncop_31173014,Техник-металург (обработване на черни метали),31173014,occupation,technician,higher,3,2025-01-01,true,bg_ncop_3117
bg_ncop_31173015,Техник-металург (радиоактивни минерали),31173015,occupation,technician,higher,3,2025-01-01,true,bg_ncop_3117
bg_ncop_31173016,Техник-металург (термична обработка на металите),31173016,occupation,technician,higher,3,2025-01-01,true,bg_ncop_3117
bg_ncop_31173017,Техник-металург (физик),31173017,occupation,technician,higher,3,2025-01-01,true,bg_ncop_3117
bg_ncop_31173018,Техник-металург (обработка на металите чрез пластична деформация),31173018,occupation,technician,higher,3,2025-01-01,true,bg_ncop_3117
bg_ncop_31173019,Техник-металург (технология на машиностроенето - топла обработка),31173019,occupation,technician,higher,3,2025-01-01,true,bg_ncop_3117
bg_ncop_31173020,Техник минен,31173020,occupation,technician,higher,3,2025-01-01,true,bg_ncop_3117
bg_ncop_31173021,Техник минен (въглища),31173021,occupation,technician,higher,3,2025-01-01,true,bg_ncop_3117
bg_ncop_31173022,Техник минен (диаманти и благородни метали),31173022,occupation,technician,higher,3,2025-01-01,true,bg_ncop_3117
bg_ncop_31173023,Техник минен (нефт и природен газ),31173023,occupation,technician,higher,3,2025-01-01,true,bg_ncop_3117
bg_ncop_31173024,Техник минен (руди),31173024,occupation,technician,higher,3,2025-01-01,true,bg_ncop_3117
bg_ncop_31173025,Техник минна геология,31173025,occupation,technician,higher,3,2025-01-01,true,bg_ncop_3117
bg_ncop_31173026,Техник минна електромеханика,31173026,occupation,technician,higher,3,2025-01-01,true,bg_ncop_3117
bg_ncop_31173027,Техник проучване и сондажна електромеханика,31173027,occupation,technician,higher,3,2025-01-01,true,bg_ncop_3117
bg_ncop_31173028,Техник проучвателно ядково сондиране,31173028,occupation,technician,higher,3,2025-01-01,true,bg_ncop_3117
bg_ncop_31173029,Техник циментация (нефтено и газово находище),31173029,occupation,technician,higher,3,2025-01-01,true,bg_ncop_3117
bg_ncop_31173030,Технолог обогатяване полезни изкопаеми,31173030,occupation,technician,higher,3,2025-01-01,true,bg_ncop_3117
bg_ncop_31173031,Технолог добиване полезни изкопаеми,31173031,occupation,technician,higher,3,2025-01-01,true,bg_ncop_3117
bg_ncop_31173032,Инспектор по безопасността в минодобива,31173032,occupation,technician,higher,3,2025-01-01,true,bg_ncop_3117
bg_ncop_31183001,Чертожник,31183001,occupation,technician,higher,3,2025-01-01,true,bg_ncop_3118
bg_ncop_31183002,Чертожник архитектура,31183002,occupation,technician,higher,3,2025-01-01,true,bg_ncop_3118
bg_ncop_31183003,Чертожник въздухоплаване,31183003,occupation,technician,higher,3,2025-01-01,true,bg_ncop_3118
bg_ncop_31183004,Чертожник геология,31183004,occupation,technician,higher,3,2025-01-01,true,bg_ncop_3118
bg_ncop_31183005,Чертожник гражданско строителство,31183005,occupation,technician,higher,3,2025-01-01,true,bg_ncop_3118
bg_ncop_31183006,Чертожник електричество,31183006,occupation,technician,higher,3,2025-01-01,true,bg_ncop_3118
bg_ncop_31183007,Чертожник електроника,31183007,occupation,technician,higher,3,2025-01-01,true,bg_ncop_3118
bg_ncop_31183008,Чертожник картография,31183008,occupation,technician,higher,3,2025-01-01,true,bg_ncop_3118
bg_ncop_31183009,Чертожник литография,31183009,occupation,technician,higher,3,2025-01-01,true,bg_ncop_3118
bg_ncop_31183010,Чертожник машини и инструменти,31183010,occupation,technician,higher,3,2025-01-01,true,bg_ncop_3118
bg_ncop_31183011,Чертожник механика,31183011,occupation,technician,higher,3,2025-01-01,true,bg_ncop_3118
bg_ncop_31183012,Чертожник мореплаване,31183012,occupation,technician,higher,3,2025-01-01,true,bg_ncop_3118
bg_ncop_31183013,Чертожник отоплителни и вентилационни системи,31183013,occupation,technician,higher,3,2025-01-01,true,bg_ncop_3118
bg_ncop_31183014,Чертожник промишлено строителство,31183014,occupation,technician,higher,3,2025-01-01,true,bg_ncop_3118
bg_ncop_31183015,Чертожник техника,31183015,occupation,technician,higher,3,2025-01-01,true,bg_ncop_3118
bg_ncop_31183016,Чертожник топография,31183016,occupation,technician,higher,3,2025-01-01,true,bg_ncop_3118
bg_ncop_31193001,Завеждащ учебна работилница,31193001,occupation,technician,higher,3,2025-01-01,true,bg_ncop_3119
bg_ncop_31193002,Конструктор професионално обучение,31193002,occupation,technician,higher,3,2025-01-01,true,bg_ncop_3119
bg_ncop_31193003,Техник дърворезбарство,31193003,occupation,technician,higher,3,2025-01-01,true,bg_ncop_3119
bg_ncop_31193004,Техник количествени измервания,31193004,occupation,technician,higher,3,2025-01-01,true,bg_ncop_3119
bg_ncop_31193005,Техник мебелно производство,31193005,occupation,technician,higher,3,2025-01-01,true,bg_ncop_3119
bg_ncop_31193006,Техник медицинска техника,31193006,occupation,technician,higher,3,2025-01-01,true,bg_ncop_3119
bg_ncop_31193007,Техник робот,31193007,occupation,technician,higher,3,2025-01-01,true,bg_ncop_3119
bg_ncop_31193008,Техник подвижна пощенска станция,31193008,occupation,technician,higher,3,2025-01-01,true,bg_ncop_3119
bg_ncop_31193009,Техник продукция,31193009,occupation,technician,higher,3,2025-01-01,true,bg_ncop_3119
bg_ncop_31193010,Техник производствени резултати,31193010,occupation,technician,higher,3,2025-01-01,true,bg_ncop_3119
bg_ncop_31193011,Техник производствени структури,31193011,occupation,technician,higher,3,2025-01-01,true,bg_ncop_3119
bg_ncop_31193012,Техник производство на музикални инструменти,31193012,occupation,technician,higher,3,2025-01-01,true,bg_ncop_3119
bg_ncop_31193013,Техник реставрация на стари мебели и дограма,31193013,occupation,technician,higher,3,2025-01-01,true,bg_ncop_3119
bg_ncop_31193014,Техник системи (с изключение на компютри),31193014,occupation,technician,higher,3,2025-01-01,true,bg_ncop_3119
bg_ncop_31193015,Техник складово обзавеждане,31193015,occupation,technician,higher,3,2025-01-01,true,bg_ncop_3119
bg_ncop_31193016,Техник тапицерство и декораторство,31193016,occupation,technician,higher,3,2025-01-01,true,bg_ncop_3119
bg_ncop_31193017,Техник технолог на алкохолни и безалкохолни напитки,31193017,occupation,technician,higher,3,2025-01-01,true,bg_ncop_3119
bg_ncop_31193018,Техник технолог на захар и захарни изделия,31193018,occupation,technician,higher,3,2025-01-01,true,bg_ncop_3119
bg_ncop_31193019,Техник технолог на месо и месни продукти,31193019,occupation,technician,higher,3,2025-01-01,true,bg_ncop_3119
bg_ncop_31193020,Техник технолог на мляко и млечни изделия,31193020,occupation,technician,higher,3,2025-01-01,true,bg_ncop_3119
bg_ncop_31193021,Техник технолог на растителни масла и сапуни,31193021,occupation,technician,higher,3,2025-01-01,true,bg_ncop_3119
bg_ncop_31193022,Техник технолог на хляб и хлебни изделия,31193022,occupation,technician,higher,3,2025-01-01,true,bg_ncop_3119
bg_ncop_31193023,Техник технолог зърносъхранение зърнопреработване и фуражи,31193023,occupation,technician,higher,3,2025-01-01,true,bg_ncop_3119
bg_ncop_31193024,Технолог облекло,31193024,occupation,technician,higher,3,2025-01-01,true,bg_ncop_3119
bg_ncop_31193025,Технолог кожено-галантерийно производство,31193025,occupation,technician,higher,3,2025-01-01,true,bg_ncop_3119
bg_ncop_31193026,Технолог манипулация тютюна,31193026,occupation,technician,higher,3,2025-01-01,true,bg_ncop_3119
bg_ncop_31193027,Технолог моделиране и конструиране на облекло,31193027,occupation,technician,higher,3,2025-01-01,true,bg_ncop_3119
bg_ncop_31193028,Технолог моделиране и конструиране на обувни изделия,31193028,occupation,technician,higher,3,2025-01-01,true,bg_ncop_3119
bg_ncop_31193029,Технолог моделиране и конструиране технология на кожено и кожухарско облекло,31193029,occupation,technician,higher,3,2025-01-01,true,bg_ncop_3119
bg_ncop_31193030,Технолог обувно производство,31193030,occupation,technician,higher,3,2025-01-01,true,bg_ncop_3119
bg_ncop_31193031,Технолог производство тютюневите изделия,31193031,occupation,technician,higher,3,2025-01-01,true,bg_ncop_3119
bg_ncop_31193032,Технолог професионално обучение,31193032,occupation,technician,higher,3,2025-01-01,true,bg_ncop_3119
bg_ncop_31193033,Технолог тютюневи хармани,31193033,occupation,technician,higher,3,2025-01-01,true,bg_ncop_3119
bg_ncop_31193034,Технолог художествено оформяне на текстилни площни изделия,31193034,occupation,technician,higher,3,2025-01-01,true,bg_ncop_3119
bg_ncop_31193035,Технолог в железопътен транспорт,31193035,occupation,technician,higher,3,2025-01-01,true,bg_ncop_3119
bg_ncop_31193036,Техник качествени измервания,31193036,occupation,technician,higher,3,2025-01-01,true,bg_ncop_3119
bg_ncop_31193037,Техник маркшайдер,31193037,occupation,technician,higher,3,2025-01-01,true,bg_ncop_3119
bg_ncop_31193038,Полиграфист,31193038,occupation,technician,higher,3,2025-01-01,true,bg_ncop_3119
bg_ncop_31193039,Технолог производство на плодови и зеленчукови консерви,31193039,occupation,technician,higher,3,2025-01-01,true,bg_ncop_3119
bg_ncop_31193040,Отговорник изпитателна станция,31193040,occupation,technician,higher,3,2025-01-01,true,bg_ncop_3119
bg_ncop_31193041,Технолог електролиза,31193041,occupation,technician,higher,3,2025-01-01,true,bg_ncop_3119
bg_ncop_31193042,Специалист поддръжка,31193042,occupation,technician,higher,3,2025-01-01,true,bg_ncop_3119
bg_ncop_31193043,Технолог екарисаж,31193043,occupation,technician,higher,3,2025-01-01,true,bg_ncop_3119
bg_ncop_31193044,Технолог,31193044,occupation,technician,higher,3,2025-01-01,true,bg_ncop_3119
bg_ncop_31193045,Технолог производство на електротехнически изделия,31193045,occupation,technician,higher,3,2025-01-01,true,bg_ncop_3119
bg_ncop_31193046,Вагонен инструктор,31193046,occupation,technician,higher,3,2025-01-01,true,bg_ncop_3119
bg_ncop_31193047,Инспектор безопасността на автомобилния транспорт,31193047,occupation,technician,higher,3,2025-01-01,true,bg_ncop_3119
bg_ncop_31193048,Инспектор контрол на общоопасни средства,31193048,occupation,technician,higher,3,2025-01-01,true,bg_ncop_3119
bg_ncop_31193049,Инспектор разследване на пожари,31193049,occupation,technician,higher,3,2025-01-01,true,bg_ncop_3119
bg_ncop_31193050,Инструктор превозни бригади,31193050,occupation,technician,higher,3,2025-01-01,true,bg_ncop_3119
bg_ncop_31193051,Контрольор железен път и съоръжения,31193051,occupation,technician,higher,3,2025-01-01,true,bg_ncop_3119
bg_ncop_31193052,Началник влак,31193052,occupation,technician,higher,3,2025-01-01,true,bg_ncop_3119
bg_ncop_31193053,Ревизор безопасност на движението,31193053,occupation,technician,higher,3,2025-01-01,true,bg_ncop_3119
bg_ncop_31193054,Ръководител движение,31193054,occupation,technician,higher,3,2025-01-01,true,bg_ncop_3119
bg_ncop_31193055,Техник дефектоскопист  по контрол без разрушаване,31193055,occupation,technician,higher,3,2025-01-01,true,bg_ncop_3119
bg_ncop_31193056,Техник (оператор) вибродиагностика,31193056,occupation,technician,higher,3,2025-01-01,true,bg_ncop_3119
bg_ncop_31193057,Инспектор ведомствен технически надзор,31193057,occupation,technician,higher,3,2025-01-01,true,bg_ncop_3119
bg_ncop_31193058,Участъков инспектор в железопътен транспорт,31193058,occupation,technician,higher,3,2025-01-01,true,bg_ncop_3119
bg_ncop_31193059,Инспектор по управление на движението в железопътен транспорт,31193059,occupation,technician,higher,3,2025-01-01,true,bg_ncop_3119
bg_ncop_31193060,Консултант превоз на опасни товари,31193060,occupation,technician,higher,3,2025-01-01,true,bg_ncop_3119
bg_ncop_31193061,Ревизор вагони,31193061,occupation,technician,higher,3,2025-01-01,true,bg_ncop_3119
bg_ncop_31193062,Главен ревизор безопасност на движението в метрополитен,31193062,occupation,technician,higher,3,2025-01-01,true,bg_ncop_3119
bg_ncop_31193063,Ръководител движение наземна метростанция в метрополитен,31193063,occupation,technician,higher,3,2025-01-01,true,bg_ncop_3119
bg_ncop_31193064,Ръководител движение подземна метростанция в метрополитен,31193064,occupation,technician,higher,3,2025-01-01,true,bg_ncop_3119
bg_ncop_31193065,Метролог,31193065,occupation,technician,higher,3,2025-01-01,true,bg_ncop_3119
bg_ncop_31193066,Техник криминалист,31193066,occupation,technician,higher,3,2025-01-01,true,bg_ncop_3119
bg_ncop_31193067,Специалист маркшайдер,31193067,occupation,technician,higher,3,2025-01-01,true,bg_ncop_3119
bg_ncop_31193068,Специалист минно планиране,31193068,occupation,technician,higher,3,2025-01-01,true,bg_ncop_3119
bg_ncop_31193069,Отговорник Специалист техническа поддръжка,31193069,occupation,technician,higher,3,2025-01-01,true,bg_ncop_3119
bg_ncop_31193070,Техник боядисване на самолети,31193070,occupation,technician,higher,3,2025-01-01,true,bg_ncop_3119
bg_ncop_31194071,Инспектор технически надзор съоръжения с повишена опасност,31194071,occupation,technician,higher,3,2025-01-01,true,bg_ncop_3119
bg_ncop_31215001,Заместник-директор мина,31215001,occupation,technician,higher,3,2025-01-01,true,bg_ncop_3121
bg_ncop_31213002,Специалист с контролни функции в кариери,31213002,occupation,technician,higher,3,2025-01-01,true,bg_ncop_3121
bg_ncop_31213003,Специалист с контролни функции в мина,31213003,occupation,technician,higher,3,2025-01-01,true,bg_ncop_3121
bg_ncop_31213004,Началник смяна подземен минодобив,31213004,occupation,technician,higher,3,2025-01-01,true,bg_ncop_3121
bg_ncop_31213005,Началник хвостохранилище,31213005,occupation,technician,higher,3,2025-01-01,true,bg_ncop_3121
bg_ncop_31213006,Началник смяна добивна промишленост,31213006,occupation,technician,higher,3,2025-01-01,true,bg_ncop_3121
bg_ncop_31226001,Началник смяна,31226001,occupation,technician,higher,3,2025-01-01,true,bg_ncop_3122
bg_ncop_31223002,Организатор производство,31223002,occupation,technician,higher,3,2025-01-01,true,bg_ncop_3122
bg_ncop_31223003,Специалист с контролни функции сглобяване и монтаж,31223003,occupation,technician,higher,3,2025-01-01,true,bg_ncop_3122
bg_ncop_31223004,Специалист с контролни функции преработваща промишленост,31223004,occupation,technician,higher,3,2025-01-01,true,bg_ncop_3122
bg_ncop_31223005,Специалист с контролни функции довършителни дейности,31223005,occupation,technician,higher,3,2025-01-01,true,bg_ncop_3122
bg_ncop_31223006,Координатор преработваща промишленост,31223006,occupation,technician,higher,3,2025-01-01,true,bg_ncop_3122
bg_ncop_31223007,Специалист с контролни функции автоматична поточна линия,31223007,occupation,technician,higher,3,2025-01-01,true,bg_ncop_3122
bg_ncop_31223008,Диспечер газопреносна газоразпределителна мрежа,31223008,occupation,technician,higher,3,2025-01-01,true,bg_ncop_3122
bg_ncop_31223009,Оператор газопреносна газоразпределителна мрежа,31223009,occupation,technician,higher,3,2025-01-01,true,bg_ncop_3122
bg_ncop_31233001,Технически ръководител строителство,31233001,occupation,technician,higher,3,2025-01-01,true,bg_ncop_3123
bg_ncop_31233002,Инспектор технически надзор,31233002,occupation,technician,higher,3,2025-01-01,true,bg_ncop_3123
bg_ncop_31233003,Технически ръководител водоснабдяване и канализация,31233003,occupation,technician,higher,3,2025-01-01,true,bg_ncop_3123
bg_ncop_31234004,Координатор по безопасност и здраве,31234004,occupation,technician,higher,3,2025-01-01,true,bg_ncop_3123
bg_ncop_31234005,Организатор група в строителството,31234005,occupation,technician,higher,3,2025-01-01,true,bg_ncop_3123
bg_ncop_31233006,Техник поддръжка на сгради и машини,31233006,occupation,technician,higher,3,2025-01-01,true,bg_ncop_3123
bg_ncop_31313001,Началник смяна топлоцентрала,31313001,occupation,technician,higher,3,2025-01-01,true,bg_ncop_3131
bg_ncop_31313002,Диспечер електроцентрала,31313002,occupation,technician,higher,3,2025-01-01,true,bg_ncop_3131
bg_ncop_31313003,Диспечер електроразпределение,31313003,occupation,technician,higher,3,2025-01-01,true,bg_ncop_3131
bg_ncop_31313004,Диспечер топлопренос,31313004,occupation,technician,higher,3,2025-01-01,true,bg_ncop_3131
bg_ncop_31313005,Оператор блок в електроцентрала,31313005,occupation,technician,higher,3,2025-01-01,true,bg_ncop_3131
bg_ncop_31313006,Оператор водна турбина,31313006,occupation,technician,higher,3,2025-01-01,true,bg_ncop_3131
bg_ncop_31313007,Оператор газгенератор (газгенераторчик),31313007,occupation,technician,higher,3,2025-01-01,true,bg_ncop_3131
bg_ncop_31313008,Оператор генератор,31313008,occupation,technician,higher,3,2025-01-01,true,bg_ncop_3131
bg_ncop_31313009,Оператор мрежова топлофикационна станция,31313009,occupation,technician,higher,3,2025-01-01,true,bg_ncop_3131
bg_ncop_31313010,Оператор парна турбина,31313010,occupation,technician,higher,3,2025-01-01,true,bg_ncop_3131
bg_ncop_31313011,Оператор сушилни пещи и барабани,31313011,occupation,technician,higher,3,2025-01-01,true,bg_ncop_3131
bg_ncop_31313012,Оператор технологичен пулт в електроцентрала,31313012,occupation,technician,higher,3,2025-01-01,true,bg_ncop_3131
bg_ncop_31313013,Оператор химически контрол,31313013,occupation,technician,higher,3,2025-01-01,true,bg_ncop_3131
bg_ncop_31313014,Оператор водоподготвителни и кондензационни инсталации,31313014,occupation,technician,higher,3,2025-01-01,true,bg_ncop_3131
bg_ncop_31313015,Оператор възлова станция,31313015,occupation,technician,higher,3,2025-01-01,true,bg_ncop_3131
bg_ncop_31313016,Оператор газова електроцентрала,31313016,occupation,technician,higher,3,2025-01-01,true,bg_ncop_3131
bg_ncop_31313017,Оператор геотермална централа,31313017,occupation,technician,higher,3,2025-01-01,true,bg_ncop_3131
bg_ncop_31313018,Оператор главно електротабло (електроцентрала),31313018,occupation,technician,higher,3,2025-01-01,true,bg_ncop_3131
bg_ncop_31313019,Оператор електрическа подстанция,31313019,occupation,technician,higher,3,2025-01-01,true,bg_ncop_3131
bg_ncop_31313020,Оператор парогенератор (производство на електроенергия),31313020,occupation,technician,higher,3,2025-01-01,true,bg_ncop_3131
bg_ncop_31313021,Оператор слънчева електроцентрала,31313021,occupation,technician,higher,3,2025-01-01,true,bg_ncop_3131
bg_ncop_31313022,Оператор спомагателни съоръжения в електроцентрала,31313022,occupation,technician,higher,3,2025-01-01,true,bg_ncop_3131
bg_ncop_31313023,Оператор токоизправителна станция,31313023,occupation,technician,higher,3,2025-01-01,true,bg_ncop_3131
bg_ncop_31313024,Оператор топлоелектроцентрала,31313024,occupation,technician,higher,3,2025-01-01,true,bg_ncop_3131
bg_ncop_31313025,Оператор хидроелектроцентрала,31313025,occupation,technician,higher,3,2025-01-01,true,bg_ncop_3131
bg_ncop_31313026,Оператор ядрен реактор,31313026,occupation,technician,higher,3,2025-01-01,true,bg_ncop_3131
bg_ncop_31313027,Оператор ядрена електроцентрала,31313027,occupation,technician,higher,3,2025-01-01,true,bg_ncop_3131
bg_ncop_31313028,Помощник-оператор генератор,31313028,occupation,technician,higher,3,2025-01-01,true,bg_ncop_3131
bg_ncop_31313029,Помощник-оператор парна турбина,31313029,occupation,technician,higher,3,2025-01-01,true,bg_ncop_3131
bg_ncop_31313030,Помощник-оператор парогенератор,31313030,occupation,technician,higher,3,2025-01-01,true,bg_ncop_3131
bg_ncop_31313031,Енергетик,31313031,occupation,technician,higher,3,2025-01-01,true,bg_ncop_3131
bg_ncop_31323001,Диспечер водоразпределителна мрежа,31323001,occupation,technician,higher,3,2025-01-01,true,bg_ncop_3132
bg_ncop_31323002,Оператор пречиствателна станция,31323002,occupation,technician,higher,3,2025-01-01,true,bg_ncop_3132
bg_ncop_31323003,Оператор съоръжения на бент,31323003,occupation,technician,higher,3,2025-01-01,true,bg_ncop_3132
bg_ncop_31323004,Оператор вентилационно оборудване,31323004,occupation,technician,higher,3,2025-01-01,true,bg_ncop_3132
bg_ncop_31323005,Оператор воднопреработвателна станция,31323005,occupation,technician,higher,3,2025-01-01,true,bg_ncop_3132
bg_ncop_31323006,Оператор воднопречиствателна станция,31323006,occupation,technician,higher,3,2025-01-01,true,bg_ncop_3132
bg_ncop_31323007,Оператор компресор,31323007,occupation,technician,higher,3,2025-01-01,true,bg_ncop_3132
bg_ncop_31323008,Оператор пещ за горене на отпадъци (изхвърляне на отпадъчни материали),31323008,occupation,technician,higher,3,2025-01-01,true,bg_ncop_3132
bg_ncop_31323009,Оператор помпена станция,31323009,occupation,technician,higher,3,2025-01-01,true,bg_ncop_3132
bg_ncop_31323010,Оператор пречиствателна инсталация,31323010,occupation,technician,higher,3,2025-01-01,true,bg_ncop_3132
bg_ncop_31323011,Оператор на дезинфекционна рамка,31323011,occupation,technician,higher,3,2025-01-01,true,bg_ncop_3132
bg_ncop_31323012,Оператор обработка на водата,31323012,occupation,technician,higher,3,2025-01-01,true,bg_ncop_3132
bg_ncop_31333001,Оператор пещи (химически и други сродни на тях процеси),31333001,occupation,technician,higher,3,2025-01-01,true,bg_ncop_3133
bg_ncop_31333002,Оператор пещи за изпичане (химически и други сродни на тях производства),31333002,occupation,technician,higher,3,2025-01-01,true,bg_ncop_3133
bg_ncop_31333003,Оператор автоклав (химически и други сродни на тях процеси),31333003,occupation,technician,higher,3,2025-01-01,true,bg_ncop_3133
bg_ncop_31333004,Оператор горелка (химически и други сродни на тях процеси),31333004,occupation,technician,higher,3,2025-01-01,true,bg_ncop_3133
bg_ncop_31333005,Оператор калцинатор (химически и други сродни на тях процеси),31333005,occupation,technician,higher,3,2025-01-01,true,bg_ncop_3133
bg_ncop_31333006,Оператор контрол на температурата и степента на изтегляне,31333006,occupation,technician,higher,3,2025-01-01,true,bg_ncop_3133
bg_ncop_31333007,Оператор котел (химически и други сродни на тях процеси),31333007,occupation,technician,higher,3,2025-01-01,true,bg_ncop_3133
bg_ncop_31333008,Оператор нагревател бойлер (химически и други сродни на тях процеси),31333008,occupation,technician,higher,3,2025-01-01,true,bg_ncop_3133
bg_ncop_31333009,Оператор синтеруване спичане (химически и сродни на тях процеси),31333009,occupation,technician,higher,3,2025-01-01,true,bg_ncop_3133
bg_ncop_31333010,Оператор понополиурстанчик,31333010,occupation,technician,higher,3,2025-01-01,true,bg_ncop_3133
bg_ncop_31333011,Оператор термична обработка (химически и други сродни на тях процеси),31333011,occupation,technician,higher,3,2025-01-01,true,bg_ncop_3133
bg_ncop_31333012,Оператор реторта (химически и други сродни на тях процеси),31333012,occupation,technician,higher,3,2025-01-01,true,bg_ncop_3133
bg_ncop_31333013,Оператор сушилня (химически и други сродни на тях процеси),31333013,occupation,technician,higher,3,2025-01-01,true,bg_ncop_3133
bg_ncop_31333014,Оператор пещ (производство на кокс),31333014,occupation,technician,higher,3,2025-01-01,true,bg_ncop_3133
bg_ncop_31333015,Оператор преработка на фенол,31333015,occupation,technician,higher,3,2025-01-01,true,bg_ncop_3133
bg_ncop_31333016,Оператор производство на изкуствени торове,31333016,occupation,technician,higher,3,2025-01-01,true,bg_ncop_3133
bg_ncop_31333017,Оператор производство на кокс,31333017,occupation,technician,higher,3,2025-01-01,true,bg_ncop_3133
bg_ncop_31333018,Оператор уред за избелване (химическа промишленост),31333018,occupation,technician,higher,3,2025-01-01,true,bg_ncop_3133
bg_ncop_31333019,Оператор контролно табло (химическо производство),31333019,occupation,technician,higher,3,2025-01-01,true,bg_ncop_3133
bg_ncop_31333020,Оператор контрол на процеси в химическото производство,31333020,occupation,technician,higher,3,2025-01-01,true,bg_ncop_3133
bg_ncop_31333021,Оператор хладилна система,31333021,occupation,technician,higher,3,2025-01-01,true,bg_ncop_3133
bg_ncop_31333022,Машинен оператор производство на лед,31333022,occupation,technician,higher,3,2025-01-01,true,bg_ncop_3133
bg_ncop_31343001,Оператор дестилатор (рафиниране на нефт и природен газ),31343001,occupation,technician,higher,3,2025-01-01,true,bg_ncop_3134
bg_ncop_31343002,Оператор контролно табло (рафиниране на нефт и природен газ),31343002,occupation,technician,higher,3,2025-01-01,true,bg_ncop_3134
bg_ncop_31343003,Оператор помпена станция (нефт и природен газ),31343003,occupation,technician,higher,3,2025-01-01,true,bg_ncop_3134
bg_ncop_31343004,Оператор рафинерия (нефт и природен газ),31343004,occupation,technician,higher,3,2025-01-01,true,bg_ncop_3134
bg_ncop_31343005,Оператор уред за обработка и манипулация (рафиниране на нефт и природен газ),31343005,occupation,technician,higher,3,2025-01-01,true,bg_ncop_3134
bg_ncop_31343006,Оператор уред за обезсеряване (рафиниране на нефт и природен газ),31343006,occupation,technician,higher,3,2025-01-01,true,bg_ncop_3134
bg_ncop_31343007,Оператор уред за размесване (рафиниране на нефт и природен газ етил),31343007,occupation,technician,higher,3,2025-01-01,true,bg_ncop_3134
bg_ncop_31343008,Оператор уред за съединяване и смесване (рафиниране на нефт и природен газ),31343008,occupation,technician,higher,3,2025-01-01,true,bg_ncop_3134
bg_ncop_31343009,Оператор реактор преработваща промишленост,31343009,occupation,technician,higher,3,2025-01-01,true,bg_ncop_3134
bg_ncop_31343010,Опрератор компресор преработване на нефт природен газ,31343010,occupation,technician,higher,3,2025-01-01,true,bg_ncop_3134
bg_ncop_31343011,Диспечер нефтопроводи,31343011,occupation,technician,higher,3,2025-01-01,true,bg_ncop_3134
bg_ncop_31353001,Оператор електродъгова пещ за облагородяване,31353001,occupation,technician,higher,3,2025-01-01,true,bg_ncop_3135
bg_ncop_31353002,Оператор конвертор,31353002,occupation,technician,higher,3,2025-01-01,true,bg_ncop_3135
bg_ncop_31353003,Оператор пещ за облагородяване,31353003,occupation,technician,higher,3,2025-01-01,true,bg_ncop_3135
bg_ncop_31353004,Оператор пещи за бъркане на топено желязо,31353004,occupation,technician,higher,3,2025-01-01,true,bg_ncop_3135
bg_ncop_31353005,Оператор машина за коксосортировка,31353005,occupation,technician,higher,3,2025-01-01,true,bg_ncop_3135
bg_ncop_31353006,Оператор-галтовчик,31353006,occupation,technician,higher,3,2025-01-01,true,bg_ncop_3135
bg_ncop_31353007,Оператор валцова машина,31353007,occupation,technician,higher,3,2025-01-01,true,bg_ncop_3135
bg_ncop_31353008,Оператор линия за елуксация,31353008,occupation,technician,higher,3,2025-01-01,true,bg_ncop_3135
bg_ncop_31353009,Оператор машина за леене,31353009,occupation,technician,higher,3,2025-01-01,true,bg_ncop_3135
bg_ncop_31353010,Оператор машина за нарязване на прокат,31353010,occupation,technician,higher,3,2025-01-01,true,bg_ncop_3135
bg_ncop_31353011,Оператор машина за обработка на фолио,31353011,occupation,technician,higher,3,2025-01-01,true,bg_ncop_3135
bg_ncop_31353012,Оператор пещи за повторно загряване (метал),31353012,occupation,technician,higher,3,2025-01-01,true,bg_ncop_3135
bg_ncop_31353013,Оператор пещи за топене на метал,31353013,occupation,technician,higher,3,2025-01-01,true,bg_ncop_3135
bg_ncop_31353014,Оператор полир-машина,31353014,occupation,technician,higher,3,2025-01-01,true,bg_ncop_3135
bg_ncop_31393001,Настройчик робот,31393001,occupation,technician,higher,3,2025-01-01,true,bg_ncop_3139
bg_ncop_31393002,Старши оператор с контролни функции производство на целулоза,31393002,occupation,technician,higher,3,2025-01-01,true,bg_ncop_3139
bg_ncop_31393003,Оператор с контролни функции производство на целулоза,31393003,occupation,technician,higher,3,2025-01-01,true,bg_ncop_3139
bg_ncop_31393004,Оператор автоматизирана монтажна линия,31393004,occupation,technician,higher,3,2025-01-01,true,bg_ncop_3139
bg_ncop_31393005,Оператор монтажен конвейер,31393005,occupation,technician,higher,3,2025-01-01,true,bg_ncop_3139
bg_ncop_31393006,Оператор манипулатор,31393006,occupation,technician,higher,3,2025-01-01,true,bg_ncop_3139
bg_ncop_31393007,Оператор робот,31393007,occupation,technician,higher,3,2025-01-01,true,bg_ncop_3139
bg_ncop_31393008,Оператор обработване (радиоактивни отпадъци),31393008,occupation,technician,higher,3,2025-01-01,true,bg_ncop_3139
bg_ncop_31393009,Специалист координатор по заваряване,31393009,occupation,technician,higher,3,2025-01-01,true,bg_ncop_3139
bg_ncop_31393010,"Диспонент, производство на автомобилни компоненти",31393010,occupation,technician,higher,3,2025-01-01,true,bg_ncop_3139
bg_ncop_31413001,Техник биология,31413001,occupation,technician,higher,3,2025-01-01,true,bg_ncop_3141
bg_ncop_31413002,Техник биофизика,31413002,occupation,technician,higher,3,2025-01-01,true,bg_ncop_3141
bg_ncop_31413003,Техник биохимия,31413003,occupation,technician,higher,3,2025-01-01,true,bg_ncop_3141
bg_ncop_31413004,Техник ботаника,31413004,occupation,technician,higher,3,2025-01-01,true,bg_ncop_3141
bg_ncop_31413005,Техник генетика,31413005,occupation,technician,higher,3,2025-01-01,true,bg_ncop_3141
bg_ncop_31413006,Техник екология,31413006,occupation,technician,higher,3,2025-01-01,true,bg_ncop_3141
bg_ncop_31413007,Техник зоология,31413007,occupation,technician,higher,3,2025-01-01,true,bg_ncop_3141
bg_ncop_31413008,Техник серология,31413008,occupation,technician,higher,3,2025-01-01,true,bg_ncop_3141
bg_ncop_31413009,Препаратор,31413009,occupation,technician,higher,3,2025-01-01,true,bg_ncop_3141
bg_ncop_31423001,Техник агрономия,31423001,occupation,technician,higher,3,2025-01-01,true,bg_ncop_3142
bg_ncop_31423002,Техник агрохимия и растителна защита,31423002,occupation,technician,higher,3,2025-01-01,true,bg_ncop_3142
bg_ncop_31423003,Техник градинарство,31423003,occupation,technician,higher,3,2025-01-01,true,bg_ncop_3142
bg_ncop_31423004,Техник изследване на посевите,31423004,occupation,technician,higher,3,2025-01-01,true,bg_ncop_3142
bg_ncop_31423005,Техник напояване,31423005,occupation,technician,higher,3,2025-01-01,true,bg_ncop_3142
bg_ncop_31423006,Техник овощарство,31423006,occupation,technician,higher,3,2025-01-01,true,bg_ncop_3142
bg_ncop_31423007,Техник почвознание,31423007,occupation,technician,higher,3,2025-01-01,true,bg_ncop_3142
bg_ncop_31423008,Техник технически култури,31423008,occupation,technician,higher,3,2025-01-01,true,bg_ncop_3142
bg_ncop_31423009,Техник аграрни култури,31423009,occupation,technician,higher,3,2025-01-01,true,bg_ncop_3142
bg_ncop_31423010,Техник земеделие,31423010,occupation,technician,higher,3,2025-01-01,true,bg_ncop_3142
bg_ncop_31423011,Земеделски демонстратор,31423011,occupation,technician,higher,3,2025-01-01,true,bg_ncop_3142
bg_ncop_31423012,Специалист земеделие,31423012,occupation,technician,higher,3,2025-01-01,true,bg_ncop_3142
bg_ncop_31433001,Техник горско стопанство,31433001,occupation,technician,higher,3,2025-01-01,true,bg_ncop_3143
bg_ncop_31433002,Техник лесничейство,31433002,occupation,technician,higher,3,2025-01-01,true,bg_ncop_3143
bg_ncop_31433003,Специалист лесовъдство,31433003,occupation,technician,higher,3,2025-01-01,true,bg_ncop_3143
bg_ncop_31513001,Главен механик на кораб катер влекач,31513001,occupation,technician,higher,3,2025-01-01,true,bg_ncop_3151
bg_ncop_31513002,Втори механик кораб,31513002,occupation,technician,higher,3,2025-01-01,true,bg_ncop_3151
bg_ncop_31513003,Трети механик кораб,31513003,occupation,technician,higher,3,2025-01-01,true,bg_ncop_3151
bg_ncop_31513004,Четвърти механик кораб,31513004,occupation,technician,higher,3,2025-01-01,true,bg_ncop_3151
bg_ncop_31513005,Електромеханик кораб,31513005,occupation,technician,higher,3,2025-01-01,true,bg_ncop_3151
bg_ncop_31513006,Корабен електроник,31513006,occupation,technician,higher,3,2025-01-01,true,bg_ncop_3151
bg_ncop_31513007,Корабен електротехник,31513007,occupation,technician,higher,3,2025-01-01,true,bg_ncop_3151
bg_ncop_31513008,Девиатор,31513008,occupation,technician,higher,3,2025-01-01,true,bg_ncop_3151
bg_ncop_31513009,Механик плаващо техническо средство,31513009,occupation,technician,higher,3,2025-01-01,true,bg_ncop_3151
bg_ncop_31513010,Електротехник плаващо техническо средство,31513010,occupation,technician,higher,3,2025-01-01,true,bg_ncop_3151
bg_ncop_31514011,Диспечер корабоплаване,31514011,occupation,technician,higher,3,2025-01-01,true,bg_ncop_3151
bg_ncop_31514012,Инспектор картно бюро корабоплаване,31514012,occupation,technician,higher,3,2025-01-01,true,bg_ncop_3151
bg_ncop_31514013,Технолог търговска експлоатация на корабите,31514013,occupation,technician,higher,3,2025-01-01,true,bg_ncop_3151
bg_ncop_31514014,Вахтен механик,31514014,occupation,technician,higher,3,2025-01-01,true,bg_ncop_3151
bg_ncop_31524001,Капитан кораб,31524001,occupation,technician,higher,3,2025-01-01,true,bg_ncop_3152
bg_ncop_31524002,Капитан кораб (вътрешни водни пътища),31524002,occupation,technician,higher,3,2025-01-01,true,bg_ncop_3152
bg_ncop_31524003,Капитан плаващо техническо средство,31524003,occupation,technician,higher,3,2025-01-01,true,bg_ncop_3152
bg_ncop_31524004,Капитан пристанище,31524004,occupation,technician,higher,3,2025-01-01,true,bg_ncop_3152
bg_ncop_31524005,Капитан яхта,31524005,occupation,technician,higher,3,2025-01-01,true,bg_ncop_3152
bg_ncop_31524006,Капитан на влекач,31524006,occupation,technician,higher,3,2025-01-01,true,bg_ncop_3152
bg_ncop_31524007,Помощник-капитан,31524007,occupation,technician,higher,3,2025-01-01,true,bg_ncop_3152
bg_ncop_31524008,Втори помощник-капитан,31524008,occupation,technician,higher,3,2025-01-01,true,bg_ncop_3152
bg_ncop_31524009,Трети помощник-капитан,31524009,occupation,technician,higher,3,2025-01-01,true,bg_ncop_3152
bg_ncop_31524010,Вахтен помощник-капитан,31524010,occupation,technician,higher,3,2025-01-01,true,bg_ncop_3152
bg_ncop_31524011,Лоцман,31524011,occupation,technician,higher,3,2025-01-01,true,bg_ncop_3152
bg_ncop_31524012,Пилот,31524012,occupation,technician,higher,3,2025-01-01,true,bg_ncop_3152
bg_ncop_31524013,Сдатъчен капитан,31524013,occupation,technician,higher,3,2025-01-01,true,bg_ncop_3152
bg_ncop_31524014,Старши помощник-капитан,31524014,occupation,technician,higher,3,2025-01-01,true,bg_ncop_3152
bg_ncop_31524015,Старшина кораб,31524015,occupation,technician,higher,3,2025-01-01,true,bg_ncop_3152
bg_ncop_31524016,Старшина шлеп катер,31524016,occupation,technician,higher,3,2025-01-01,true,bg_ncop_3152
bg_ncop_31524017,Щурман,31524017,occupation,technician,higher,3,2025-01-01,true,bg_ncop_3152
bg_ncop_31524018,Офицер по сигурността,31524018,occupation,technician,higher,3,2025-01-01,true,bg_ncop_3152
bg_ncop_31524019,Шкипер,31524019,occupation,technician,higher,3,2025-01-01,true,bg_ncop_3152
bg_ncop_31524020,Корабоводител,31524020,occupation,technician,higher,3,2025-01-01,true,bg_ncop_3152
bg_ncop_31524021,Водач на несамоходен кораб,31524021,occupation,technician,higher,3,2025-01-01,true,bg_ncop_3152
bg_ncop_31524022,Водач на малък кораб в местно плаване,31524022,occupation,technician,higher,3,2025-01-01,true,bg_ncop_3152
bg_ncop_31524023,Водач на малък кораб за спорт и развлечение по вътрешни водни пътища,31524023,occupation,technician,higher,3,2025-01-01,true,bg_ncop_3152
bg_ncop_31524024,Командир на моторен катер,31524024,occupation,technician,higher,3,2025-01-01,true,bg_ncop_3152
bg_ncop_31523025,Капитан на катер,31523025,occupation,technician,higher,3,2025-01-01,true,bg_ncop_3152
bg_ncop_31537001,Главен пилот,31537001,occupation,technician,higher,3,2025-01-01,true,bg_ncop_3153
bg_ncop_31537002,Летец-борден радист,31537002,occupation,technician,higher,3,2025-01-01,true,bg_ncop_3153
bg_ncop_31537003,Летец-втори пилот,31537003,occupation,technician,higher,3,2025-01-01,true,bg_ncop_3153
bg_ncop_31537004,Летец-борден инженер,31537004,occupation,technician,higher,3,2025-01-01,true,bg_ncop_3153
bg_ncop_31537005,Летец-пилот,31537005,occupation,technician,higher,3,2025-01-01,true,bg_ncop_3153
bg_ncop_31537006,Летец-пилот изпитател,31537006,occupation,technician,higher,3,2025-01-01,true,bg_ncop_3153
bg_ncop_31537007,Летец-пилот инспектор,31537007,occupation,technician,higher,3,2025-01-01,true,bg_ncop_3153
bg_ncop_31537008,Летец-пилот инструктор,31537008,occupation,technician,higher,3,2025-01-01,true,bg_ncop_3153
bg_ncop_31537009,Летец-пилот командир капитан на самолет,31537009,occupation,technician,higher,3,2025-01-01,true,bg_ncop_3153
bg_ncop_31537010,Летец-пилот хидроплан,31537010,occupation,technician,higher,3,2025-01-01,true,bg_ncop_3153
bg_ncop_31537011,Летец-пилот хеликоптер,31537011,occupation,technician,higher,3,2025-01-01,true,bg_ncop_3153
bg_ncop_31537012,Летец-щурман,31537012,occupation,technician,higher,3,2025-01-01,true,bg_ncop_3153
bg_ncop_31537013,Летец-пилот командир на хеликоптер,31537013,occupation,technician,higher,3,2025-01-01,true,bg_ncop_3153
bg_ncop_31537014,Летец-борден оператор,31537014,occupation,technician,higher,3,2025-01-01,true,bg_ncop_3153
bg_ncop_31537015,Летец-пилот командир на звено,31537015,occupation,technician,higher,3,2025-01-01,true,bg_ncop_3153
bg_ncop_31547001,Авиодиспечер,31547001,occupation,technician,higher,3,2025-01-01,true,bg_ncop_3154
bg_ncop_31543002,Авиодиспечер въздушно обслужване,31543002,occupation,technician,higher,3,2025-01-01,true,bg_ncop_3154
bg_ncop_31546003,Организатор на полетите,31546003,occupation,technician,higher,3,2025-01-01,true,bg_ncop_3154
bg_ncop_31546004,Отговорник безопасност на полетите,31546004,occupation,technician,higher,3,2025-01-01,true,bg_ncop_3154
bg_ncop_31545005,Координатор въздушно обслужване,31545005,occupation,technician,higher,3,2025-01-01,true,bg_ncop_3154
bg_ncop_31545006,Координатор управление на въздушното движение,31545006,occupation,technician,higher,3,2025-01-01,true,bg_ncop_3154
bg_ncop_31545007,Ръководител полети смяна,31545007,occupation,technician,higher,3,2025-01-01,true,bg_ncop_3154
bg_ncop_31545008,Диспечер полети,31545008,occupation,technician,higher,3,2025-01-01,true,bg_ncop_3154
bg_ncop_31543009,Специалист НОТАМ,31543009,occupation,technician,higher,3,2025-01-01,true,bg_ncop_3154
bg_ncop_31545010,Ръководител полети отговорник по безопасност,31545010,occupation,technician,higher,3,2025-01-01,true,bg_ncop_3154
bg_ncop_31545011,Ръководител полети,31545011,occupation,technician,higher,3,2025-01-01,true,bg_ncop_3154
bg_ncop_31545012,Специалист координатор използване на въздушното пространство,31545012,occupation,technician,higher,3,2025-01-01,true,bg_ncop_3154
bg_ncop_31543013,Асистент-координатор на полети,31543013,occupation,technician,higher,3,2025-01-01,true,bg_ncop_3154
bg_ncop_31553001,Авиомеханик,31553001,occupation,technician,higher,3,2025-01-01,true,bg_ncop_3155
bg_ncop_31553002,Авиомоторист,31553002,occupation,technician,higher,3,2025-01-01,true,bg_ncop_3155
bg_ncop_31553003,Авиотехник,31553003,occupation,technician,higher,3,2025-01-01,true,bg_ncop_3155
bg_ncop_31553004,Техник сигурност на въздушния транспорт,31553004,occupation,technician,higher,3,2025-01-01,true,bg_ncop_3155
bg_ncop_32115001,Рентгенов лаборант,32115001,occupation,technician,higher,3,2025-01-01,true,bg_ncop_3211
bg_ncop_32113002,Лаборант медицински радиографни съоръжения,32113002,occupation,technician,higher,3,2025-01-01,true,bg_ncop_3211
bg_ncop_32123001,Лаборант анатомия,32123001,occupation,technician,higher,3,2025-01-01,true,bg_ncop_3212
bg_ncop_32123002,Лаборант бактериология,32123002,occupation,technician,higher,3,2025-01-01,true,bg_ncop_3212
bg_ncop_32123003,Лаборант клетки,32123003,occupation,technician,higher,3,2025-01-01,true,bg_ncop_3212
bg_ncop_32123004,Лаборант кръвни банки,32123004,occupation,technician,higher,3,2025-01-01,true,bg_ncop_3212
bg_ncop_32123005,Лаборант патология,32123005,occupation,technician,higher,3,2025-01-01,true,bg_ncop_3212
bg_ncop_32123006,Лаборант препаратор,32123006,occupation,technician,higher,3,2025-01-01,true,bg_ncop_3212
bg_ncop_32123007,Лаборант тъкан,32123007,occupation,technician,higher,3,2025-01-01,true,bg_ncop_3212
bg_ncop_32123008,Лаборант фармакология,32123008,occupation,technician,higher,3,2025-01-01,true,bg_ncop_3212
bg_ncop_32123009,Лаборант физиология,32123009,occupation,technician,higher,3,2025-01-01,true,bg_ncop_3212
bg_ncop_32123010,Лаборант хематология,32123010,occupation,technician,higher,3,2025-01-01,true,bg_ncop_3212
bg_ncop_32123011,Лаборант хистология,32123011,occupation,technician,higher,3,2025-01-01,true,bg_ncop_3212
bg_ncop_32125012,Медицински лаборант,32125012,occupation,technician,higher,3,2025-01-01,true,bg_ncop_3212
bg_ncop_32135001,Помощник-фармацевт,32135001,occupation,technician,higher,3,2025-01-01,true,bg_ncop_3213
bg_ncop_32145001,Зъботехник,32145001,occupation,technician,higher,3,2025-01-01,true,bg_ncop_3214
bg_ncop_32143002,Механик изкуствени крайници,32143002,occupation,technician,higher,3,2025-01-01,true,bg_ncop_3214
bg_ncop_32145003,Ортопедичен техник,32145003,occupation,technician,higher,3,2025-01-01,true,bg_ncop_3214
bg_ncop_32143004,Производител изкуствени крайници (протези),32143004,occupation,technician,higher,3,2025-01-01,true,bg_ncop_3214
bg_ncop_32143005,Производител ортопедически приспособления,32143005,occupation,technician,higher,3,2025-01-01,true,bg_ncop_3214
bg_ncop_32308001,Народен лечител,32308001,occupation,technician,higher,3,2025-01-01,true,bg_ncop_3230
bg_ncop_32300002,Билкар,32300002,occupation,technician,higher,3,2025-01-01,true,bg_ncop_3230
bg_ncop_32300003,Биоенерго терапевт,32300003,occupation,technician,higher,3,2025-01-01,true,bg_ncop_3230
bg_ncop_32300004,Практикуващ неконвенционални методи за благоприятно въздействие върху индивидуалното здраве,32300004,occupation,technician,higher,3,2025-01-01,true,bg_ncop_3230
bg_ncop_32300005,Природолечител,32300005,occupation,technician,higher,3,2025-01-01,true,bg_ncop_3230
bg_ncop_32403001,Ветеринарен ваксинатор,32403001,occupation,technician,higher,3,2025-01-01,true,bg_ncop_3240
bg_ncop_32403002,Ветеринарен осеменител,32403002,occupation,technician,higher,3,2025-01-01,true,bg_ncop_3240
bg_ncop_32403003,Ветеринарен техник (фелдшер),32403003,occupation,technician,higher,3,2025-01-01,true,bg_ncop_3240
bg_ncop_32533001,Здравен медиатор,32533001,occupation,technician,higher,3,2025-01-01,true,bg_ncop_3253
bg_ncop_32543001,Техник оптик,32543001,occupation,technician,higher,3,2025-01-01,true,bg_ncop_3254
bg_ncop_32555003,Масажист (за лица с увредено зрение),32555003,occupation,technician,higher,3,2025-01-01,true,bg_ncop_3255
bg_ncop_32573001,Инспектор медицинска екология,32573001,occupation,technician,higher,3,2025-01-01,true,bg_ncop_3257
bg_ncop_32573002,Инспектор здраве и безопасност при работа,32573002,occupation,technician,higher,3,2025-01-01,true,bg_ncop_3257
bg_ncop_32573003,Инспектор трудова медицина,32573003,occupation,technician,higher,3,2025-01-01,true,bg_ncop_3257
bg_ncop_32574004,Инспектор по обществено здраве,32574004,occupation,technician,higher,3,2025-01-01,true,bg_ncop_3257
bg_ncop_32574005,Инспектор по обществено здраве специализант,32574005,occupation,technician,higher,3,2025-01-01,true,bg_ncop_3257
bg_ncop_32574006,Инспектор по обществено здраве със специалност в системата на здравеопазването,32574006,occupation,technician,higher,3,2025-01-01,true,bg_ncop_3257
bg_ncop_32573007,Инспектор безопасност на продукти,32573007,occupation,technician,higher,3,2025-01-01,true,bg_ncop_3257
bg_ncop_32583001,Парамедик,32583001,occupation,technician,higher,3,2025-01-01,true,bg_ncop_3258
bg_ncop_32593001,Съветник семейно планиране,32593001,occupation,technician,higher,3,2025-01-01,true,bg_ncop_3259
bg_ncop_32594002,Културтерапевт,32594002,occupation,technician,higher,3,2025-01-01,true,bg_ncop_3259
bg_ncop_32595003,Медицински козметик,32595003,occupation,technician,higher,3,2025-01-01,true,bg_ncop_3259
bg_ncop_33113001,Брокер финанси,33113001,occupation,technician,higher,3,2025-01-01,true,bg_ncop_3311
bg_ncop_33113002,Брокер ценни книжа,33113002,occupation,technician,higher,3,2025-01-01,true,bg_ncop_3311
bg_ncop_33113003,Брокер акции,33113003,occupation,technician,higher,3,2025-01-01,true,bg_ncop_3311
bg_ncop_33113004,Брокер обмен на чужда валута,33113004,occupation,technician,higher,3,2025-01-01,true,bg_ncop_3311
bg_ncop_33113005,Дилър ценни книжа,33113005,occupation,technician,higher,3,2025-01-01,true,bg_ncop_3311
bg_ncop_33113006,Дилър банка,33113006,occupation,technician,higher,3,2025-01-01,true,bg_ncop_3311
bg_ncop_33113007,Дилър борса,33113007,occupation,technician,higher,3,2025-01-01,true,bg_ncop_3311
bg_ncop_33113008,Продавач облигации,33113008,occupation,technician,higher,3,2025-01-01,true,bg_ncop_3311
bg_ncop_33113009,Продавач ценни книжа,33113009,occupation,technician,higher,3,2025-01-01,true,bg_ncop_3311
bg_ncop_33113010,Организатор сделки с ценни книжа,33113010,occupation,technician,higher,3,2025-01-01,true,bg_ncop_3311
bg_ncop_33125001,Кредитен специалист банка финансова платежна институция,33125001,occupation,technician,higher,3,2025-01-01,true,bg_ncop_3312
bg_ncop_33125002,Инспектор банка финансова платежна институция,33125002,occupation,technician,higher,3,2025-01-01,true,bg_ncop_3312
bg_ncop_33123003,Кредитен администратор,33123003,occupation,technician,higher,3,2025-01-01,true,bg_ncop_3312
bg_ncop_33123004,Старши банков служител  служител финансова платежна институция,33123004,occupation,technician,higher,3,2025-01-01,true,bg_ncop_3312
bg_ncop_33123005,Супервайзор банка финансова платежна институция,33123005,occupation,technician,higher,3,2025-01-01,true,bg_ncop_3312
bg_ncop_33125006,Консултант управление на просрочията,33125006,occupation,technician,higher,3,2025-01-01,true,bg_ncop_3312
bg_ncop_33125007,Консултант управление на вземанията,33125007,occupation,technician,higher,3,2025-01-01,true,bg_ncop_3312
bg_ncop_33133001,Счетоводител оперативен,33133001,occupation,technician,higher,3,2025-01-01,true,bg_ncop_3313
bg_ncop_33143001,Приложен специалист математика,33143001,occupation,technician,higher,3,2025-01-01,true,bg_ncop_3314
bg_ncop_33143002,Приложен специалист статистика,33143002,occupation,technician,higher,3,2025-01-01,true,bg_ncop_3314
bg_ncop_33143003,Приложен специалист актюерство,33143003,occupation,technician,higher,3,2025-01-01,true,bg_ncop_3314
bg_ncop_33153001,Инспектор иск,33153001,occupation,technician,higher,3,2025-01-01,true,bg_ncop_3315
bg_ncop_33153002,Инспектор осигурителен иск,33153002,occupation,technician,higher,3,2025-01-01,true,bg_ncop_3315
bg_ncop_33153003,Оценител недвижимо имущество,33153003,occupation,technician,higher,3,2025-01-01,true,bg_ncop_3315
bg_ncop_33153004,Оценител иск,33153004,occupation,technician,higher,3,2025-01-01,true,bg_ncop_3315
bg_ncop_33153005,Оценител осигуровка,33153005,occupation,technician,higher,3,2025-01-01,true,bg_ncop_3315
bg_ncop_33153006,Оценител щета,33153006,occupation,technician,higher,3,2025-01-01,true,bg_ncop_3315
bg_ncop_33153007,Ценовик,33153007,occupation,technician,higher,3,2025-01-01,true,bg_ncop_3315
bg_ncop_33213001,Агент осигуряване,33213001,occupation,technician,higher,3,2025-01-01,true,bg_ncop_3321
bg_ncop_33213002,Застрахователен агент,33213002,occupation,technician,higher,3,2025-01-01,true,bg_ncop_3321
bg_ncop_33213003,Застрахователен брокер,33213003,occupation,technician,higher,3,2025-01-01,true,bg_ncop_3321
bg_ncop_33213004,Главен специалист застрахователна дейност,33213004,occupation,technician,higher,3,2025-01-01,true,bg_ncop_3321
bg_ncop_33213005,Специалист застрахователна дейност,33213005,occupation,technician,higher,3,2025-01-01,true,bg_ncop_3321
bg_ncop_33213006,Регионален застрахователен представител,33213006,occupation,technician,higher,3,2025-01-01,true,bg_ncop_3321
bg_ncop_33213007,Регионален застрахователен координатор,33213007,occupation,technician,higher,3,2025-01-01,true,bg_ncop_3321
bg_ncop_33213008,Организатор аварии и застраховки,33213008,occupation,technician,higher,3,2025-01-01,true,bg_ncop_3321
bg_ncop_33223001,Търговски агент,33223001,occupation,technician,higher,3,2025-01-01,true,bg_ncop_3322
bg_ncop_33223002,Търговски помощник,33223002,occupation,technician,higher,3,2025-01-01,true,bg_ncop_3322
bg_ncop_33223003,Търговски представител,33223003,occupation,technician,higher,3,2025-01-01,true,bg_ncop_3322
bg_ncop_33223004,Търговски пътник,33223004,occupation,technician,higher,3,2025-01-01,true,bg_ncop_3322
bg_ncop_33223005,Консултант (промотьор) продажби,33223005,occupation,technician,higher,3,2025-01-01,true,bg_ncop_3322
bg_ncop_33223006,Дистрибутор,33223006,occupation,technician,higher,3,2025-01-01,true,bg_ncop_3322
bg_ncop_33222007,Търговски сътрудник,33222007,occupation,technician,higher,3,2025-01-01,true,bg_ncop_3322
bg_ncop_33223008,Търговец на вино,33223008,occupation,technician,higher,3,2025-01-01,true,bg_ncop_3322
bg_ncop_33233001,Агент-купувач,33233001,occupation,technician,higher,3,2025-01-01,true,bg_ncop_3323
bg_ncop_33233002,Агент снабдяване,33233002,occupation,technician,higher,3,2025-01-01,true,bg_ncop_3323
bg_ncop_33233003,Изкупчик (търговия на дребно),33233003,occupation,technician,higher,3,2025-01-01,true,bg_ncop_3323
bg_ncop_33233004,Изкупчик (търговия на едро),33233004,occupation,technician,higher,3,2025-01-01,true,bg_ncop_3323
bg_ncop_33233005,Специалист доставки,33233005,occupation,technician,higher,3,2025-01-01,true,bg_ncop_3323
bg_ncop_33233006,Организатор корабно снабдяване,33233006,occupation,technician,higher,3,2025-01-01,true,bg_ncop_3323
bg_ncop_33243001,Брокер стоки,33243001,occupation,technician,higher,3,2025-01-01,true,bg_ncop_3324
bg_ncop_33243002,Брокер спедиторски услуги,33243002,occupation,technician,higher,3,2025-01-01,true,bg_ncop_3324
bg_ncop_33243003,Дилър стокови фючърси,33243003,occupation,technician,higher,3,2025-01-01,true,bg_ncop_3324
bg_ncop_33242004,Търговски посредник,33242004,occupation,technician,higher,3,2025-01-01,true,bg_ncop_3324
bg_ncop_33243005,Комисионер кораби пратки,33243005,occupation,technician,higher,3,2025-01-01,true,bg_ncop_3324
bg_ncop_33243006,Комисионер пътувания,33243006,occupation,technician,higher,3,2025-01-01,true,bg_ncop_3324
bg_ncop_33243007,Комисионер стоки,33243007,occupation,technician,higher,3,2025-01-01,true,bg_ncop_3324
bg_ncop_33313001,Специалист спедиторска дейност,33313001,occupation,technician,higher,3,2025-01-01,true,bg_ncop_3331
bg_ncop_33313002,Агент експедиция на товари,33313002,occupation,technician,higher,3,2025-01-01,true,bg_ncop_3331
bg_ncop_33313003,Агент чистотата на товарите,33313003,occupation,technician,higher,3,2025-01-01,true,bg_ncop_3331
bg_ncop_33313004,Корабен агент,33313004,occupation,technician,higher,3,2025-01-01,true,bg_ncop_3331
bg_ncop_33313005,Корабен брокер,33313005,occupation,technician,higher,3,2025-01-01,true,bg_ncop_3331
bg_ncop_33313006,Спедитор,33313006,occupation,technician,higher,3,2025-01-01,true,bg_ncop_3331
bg_ncop_33313007,Организатор карго внос износ,33313007,occupation,technician,higher,3,2025-01-01,true,bg_ncop_3331
bg_ncop_33313008,Организатор каргорекламации,33313008,occupation,technician,higher,3,2025-01-01,true,bg_ncop_3331
bg_ncop_33313009,Организатор склад под митнически контрол,33313009,occupation,technician,higher,3,2025-01-01,true,bg_ncop_3331
bg_ncop_33313010,Митнически брокер,33313010,occupation,technician,higher,3,2025-01-01,true,bg_ncop_3331
bg_ncop_33313011,Отговорник митнически брокери,33313011,occupation,technician,higher,3,2025-01-01,true,bg_ncop_3331
bg_ncop_33313012,Отговорник митническа обработка,33313012,occupation,technician,higher,3,2025-01-01,true,bg_ncop_3331
bg_ncop_33323001,Организатор конференции и събития,33323001,occupation,technician,higher,3,2025-01-01,true,bg_ncop_3332
bg_ncop_33321002,Сватбен агент,33321002,occupation,technician,higher,3,2025-01-01,true,bg_ncop_3332
bg_ncop_33333001,Посредник информиране и наемане на работа,33333001,occupation,technician,higher,3,2025-01-01,true,bg_ncop_3333
bg_ncop_33333002,Професионален консултант,33333002,occupation,technician,higher,3,2025-01-01,true,bg_ncop_3333
bg_ncop_33333003,Трудов посредник,33333003,occupation,technician,higher,3,2025-01-01,true,bg_ncop_3333
bg_ncop_33333004,Мениджър на случай/Кейс мениджър,33333004,occupation,technician,higher,3,2025-01-01,true,bg_ncop_3333
bg_ncop_33333005,Консултант подкрепена заетост,33333005,occupation,technician,higher,3,2025-01-01,true,bg_ncop_3333
bg_ncop_33343001,Агент недвижими имоти,33343001,occupation,technician,higher,3,2025-01-01,true,bg_ncop_3334
bg_ncop_33343002,Брокер недвижими имоти,33343002,occupation,technician,higher,3,2025-01-01,true,bg_ncop_3334
bg_ncop_33343003,Агент управление на собственост,33343003,occupation,technician,higher,3,2025-01-01,true,bg_ncop_3334
bg_ncop_33343004,Търговец недвижими имоти,33343004,occupation,technician,higher,3,2025-01-01,true,bg_ncop_3334
bg_ncop_33393001,Специалист изложби и панаири,33393001,occupation,technician,higher,3,2025-01-01,true,bg_ncop_3339
bg_ncop_33393002,Специалист туроператорска дейност,33393002,occupation,technician,higher,3,2025-01-01,true,bg_ncop_3339
bg_ncop_33393003,Специалист търговия,33393003,occupation,technician,higher,3,2025-01-01,true,bg_ncop_3339
bg_ncop_33393004,Специалист продажби,33393004,occupation,technician,higher,3,2025-01-01,true,bg_ncop_3339
bg_ncop_33393005,Специалист маркетинг и реклама,33393005,occupation,technician,higher,3,2025-01-01,true,bg_ncop_3339
bg_ncop_33393006,Рекламен агент,33393006,occupation,technician,higher,3,2025-01-01,true,bg_ncop_3339
bg_ncop_33393007,Аукционер провеждане на търгове,33393007,occupation,technician,higher,3,2025-01-01,true,bg_ncop_3339
bg_ncop_33393008,Агент литературен,33393008,occupation,technician,higher,3,2025-01-01,true,bg_ncop_3339
bg_ncop_33393009,Агент музикални представления,33393009,occupation,technician,higher,3,2025-01-01,true,bg_ncop_3339
bg_ncop_33393010,Агент спорт,33393010,occupation,technician,higher,3,2025-01-01,true,bg_ncop_3339
bg_ncop_33393011,Агент театрален,33393011,occupation,technician,higher,3,2025-01-01,true,bg_ncop_3339
bg_ncop_33393012,Представител бизнес услуги,33393012,occupation,technician,higher,3,2025-01-01,true,bg_ncop_3339
bg_ncop_33393013,Продавач бизнес услуги,33393013,occupation,technician,higher,3,2025-01-01,true,bg_ncop_3339
bg_ncop_33393014,Отговорник телефонни продажби,33393014,occupation,technician,higher,3,2025-01-01,true,bg_ncop_3339
bg_ncop_33393015,Отговорник куриери,33393015,occupation,technician,higher,3,2025-01-01,true,bg_ncop_3339
bg_ncop_33393016,Отговорник диспечери куриерски услуги,33393016,occupation,technician,higher,3,2025-01-01,true,bg_ncop_3339
bg_ncop_33393017,Организатор куриерска дейност,33393017,occupation,technician,higher,3,2025-01-01,true,bg_ncop_3339
bg_ncop_33393018,Организатор реклама,33393018,occupation,technician,higher,3,2025-01-01,true,bg_ncop_3339
bg_ncop_33393019,Организатор маркетинг,33393019,occupation,technician,higher,3,2025-01-01,true,bg_ncop_3339
bg_ncop_33393020,Организатор работа с клиенти,33393020,occupation,technician,higher,3,2025-01-01,true,bg_ncop_3339
bg_ncop_33393021,Организатор продажби и реклама,33393021,occupation,technician,higher,3,2025-01-01,true,bg_ncop_3339
bg_ncop_33393022,Технолог приемане на поръчки,33393022,occupation,technician,higher,3,2025-01-01,true,bg_ncop_3339
bg_ncop_33393023,Специалист авторски права,33393023,occupation,technician,higher,3,2025-01-01,true,bg_ncop_3339
bg_ncop_33393024,Агент патенти,33393024,occupation,technician,higher,3,2025-01-01,true,bg_ncop_3339
bg_ncop_33413001,Мениджър екип телефонен център за услуги,33413001,occupation,technician,higher,3,2025-01-01,true,bg_ncop_3341
bg_ncop_33413002,Мениджър екип контактен център,33413002,occupation,technician,higher,3,2025-01-01,true,bg_ncop_3341
bg_ncop_33413003,Мениджър екип,33413003,occupation,technician,higher,3,2025-01-01,true,bg_ncop_3341
bg_ncop_33413004,Офис мениджър,33413004,occupation,technician,higher,3,2025-01-01,true,bg_ncop_3341
bg_ncop_33413005,Административен специалист с контролни функции,33413005,occupation,technician,higher,3,2025-01-01,true,bg_ncop_3341
bg_ncop_33413006,Специалист с контролни функции въвеждане на данни,33413006,occupation,technician,higher,3,2025-01-01,true,bg_ncop_3341
bg_ncop_33413007,Специалист с контролни функции деловодство и архив,33413007,occupation,technician,higher,3,2025-01-01,true,bg_ncop_3341
bg_ncop_33413008,Специалист с контролни функции човешки ресурси,33413008,occupation,technician,higher,3,2025-01-01,true,bg_ncop_3341
bg_ncop_33423001,Правен секретар,33423001,occupation,technician,higher,3,2025-01-01,true,bg_ncop_3342
bg_ncop_33433001,Административен секретар,33433001,occupation,technician,higher,3,2025-01-01,true,bg_ncop_3343
bg_ncop_33433002,Асистент кореспонденция,33433002,occupation,technician,higher,3,2025-01-01,true,bg_ncop_3343
bg_ncop_33433003,Администратор по клинични изпитвания,33433003,occupation,technician,higher,3,2025-01-01,true,bg_ncop_3343
bg_ncop_33433004,Секретар съдебен,33433004,occupation,technician,higher,3,2025-01-01,true,bg_ncop_3343
bg_ncop_33433005,Инспектор,33433005,occupation,technician,higher,3,2025-01-01,true,bg_ncop_3343
bg_ncop_33433006,Координатор,33433006,occupation,technician,higher,3,2025-01-01,true,bg_ncop_3343
bg_ncop_33433007,Организатор,33433007,occupation,technician,higher,3,2025-01-01,true,bg_ncop_3343
bg_ncop_33433008,Специалист,33433008,occupation,technician,higher,3,2025-01-01,true,bg_ncop_3343
bg_ncop_33433009,Изпълнителен секретар офис,33433009,occupation,technician,higher,3,2025-01-01,true,bg_ncop_3343
bg_ncop_33433010,Секретар на управителен съвет,33433010,occupation,technician,higher,3,2025-01-01,true,bg_ncop_3343
bg_ncop_33433011,Асистент офис,33433011,occupation,technician,higher,3,2025-01-01,true,bg_ncop_3343
bg_ncop_33433012,Квестор,33433012,occupation,technician,higher,3,2025-01-01,true,bg_ncop_3343
bg_ncop_33443001,Медицински секретар,33443001,occupation,technician,higher,4,2025-01-01,true,bg_ncop_3344
bg_ncop_33513001,Граничен ветеринарен инспектор,33513001,occupation,technician,higher,3,2025-01-01,true,bg_ncop_3351
bg_ncop_33513002,Инспектор митнически документи,33513002,occupation,technician,higher,3,2025-01-01,true,bg_ncop_3351
bg_ncop_33513003,Инспектор паспортна проверка,33513003,occupation,technician,higher,3,2025-01-01,true,bg_ncop_3351
bg_ncop_33513004,Митнически инспектор,33513004,occupation,technician,higher,3,2025-01-01,true,bg_ncop_3351
bg_ncop_33513005,Старши митнически инспектор,33513005,occupation,technician,higher,3,2025-01-01,true,bg_ncop_3351
bg_ncop_33513006,Главен митнически специалист,33513006,occupation,technician,higher,3,2025-01-01,true,bg_ncop_3351
bg_ncop_33513008,Митнически сътрудник,33513008,occupation,technician,higher,3,2025-01-01,true,bg_ncop_3351
bg_ncop_33513009,Младши митнически специалист,33513009,occupation,technician,higher,3,2025-01-01,true,bg_ncop_3351
bg_ncop_33513010,Старши митнически специалист,33513010,occupation,technician,higher,3,2025-01-01,true,bg_ncop_3351
bg_ncop_33513011,Митнически дознател,33513011,occupation,technician,higher,3,2025-01-01,true,bg_ncop_3351
bg_ncop_33525001,Финансов ревизор,33525001,occupation,technician,higher,3,2025-01-01,true,bg_ncop_3352
bg_ncop_33526002,Главен данъчен инспектор,33526002,occupation,technician,higher,3,2025-01-01,true,bg_ncop_3352
bg_ncop_33526003,Главен финансов ревизор,33526003,occupation,technician,higher,3,2025-01-01,true,bg_ncop_3352
bg_ncop_33525004,Данъчен инспектор,33525004,occupation,technician,higher,3,2025-01-01,true,bg_ncop_3352
bg_ncop_33525005,Старши данъчен инспектор,33525005,occupation,technician,higher,3,2025-01-01,true,bg_ncop_3352
bg_ncop_33525006,Старши финансов ревизор,33525006,occupation,technician,higher,3,2025-01-01,true,bg_ncop_3352
bg_ncop_33524007,Главен специалист Сметна палата,33524007,occupation,technician,higher,3,2025-01-01,true,bg_ncop_3352
bg_ncop_33524008,Специалист Сметна палата,33524008,occupation,technician,higher,3,2025-01-01,true,bg_ncop_3352
bg_ncop_33524009,Старши специалист Сметна палата,33524009,occupation,technician,higher,3,2025-01-01,true,bg_ncop_3352
bg_ncop_33533001,Инспектор трудови злополуки,33533001,occupation,technician,higher,3,2025-01-01,true,bg_ncop_3353
bg_ncop_33533002,Инспектор пенсионен архив,33533002,occupation,technician,higher,3,2025-01-01,true,bg_ncop_3353
bg_ncop_33533003,Инспектор пенсионен,33533003,occupation,technician,higher,3,2025-01-01,true,bg_ncop_3353
bg_ncop_33533004,Инспектор социално осигуряване,33533004,occupation,technician,higher,3,2025-01-01,true,bg_ncop_3353
bg_ncop_33533005,Инспектор социално-осигурителни рискове,33533005,occupation,technician,higher,3,2025-01-01,true,bg_ncop_3353
bg_ncop_33533006,Сътрудник пенсии,33533006,occupation,technician,higher,3,2025-01-01,true,bg_ncop_3353
bg_ncop_33533007,"Социален сътрудник, социално подпомагане",33533007,occupation,technician,higher,3,2025-01-01,true,bg_ncop_3353
bg_ncop_33533008,Сътрудник социалноосигурителен иск,33533008,occupation,technician,higher,3,2025-01-01,true,bg_ncop_3353
bg_ncop_33533009,Специалист социално осигуряване,33533009,occupation,technician,higher,3,2025-01-01,true,bg_ncop_3353
bg_ncop_33533010,Контрольор пенсии,33533010,occupation,technician,higher,3,2025-01-01,true,bg_ncop_3353
bg_ncop_33533011,Социален работник администрация,33533011,occupation,technician,higher,3,2025-01-01,true,bg_ncop_3353
bg_ncop_33533012,"Социален сътрудник, закрила на детето",33533012,occupation,technician,higher,3,2025-01-01,true,bg_ncop_3353
bg_ncop_33533013,"Социален сътрудник, хора с увреждания и социални услуги",33533013,occupation,technician,higher,3,2025-01-01,true,bg_ncop_3353
bg_ncop_33533014,Социален сътрудник,33533014,occupation,technician,higher,3,2025-01-01,true,bg_ncop_3353
bg_ncop_33543001,Служител паспортна служба,33543001,occupation,technician,higher,3,2025-01-01,true,bg_ncop_3354
bg_ncop_33543002,Служител разрешителни за строеж,33543002,occupation,technician,higher,3,2025-01-01,true,bg_ncop_3354
bg_ncop_33543003,Служител разрешителни за осъществяване на икономическа дейност,33543003,occupation,technician,higher,3,2025-01-01,true,bg_ncop_3354
bg_ncop_33553001,Агент справки в полиция,33553001,occupation,technician,higher,3,2025-01-01,true,bg_ncop_3355
bg_ncop_33553002,Инспектор полиция,33553002,occupation,technician,higher,3,2025-01-01,true,bg_ncop_3355
bg_ncop_33553003,Полицейски командир,33553003,occupation,technician,higher,3,2025-01-01,true,bg_ncop_3355
bg_ncop_33553004,Разузнавач,33553004,occupation,technician,higher,3,2025-01-01,true,bg_ncop_3355
bg_ncop_33553005,Районен инспектор,33553005,occupation,technician,higher,3,2025-01-01,true,bg_ncop_3355
bg_ncop_33553006,Старши инспектор полиция,33553006,occupation,technician,higher,3,2025-01-01,true,bg_ncop_3355
bg_ncop_33553007,Старши инспектор противопожарна охрана,33553007,occupation,technician,higher,3,2025-01-01,true,bg_ncop_3355
bg_ncop_33553008,Старши полицейски командир,33553008,occupation,technician,higher,3,2025-01-01,true,bg_ncop_3355
bg_ncop_33553009,Старши разузнавач,33553009,occupation,technician,higher,3,2025-01-01,true,bg_ncop_3355
bg_ncop_33553010,Дактилоскопист,33553010,occupation,technician,higher,3,2025-01-01,true,bg_ncop_3355
bg_ncop_33553011,Оперативен работник,33553011,occupation,technician,higher,3,2025-01-01,true,bg_ncop_3355
bg_ncop_33596001,Дипломатически куриер,33596001,occupation,technician,higher,3,2025-01-01,true,bg_ncop_3359
bg_ncop_33596002,Изпълнителен секретар консулска служба,33596002,occupation,technician,higher,3,2025-01-01,true,bg_ncop_3359
bg_ncop_33596003,Стажант-аташе дипломатическо представителство,33596003,occupation,technician,higher,3,2025-01-01,true,bg_ncop_3359
bg_ncop_33593004,Стажант министерство и друго специализирано бюджетно звено,33593004,occupation,technician,higher,3,2025-01-01,true,bg_ncop_3359
bg_ncop_33596005,Трети секретар дипломатическо представителство,33596005,occupation,technician,higher,3,2025-01-01,true,bg_ncop_3359
bg_ncop_33593006,Специалист управление при кризи и отбранително мобилизационна подготовка,33593006,occupation,technician,higher,3,2025-01-01,true,bg_ncop_3359
bg_ncop_33593007,Специалист организиране нормиране и отчитане на труда,33593007,occupation,technician,higher,3,2025-01-01,true,bg_ncop_3359
bg_ncop_33593008,Организатор отдел вътрешен контрол,33593008,occupation,technician,higher,3,2025-01-01,true,bg_ncop_3359
bg_ncop_33593009,Специалист държавна администрация,33593009,occupation,technician,higher,3,2025-01-01,true,bg_ncop_3359
bg_ncop_33593010,Специалист кадастрален план,33593010,occupation,technician,higher,3,2025-01-01,true,bg_ncop_3359
bg_ncop_33593011,Организатор по труда,33593011,occupation,technician,higher,3,2025-01-01,true,bg_ncop_3359
bg_ncop_33593012,Консултант държавна администрация,33593012,occupation,technician,higher,3,2025-01-01,true,bg_ncop_3359
bg_ncop_33593013,Инспектор гражданска защита,33593013,occupation,technician,higher,3,2025-01-01,true,bg_ncop_3359
bg_ncop_33593014,Инспектор подготовка на кадри,33593014,occupation,technician,higher,3,2025-01-01,true,bg_ncop_3359
bg_ncop_33593015,Инспектор общественото хранене,33593015,occupation,technician,higher,3,2025-01-01,true,bg_ncop_3359
bg_ncop_33593016,Инспектор търговия,33593016,occupation,technician,higher,3,2025-01-01,true,bg_ncop_3359
bg_ncop_33593017,Инспектор тегло и мярка,33593017,occupation,technician,higher,3,2025-01-01,true,bg_ncop_3359
bg_ncop_33593018,Инспектор услуги,33593018,occupation,technician,higher,3,2025-01-01,true,bg_ncop_3359
bg_ncop_33593019,Инспектор цени,33593019,occupation,technician,higher,3,2025-01-01,true,bg_ncop_3359
bg_ncop_33593020,Инспектор ветеринарномедицински служби,33593020,occupation,technician,higher,3,2025-01-01,true,bg_ncop_3359
bg_ncop_33593021,Младши специалист,33593021,occupation,technician,higher,3,2025-01-01,true,bg_ncop_3359
bg_ncop_33593022,Старши специалист,33593022,occupation,technician,higher,3,2025-01-01,true,bg_ncop_3359
bg_ncop_33593023,Горски инспектор,33593023,occupation,technician,higher,3,2025-01-01,true,bg_ncop_3359
bg_ncop_33593024,Технически сътрудник към политическия кабинет на заместник министър-председател,33593024,occupation,technician,higher,3,2025-01-01,true,bg_ncop_3359
bg_ncop_33593025,Технически сътрудник към политическия кабинет на министър-председателя,33593025,occupation,technician,higher,3,2025-01-01,true,bg_ncop_3359
bg_ncop_33593026,Главен специалист,33593026,occupation,technician,higher,3,2025-01-01,true,bg_ncop_3359
bg_ncop_33593027,Технически сътрудник към към кабинета на министър,33593027,occupation,technician,higher,3,2025-01-01,true,bg_ncop_3359
bg_ncop_34113001,Съдебен служител,34113001,occupation,technician,higher,3,2025-01-01,true,bg_ncop_3411
bg_ncop_34117004,Помощник-частен съдебен изпълнител,34117004,occupation,technician,higher,3,2025-01-01,true,bg_ncop_3411
bg_ncop_34113005,Частен детектив,34113005,occupation,technician,higher,3,2025-01-01,true,bg_ncop_3411
bg_ncop_34113006,Правен сътрудник,34113006,occupation,technician,higher,3,2025-01-01,true,bg_ncop_3411
bg_ncop_34112007,Завеждащ нотариална служба,34112007,occupation,technician,higher,3,2025-01-01,true,bg_ncop_3411
bg_ncop_34112008,Адвокатски сътрудник,34112008,occupation,technician,higher,3,2025-01-01,true,bg_ncop_3411
bg_ncop_34113009,Консултант-юрист регионална структура на организация на работниците и служителите,34113009,occupation,technician,higher,3,2025-01-01,true,bg_ncop_3411
bg_ncop_34117010,Експерт - юрист организация на работниците и служителите,34117010,occupation,technician,higher,3,2025-01-01,true,bg_ncop_3411
bg_ncop_34123001,Стажант-сътрудник социални дейности,34123001,occupation,technician,higher,3,2025-01-01,true,bg_ncop_3412
bg_ncop_34123002,Сътрудник социална работа,34123002,occupation,technician,higher,3,2025-01-01,true,bg_ncop_3412
bg_ncop_34123003,Сътрудник за социална работа с деца,34123003,occupation,technician,higher,3,2025-01-01,true,bg_ncop_3412
bg_ncop_34123004,"Сътрудник за социална работа в отдел ""Социална закрила""",34123004,occupation,technician,higher,3,2025-01-01,true,bg_ncop_3412
bg_ncop_34123005,Сътрудник за социална работа със семейство,34123005,occupation,technician,higher,3,2025-01-01,true,bg_ncop_3412
bg_ncop_34123006,Сътрудник социални дейности,34123006,occupation,technician,higher,3,2025-01-01,true,bg_ncop_3412
bg_ncop_34123007,Сътрудник социални дейности (лица с аморално поведение),34123007,occupation,technician,higher,3,2025-01-01,true,bg_ncop_3412
bg_ncop_34123008,Сътрудник социални дейности за работа с лица с  увреждания,34123008,occupation,technician,higher,3,2025-01-01,true,bg_ncop_3412
bg_ncop_34123009,Сътрудник социални дейности в социална услуга,34123009,occupation,technician,higher,3,2025-01-01,true,bg_ncop_3412
bg_ncop_34123010,Сътрудник социални дейности (лица извършили престъпления),34123010,occupation,technician,higher,3,2025-01-01,true,bg_ncop_3412
bg_ncop_34123011,Сътрудник социални дейности (община),34123011,occupation,technician,higher,3,2025-01-01,true,bg_ncop_3412
bg_ncop_34123012,Сътрудник социални дейности (в социално предприятие),34123012,occupation,technician,higher,3,2025-01-01,true,bg_ncop_3412
bg_ncop_34123013,Сътрудник социални дейности (семейно планиране),34123013,occupation,technician,higher,3,2025-01-01,true,bg_ncop_3412
bg_ncop_34123014,Сътрудник социално подпомагане и ориентиране (затвор),34123014,occupation,technician,higher,3,2025-01-01,true,bg_ncop_3412
bg_ncop_34123015,Сътрудник работа със зависимости,34123015,occupation,technician,higher,3,2025-01-01,true,bg_ncop_3412
bg_ncop_34123016,Домашен майстор,34123016,occupation,technician,higher,3,2025-01-01,true,bg_ncop_3412
bg_ncop_34123017,Младежки работник,34123017,occupation,technician,higher,3,2025-01-01,true,bg_ncop_3412
bg_ncop_34123018,"Експерт от опит, социално включване",34123018,occupation,technician,higher,3,2025-01-01,true,bg_ncop_3412
bg_ncop_34123019,Трудов наставник,34123019,occupation,technician,higher,3,2025-01-01,true,bg_ncop_3412
bg_ncop_34130001,Евангелист,34130001,occupation,technician,higher,3,2025-01-01,true,bg_ncop_3413
bg_ncop_34130002,Енорийски работник,34130002,occupation,technician,higher,3,2025-01-01,true,bg_ncop_3413
bg_ncop_34130003,Религиозен работник,34130003,occupation,technician,higher,3,2025-01-01,true,bg_ncop_3413
bg_ncop_34130004,Монах,34130004,occupation,technician,higher,3,2025-01-01,true,bg_ncop_3413
bg_ncop_34130005,Монахиня,34130005,occupation,technician,higher,3,2025-01-01,true,bg_ncop_3413
bg_ncop_34130006,Послушник послушница,34130006,occupation,technician,higher,3,2025-01-01,true,bg_ncop_3413
bg_ncop_34213001,Жокей,34213001,occupation,technician,higher,3,2025-01-01,true,bg_ncop_3421
bg_ncop_34213002,Професионален спортист,34213002,occupation,technician,higher,3,2025-01-01,true,bg_ncop_3421
bg_ncop_34223001,Арбитър спортен,34223001,occupation,technician,higher,3,2025-01-01,true,bg_ncop_3422
bg_ncop_34226002,Треньор,34226002,occupation,technician,higher,3,2025-01-01,true,bg_ncop_3422
bg_ncop_34223003,Помощник-треньор,34223003,occupation,technician,higher,3,2025-01-01,true,bg_ncop_3422
bg_ncop_34226004,Старши треньор,34226004,occupation,technician,higher,3,2025-01-01,true,bg_ncop_3422
bg_ncop_34223005,Ски инструктор,34223005,occupation,technician,higher,3,2025-01-01,true,bg_ncop_3422
bg_ncop_34223006,Стартьор,34223006,occupation,technician,higher,3,2025-01-01,true,bg_ncop_3422
bg_ncop_34223007,Инструктор плуване,34223007,occupation,technician,higher,3,2025-01-01,true,bg_ncop_3422
bg_ncop_34223008,Служител спортна организация,34223008,occupation,technician,higher,3,2025-01-01,true,bg_ncop_3422
bg_ncop_34223009,Организатор спортни прояви и първенства,34223009,occupation,technician,higher,3,2025-01-01,true,bg_ncop_3422
bg_ncop_34223010,Инструктор спортен,34223010,occupation,technician,higher,3,2025-01-01,true,bg_ncop_3422
bg_ncop_34227011,Главен треньор,34227011,occupation,technician,higher,3,2025-01-01,true,bg_ncop_3422
bg_ncop_34233001,Инструктор безмоторно летене,34233001,occupation,technician,higher,3,2025-01-01,true,bg_ncop_3423
bg_ncop_34233002,Инструктор парашутизъм,34233002,occupation,technician,higher,3,2025-01-01,true,bg_ncop_3423
bg_ncop_34233003,Инструктор управление на платноход,34233003,occupation,technician,higher,3,2025-01-01,true,bg_ncop_3423
bg_ncop_34233004,Фитнес инструктор,34233004,occupation,technician,higher,3,2025-01-01,true,bg_ncop_3423
bg_ncop_34233005,Инструктор езда,34233005,occupation,technician,higher,3,2025-01-01,true,bg_ncop_3423
bg_ncop_34233006,Личен треньор,34233006,occupation,technician,higher,3,2025-01-01,true,bg_ncop_3423
bg_ncop_34233007,Ски учител,34233007,occupation,technician,higher,3,2025-01-01,true,bg_ncop_3423
bg_ncop_34236008,Спортен аниматор,34236008,occupation,technician,higher,3,2025-01-01,true,bg_ncop_3423
bg_ncop_34313001,Фотограф,34313001,occupation,technician,higher,3,2025-01-01,true,bg_ncop_3431
bg_ncop_34313002,Фоторепортер,34313002,occupation,technician,higher,3,2025-01-01,true,bg_ncop_3431
bg_ncop_34313003,Въздушна фотография,34313003,occupation,technician,higher,3,2025-01-01,true,bg_ncop_3431
bg_ncop_34313004,Научна фотография,34313004,occupation,technician,higher,3,2025-01-01,true,bg_ncop_3431
bg_ncop_34313005,Художествена фотография,34313005,occupation,technician,higher,3,2025-01-01,true,bg_ncop_3431
bg_ncop_34323001,Аранжор витрини щандове,34323001,occupation,technician,higher,3,2025-01-01,true,bg_ncop_3432
bg_ncop_34323002,Декоратор сценичен,34323002,occupation,technician,higher,3,2025-01-01,true,bg_ncop_3432
bg_ncop_34323003,Декоратор витрини,34323003,occupation,technician,higher,3,2025-01-01,true,bg_ncop_3432
bg_ncop_34323004,Декоратор интериор,34323004,occupation,technician,higher,3,2025-01-01,true,bg_ncop_3432
bg_ncop_34323005,Интериорен дизайнер,34323005,occupation,technician,higher,3,2025-01-01,true,bg_ncop_3432
bg_ncop_34323006,Сценичен дизайнер,34323006,occupation,technician,higher,3,2025-01-01,true,bg_ncop_3432
bg_ncop_34326007,Дизайнер в музей/художествена галерия,34326007,occupation,technician,higher,3,2025-01-01,true,bg_ncop_3432
bg_ncop_34333001,Декоратор изложби музеи и галерии,34333001,occupation,technician,higher,3,2025-01-01,true,bg_ncop_3433
bg_ncop_34333002,Помощник-реставратор,34333002,occupation,technician,higher,3,2025-01-01,true,bg_ncop_3433
bg_ncop_34342001,Главен готвач,34342001,occupation,technician,higher,3,2025-01-01,true,bg_ncop_3434
bg_ncop_34342002,Главен сладкар,34342002,occupation,technician,higher,3,2025-01-01,true,bg_ncop_3434
bg_ncop_34342003,Майстор-готвач,34342003,occupation,technician,higher,3,2025-01-01,true,bg_ncop_3434
bg_ncop_34353001,Сценичен управител,34353001,occupation,technician,higher,3,2025-01-01,true,bg_ncop_3435
bg_ncop_34355002,Сценограф,34355002,occupation,technician,higher,3,2025-01-01,true,bg_ncop_3435
bg_ncop_34353003,Каскадьор,34353003,occupation,technician,higher,3,2025-01-01,true,bg_ncop_3435
bg_ncop_34355004,Първи асистент на сценографа,34355004,occupation,technician,higher,3,2025-01-01,true,bg_ncop_3435
bg_ncop_34353005,Първи асистент директор на продукция,34353005,occupation,technician,higher,3,2025-01-01,true,bg_ncop_3435
bg_ncop_34353006,Първи асистент художник на костюми,34353006,occupation,technician,higher,3,2025-01-01,true,bg_ncop_3435
bg_ncop_34353007,Първи асистент режисьор по монтажа,34353007,occupation,technician,higher,3,2025-01-01,true,bg_ncop_3435
bg_ncop_34353008,Втори асистент директор на продукция,34353008,occupation,technician,higher,3,2025-01-01,true,bg_ncop_3435
bg_ncop_34353009,Втори асистент режисьор,34353009,occupation,technician,higher,3,2025-01-01,true,bg_ncop_3435
bg_ncop_34353010,Втори асистент режисьор по монтажа,34353010,occupation,technician,higher,3,2025-01-01,true,bg_ncop_3435
bg_ncop_34353011,Определител копирни светлини,34353011,occupation,technician,higher,3,2025-01-01,true,bg_ncop_3435
bg_ncop_34353012,Осветител,34353012,occupation,technician,higher,3,2025-01-01,true,bg_ncop_3435
bg_ncop_34353013,Скриптер,34353013,occupation,technician,higher,3,2025-01-01,true,bg_ncop_3435
bg_ncop_34353014,Художник изпълнител на кукли,34353014,occupation,technician,higher,3,2025-01-01,true,bg_ncop_3435
bg_ncop_34353015,Художник изпълнител на макети,34353015,occupation,technician,higher,3,2025-01-01,true,bg_ncop_3435
bg_ncop_34353016,Художник контур,34353016,occupation,technician,higher,3,2025-01-01,true,bg_ncop_3435
bg_ncop_34353017,Художник надписи,34353017,occupation,technician,higher,3,2025-01-01,true,bg_ncop_3435
bg_ncop_34353018,Монтажист негативи,34353018,occupation,technician,higher,3,2025-01-01,true,bg_ncop_3435
bg_ncop_34353019,Монтажист кино видео телевизия,34353019,occupation,technician,higher,3,2025-01-01,true,bg_ncop_3435
bg_ncop_34353020,Приложен специалист специални ефекти,34353020,occupation,technician,higher,3,2025-01-01,true,bg_ncop_3435
bg_ncop_34352021,Гардеробиер театрални костюми,34352021,occupation,technician,higher,3,2025-01-01,true,bg_ncop_3435
bg_ncop_34352022,Реквизитор,34352022,occupation,technician,higher,3,2025-01-01,true,bg_ncop_3435
bg_ncop_34350023,Статист,34350023,occupation,technician,higher,3,2025-01-01,true,bg_ncop_3435
bg_ncop_34353024,Суфльор,34353024,occupation,technician,higher,3,2025-01-01,true,bg_ncop_3435
bg_ncop_34350025,Татуист,34350025,occupation,technician,higher,3,2025-01-01,true,bg_ncop_3435
bg_ncop_35113001,Оператор периферни устройства,35113001,occupation,technician,higher,3,2025-01-01,true,bg_ncop_3511
bg_ncop_35113002,Компютърен оператор,35113002,occupation,technician,higher,3,2025-01-01,true,bg_ncop_3511
bg_ncop_35113003,Техник компютърни системи,35113003,occupation,technician,higher,3,2025-01-01,true,bg_ncop_3511
bg_ncop_35113004,Оператор мониторинг център,35113004,occupation,technician,higher,3,2025-01-01,true,bg_ncop_3511
bg_ncop_35123001,Техник компютърно програмиране,35123001,occupation,technician,higher,3,2025-01-01,true,bg_ncop_3512
bg_ncop_35123002,Техник поддръжка на компютри,35123002,occupation,technician,higher,3,2025-01-01,true,bg_ncop_3512
bg_ncop_35123003,Компютърен техник бази данни,35123003,occupation,technician,higher,3,2025-01-01,true,bg_ncop_3512
bg_ncop_35123004,Компютърен техник анализи на компютърни системи,35123004,occupation,technician,higher,3,2025-01-01,true,bg_ncop_3512
bg_ncop_35123005,Компютърен аналитик поддръжка на софтуер,35123005,occupation,technician,higher,3,2025-01-01,true,bg_ncop_3512
bg_ncop_35123006,Консултант поддръжка на информационни технологии,35123006,occupation,technician,higher,3,2025-01-01,true,bg_ncop_3512
bg_ncop_35123007,Консултант поддръжка на софтуер,35123007,occupation,technician,higher,3,2025-01-01,true,bg_ncop_3512
bg_ncop_35123008,Оператор инсталиране софтуер,35123008,occupation,technician,higher,3,2025-01-01,true,bg_ncop_3512
bg_ncop_35123009,Оператор подпомагане на потребители,35123009,occupation,technician,higher,3,2025-01-01,true,bg_ncop_3512
bg_ncop_35123010,Специалист интернет поддръжка,35123010,occupation,technician,higher,3,2025-01-01,true,bg_ncop_3512
bg_ncop_35123011,Специалист поддръжка приложения,35123011,occupation,technician,higher,3,2025-01-01,true,bg_ncop_3512
bg_ncop_35123012,Приемчик в сервизен отдел,35123012,occupation,technician,higher,3,2025-01-01,true,bg_ncop_3512
bg_ncop_35133001,Техник поддръжка на компютърни мрежи,35133001,occupation,technician,higher,3,2025-01-01,true,bg_ncop_3513
bg_ncop_35133002,Оператор координатор мрежа от данни бази данни,35133002,occupation,technician,higher,3,2025-01-01,true,bg_ncop_3513
bg_ncop_35133003,Системен оператор,35133003,occupation,technician,higher,3,2025-01-01,true,bg_ncop_3513
bg_ncop_35133004,Системен контрольор,35133004,occupation,technician,higher,3,2025-01-01,true,bg_ncop_3513
bg_ncop_35143001,Администратор уеб сайт,35143001,occupation,technician,higher,3,2025-01-01,true,bg_ncop_3514
bg_ncop_35143002,Техник уеб сайт,35143002,occupation,technician,higher,3,2025-01-01,true,bg_ncop_3514
bg_ncop_35143003,Уебмастер,35143003,occupation,technician,higher,3,2025-01-01,true,bg_ncop_3514
bg_ncop_35143004,Мениджър уеб сайт,35143004,occupation,technician,higher,3,2025-01-01,true,bg_ncop_3514
bg_ncop_35143005,Консултант управление на уеб сайт,35143005,occupation,technician,higher,3,2025-01-01,true,bg_ncop_3514
bg_ncop_35143006,Координатор управление на уеб сайт,35143006,occupation,technician,higher,3,2025-01-01,true,bg_ncop_3514
bg_ncop_35215001,Музикален аранжор,35215001,occupation,technician,higher,3,2025-01-01,true,bg_ncop_3521
bg_ncop_35215002,Музикален оформител,35215002,occupation,technician,higher,3,2025-01-01,true,bg_ncop_3521
bg_ncop_35215003,Музикален редактор,35215003,occupation,technician,higher,3,2025-01-01,true,bg_ncop_3521
bg_ncop_35215005,Тонрежисьор,35215005,occupation,technician,higher,3,2025-01-01,true,bg_ncop_3521
bg_ncop_35215006,Звуков дизайнер,35215006,occupation,technician,higher,3,2025-01-01,true,bg_ncop_3521
bg_ncop_35214007,Стажант-музикален редактор,35214007,occupation,technician,higher,3,2025-01-01,true,bg_ncop_3521
bg_ncop_35213008,Технически изпълнител кино,35213008,occupation,technician,higher,3,2025-01-01,true,bg_ncop_3521
bg_ncop_35213009,Звукооператор смесител на звукове,35213009,occupation,technician,higher,3,2025-01-01,true,bg_ncop_3521
bg_ncop_35213010,Звукотехник,35213010,occupation,technician,higher,3,2025-01-01,true,bg_ncop_3521
bg_ncop_35213011,Киномеханик,35213011,occupation,technician,higher,3,2025-01-01,true,bg_ncop_3521
bg_ncop_35213012,Оператор анимационен филм,35213012,occupation,technician,higher,3,2025-01-01,true,bg_ncop_3521
bg_ncop_35213013,Оператор пулт за художествено осветление,35213013,occupation,technician,higher,3,2025-01-01,true,bg_ncop_3521
bg_ncop_35213014,Оператор аудиосъоръжения,35213014,occupation,technician,higher,3,2025-01-01,true,bg_ncop_3521
bg_ncop_35213015,Оператор дублиращи съоръжения,35213015,occupation,technician,higher,3,2025-01-01,true,bg_ncop_3521
bg_ncop_35213016,Оператор електронна аудио-визуална техника,35213016,occupation,technician,higher,3,2025-01-01,true,bg_ncop_3521
bg_ncop_35213017,Оператор записващи устройства,35213017,occupation,technician,higher,3,2025-01-01,true,bg_ncop_3521
bg_ncop_35213018,Оператор камера,35213018,occupation,technician,higher,3,2025-01-01,true,bg_ncop_3521
bg_ncop_35213019,Кинематограф,35213019,occupation,technician,higher,3,2025-01-01,true,bg_ncop_3521
bg_ncop_35213020,Оператор камера (телевизия),35213020,occupation,technician,higher,3,2025-01-01,true,bg_ncop_3521
bg_ncop_35213021,Оператор микрофон,35213021,occupation,technician,higher,3,2025-01-01,true,bg_ncop_3521
bg_ncop_35213022,Оператор студийно устройство,35213022,occupation,technician,higher,3,2025-01-01,true,bg_ncop_3521
bg_ncop_35213023,Оператор субтитри,35213023,occupation,technician,higher,3,2025-01-01,true,bg_ncop_3521
bg_ncop_35213024,Оператор радиотехника и телевизия,35213024,occupation,technician,higher,3,2025-01-01,true,bg_ncop_3521
bg_ncop_35213025,Първи асистент оператор,35213025,occupation,technician,higher,3,2025-01-01,true,bg_ncop_3521
bg_ncop_35213026,Втори асистент оператор,35213026,occupation,technician,higher,3,2025-01-01,true,bg_ncop_3521
bg_ncop_35213027,Режисьор пулт аудиовизия,35213027,occupation,technician,higher,3,2025-01-01,true,bg_ncop_3521
bg_ncop_35213028,Техник операторска техника,35213028,occupation,technician,higher,3,2025-01-01,true,bg_ncop_3521
bg_ncop_35213029,Техник снимачна техника,35213029,occupation,technician,higher,3,2025-01-01,true,bg_ncop_3521
bg_ncop_35213030,Техник звукови ефекти,35213030,occupation,technician,higher,3,2025-01-01,true,bg_ncop_3521
bg_ncop_35213031,Техник звук-студио,35213031,occupation,technician,higher,3,2025-01-01,true,bg_ncop_3521
bg_ncop_35213032,Техник звук-тест,35213032,occupation,technician,higher,3,2025-01-01,true,bg_ncop_3521
bg_ncop_35213033,Техник копирна и проявителна техника във филмова лаборатория,35213033,occupation,technician,higher,3,2025-01-01,true,bg_ncop_3521
bg_ncop_35213034,Техник цветни анализатори във филмова лаборатория,35213034,occupation,technician,higher,3,2025-01-01,true,bg_ncop_3521
bg_ncop_35213035,Тоноператор,35213035,occupation,technician,higher,3,2025-01-01,true,bg_ncop_3521
bg_ncop_35213036,Тонтехник,35213036,occupation,technician,higher,3,2025-01-01,true,bg_ncop_3521
bg_ncop_35213037,Видеомонтажист,35213037,occupation,technician,higher,3,2025-01-01,true,bg_ncop_3521
bg_ncop_35213038,Първи асистент звукорежисьор,35213038,occupation,technician,higher,3,2025-01-01,true,bg_ncop_3521
bg_ncop_35213039,Специалист звукови ефекти,35213039,occupation,technician,higher,3,2025-01-01,true,bg_ncop_3521
bg_ncop_35213040,Сенситометрист,35213040,occupation,technician,higher,3,2025-01-01,true,bg_ncop_3521
bg_ncop_35213041,Асистент продукция телевизия,35213041,occupation,technician,higher,3,2025-01-01,true,bg_ncop_3521
bg_ncop_35213042,Организатор производство телевизия,35213042,occupation,technician,higher,3,2025-01-01,true,bg_ncop_3521
bg_ncop_35223001,Техник нискочестотна техника,35223001,occupation,technician,higher,3,2025-01-01,true,bg_ncop_3522
bg_ncop_35223002,Техник полупроводникова техника,35223002,occupation,technician,higher,3,2025-01-01,true,bg_ncop_3522
bg_ncop_35223003,Техник радиотехника и телевизионна техника,35223003,occupation,technician,higher,3,2025-01-01,true,bg_ncop_3522
bg_ncop_35223004,Техник релейна защита и автоматика,35223004,occupation,technician,higher,3,2025-01-01,true,bg_ncop_3522
bg_ncop_35223005,Техник спътникова техника,35223005,occupation,technician,higher,3,2025-01-01,true,bg_ncop_3522
bg_ncop_35223006,Техник съобщителна техника,35223006,occupation,technician,higher,3,2025-01-01,true,bg_ncop_3522
bg_ncop_35223007,Техник телекомуникации,35223007,occupation,technician,higher,3,2025-01-01,true,bg_ncop_3522
bg_ncop_35223008,Техник радиовръзки в метрополитен,35223008,occupation,technician,higher,3,2025-01-01,true,bg_ncop_3522
bg_ncop_35223009,Техник-механик АРС на подвижния състав на метрополитен,35223009,occupation,technician,higher,3,2025-01-01,true,bg_ncop_3522
bg_ncop_35223010,Оператор морзов код (радист) радиотелеграфист,35223010,occupation,technician,higher,3,2025-01-01,true,bg_ncop_3522
bg_ncop_35223011,Оператор радиопредавателни съоръжения,35223011,occupation,technician,higher,3,2025-01-01,true,bg_ncop_3522
bg_ncop_35223012,Оператор конструиране и технология на съобщителна апаратура,35223012,occupation,technician,higher,3,2025-01-01,true,bg_ncop_3522
bg_ncop_35223013,Оператор радиосъоръжения (кораби),35223013,occupation,technician,higher,3,2025-01-01,true,bg_ncop_3522
bg_ncop_35223014,Оператор радиосъоръжения (летателни средства),35223014,occupation,technician,higher,3,2025-01-01,true,bg_ncop_3522
bg_ncop_35223015,Оператор радиосъоръжения (наземни),35223015,occupation,technician,higher,3,2025-01-01,true,bg_ncop_3522
bg_ncop_35223016,Оператор стая с контролни съоръжения,35223016,occupation,technician,higher,3,2025-01-01,true,bg_ncop_3522
bg_ncop_35223017,Оператор строителство и експлоатация на съобщителни системи,35223017,occupation,technician,higher,3,2025-01-01,true,bg_ncop_3522
bg_ncop_35223018,Оператор съоръжения за пренос,35223018,occupation,technician,higher,3,2025-01-01,true,bg_ncop_3522
bg_ncop_35223019,Оператор телеграфически съоръжения,35223019,occupation,technician,higher,3,2025-01-01,true,bg_ncop_3522
bg_ncop_35223020,Оператор телекомуникационни съоръжения,35223020,occupation,technician,higher,3,2025-01-01,true,bg_ncop_3522
bg_ncop_35223021,Радиоелектроник за Световната морска система за бедствие и безопасност,35223021,occupation,technician,higher,3,2025-01-01,true,bg_ncop_3522
bg_ncop_35223022,Радиооператор за Световната морска система за бедствие и безопасност,35223022,occupation,technician,higher,3,2025-01-01,true,bg_ncop_3522
bg_ncop_35223023,Криптограф,35223023,occupation,technician,higher,3,2025-01-01,true,bg_ncop_3522
bg_ncop_35223024,Главен телеграфист на кораб радио,35223024,occupation,technician,higher,3,2025-01-01,true,bg_ncop_3522
bg_ncop_35223025,Авиодиспечер аеронавигационни съобщения,35223025,occupation,technician,higher,3,2025-01-01,true,bg_ncop_3522
bg_ncop_41102001,Завеждащ административна служба,41102001,occupation,clerk,secondary,2,2025-01-01,true,bg_ncop_4110
bg_ncop_41102002,Завеждащ техническа служба,41102002,occupation,clerk,secondary,2,2025-01-01,true,bg_ncop_4110
bg_ncop_41102003,Архивист (офис),41102003,occupation,clerk,secondary,2,2025-01-01,true,bg_ncop_4110
bg_ncop_41103004,Главен технически сътрудник,41103004,occupation,clerk,secondary,2,2025-01-01,true,bg_ncop_4110
bg_ncop_41102005,Технически сътрудник,41102005,occupation,clerk,secondary,2,2025-01-01,true,bg_ncop_4110
bg_ncop_41102006,Технически изпълнител,41102006,occupation,clerk,secondary,2,2025-01-01,true,bg_ncop_4110
bg_ncop_41102007,Технически организатор,41102007,occupation,clerk,secondary,2,2025-01-01,true,bg_ncop_4110
bg_ncop_41103008,Организатор обработка на производствена информация,41103008,occupation,clerk,secondary,2,2025-01-01,true,bg_ncop_4110
bg_ncop_41103009,Завеждащ регистратура за некласифицирана информация,41103009,occupation,clerk,secondary,2,2025-01-01,true,bg_ncop_4110
bg_ncop_41103010,Завеждащ регистратура за криптографски средства и материали,41103010,occupation,clerk,secondary,2,2025-01-01,true,bg_ncop_4110
bg_ncop_41103011,Сътрудник индустриални отношения,41103011,occupation,clerk,secondary,2,2025-01-01,true,bg_ncop_4110
bg_ncop_41202001,Секретар,41202001,occupation,clerk,secondary,2,2025-01-01,true,bg_ncop_4120
bg_ncop_41202002,Секретар машинописец,41202002,occupation,clerk,secondary,2,2025-01-01,true,bg_ncop_4120
bg_ncop_41202003,Секретар стенограф,41202003,occupation,clerk,secondary,2,2025-01-01,true,bg_ncop_4120
bg_ncop_41202004,Секретар стенография и машинопис,41202004,occupation,clerk,secondary,2,2025-01-01,true,bg_ncop_4120
bg_ncop_41202005,Секретар стилист,41202005,occupation,clerk,secondary,2,2025-01-01,true,bg_ncop_4120
bg_ncop_41202006,Технически секретар,41202006,occupation,clerk,secondary,2,2025-01-01,true,bg_ncop_4120
bg_ncop_41203007,Артистичен секретар,41203007,occupation,clerk,secondary,2,2025-01-01,true,bg_ncop_4120
bg_ncop_41312001,Машинописец,41312001,occupation,clerk,secondary,2,2025-01-01,true,bg_ncop_4131
bg_ncop_41312002,Машинописец стенографска машина,41312002,occupation,clerk,secondary,2,2025-01-01,true,bg_ncop_4131
bg_ncop_41312003,Стенограф,41312003,occupation,clerk,secondary,2,2025-01-01,true,bg_ncop_4131
bg_ncop_41312004,Оператор копирна техника,41312004,occupation,clerk,secondary,2,2025-01-01,true,bg_ncop_4131
bg_ncop_41312005,Оператор телеграф,41312005,occupation,clerk,secondary,2,2025-01-01,true,bg_ncop_4131
bg_ncop_41312006,Оператор телекс,41312006,occupation,clerk,secondary,2,2025-01-01,true,bg_ncop_4131
bg_ncop_41312007,Оператор телепринтер,41312007,occupation,clerk,secondary,2,2025-01-01,true,bg_ncop_4131
bg_ncop_41312008,Оператор телетайпен апарат,41312008,occupation,clerk,secondary,2,2025-01-01,true,bg_ncop_4131
bg_ncop_41312009,Оператор телефакс,41312009,occupation,clerk,secondary,2,2025-01-01,true,bg_ncop_4131
bg_ncop_41321001,Оператор въвеждане на данни,41321001,occupation,clerk,secondary,2,2025-01-01,true,bg_ncop_4132
bg_ncop_41323002,Банков служител въвеждане на данни,41323002,occupation,clerk,secondary,2,2025-01-01,true,bg_ncop_4132
bg_ncop_42115001,Старши банков служител връзка с клиенти,42115001,occupation,clerk,secondary,2,2025-01-01,true,bg_ncop_4211
bg_ncop_42115002,Старши банков служител обслужване на клиенти,42115002,occupation,clerk,secondary,2,2025-01-01,true,bg_ncop_4211
bg_ncop_42115003,Старши банков служител касов център,42115003,occupation,clerk,secondary,2,2025-01-01,true,bg_ncop_4211
bg_ncop_42113004,Старши банков служител главен касиер,42113004,occupation,clerk,secondary,2,2025-01-01,true,bg_ncop_4211
bg_ncop_42113005,Банков служител пазител ценности,42113005,occupation,clerk,secondary,2,2025-01-01,true,bg_ncop_4211
bg_ncop_42115006,Банков служител касов център  Служител в касов център финансова платежна институция,42115006,occupation,clerk,secondary,2,2025-01-01,true,bg_ncop_4211
bg_ncop_42115007,Банков служител обслужване на клиенти  Служител обслужване на клиенти във финансова платежна институция,42115007,occupation,clerk,secondary,2,2025-01-01,true,bg_ncop_4211
bg_ncop_42113008,Банков служител касиер Касиер банка Касиер финансова платежна институция,42113008,occupation,clerk,secondary,2,2025-01-01,true,bg_ncop_4211
bg_ncop_42113009,Банков служител главен касиер,42113009,occupation,clerk,secondary,2,2025-01-01,true,bg_ncop_4211
bg_ncop_42113010,Главен касиер банка финансова платежна институция,42113010,occupation,clerk,secondary,2,2025-01-01,true,bg_ncop_4211
bg_ncop_42113011,Инкасатор банка финансова платежна институция,42113011,occupation,clerk,secondary,2,2025-01-01,true,bg_ncop_4211
bg_ncop_42111012,Служител гише в пощенска станция,42111012,occupation,clerk,secondary,2,2025-01-01,true,bg_ncop_4211
bg_ncop_42111013,Касиер гише в съобщенията,42111013,occupation,clerk,secondary,2,2025-01-01,true,bg_ncop_4211
bg_ncop_42111014,Касиер обменно гише,42111014,occupation,clerk,secondary,2,2025-01-01,true,bg_ncop_4211
bg_ncop_42111015,Сараф,42111015,occupation,clerk,secondary,2,2025-01-01,true,bg_ncop_4211
bg_ncop_42113016,Администратор корпоративен център банка финансова платежна институция,42113016,occupation,clerk,secondary,2,2025-01-01,true,bg_ncop_4211
bg_ncop_42113017,Банков служител  Служител финансова платежна институция,42113017,occupation,clerk,secondary,2,2025-01-01,true,bg_ncop_4211
bg_ncop_42113018,Пазител ценности БНБ,42113018,occupation,clerk,secondary,2,2025-01-01,true,bg_ncop_4211
bg_ncop_42123001,Главен инспектор игра в казино,42123001,occupation,clerk,secondary,2,2025-01-01,true,bg_ncop_4212
bg_ncop_42123002,Инспектор игра в казино,42123002,occupation,clerk,secondary,2,2025-01-01,true,bg_ncop_4212
bg_ncop_42121003,Касиер-приемчик тотализатор,42121003,occupation,clerk,secondary,2,2025-01-01,true,bg_ncop_4212
bg_ncop_42121004,Събирач жетони,42121004,occupation,clerk,secondary,2,2025-01-01,true,bg_ncop_4212
bg_ncop_42121005,Събирач облози,42121005,occupation,clerk,secondary,2,2025-01-01,true,bg_ncop_4212
bg_ncop_42121006,Букмейкър,42121006,occupation,clerk,secondary,2,2025-01-01,true,bg_ncop_4212
bg_ncop_42123007,Контрольор казино,42123007,occupation,clerk,secondary,2,2025-01-01,true,bg_ncop_4212
bg_ncop_42123008,Крупие,42123008,occupation,clerk,secondary,2,2025-01-01,true,bg_ncop_4212
bg_ncop_42123009,Отговорник маса в бинго зала,42123009,occupation,clerk,secondary,2,2025-01-01,true,bg_ncop_4212
bg_ncop_42132001,Комисионер заложна къща,42132001,occupation,clerk,secondary,2,2025-01-01,true,bg_ncop_4213
bg_ncop_42132002,Лихвар,42132002,occupation,clerk,secondary,2,2025-01-01,true,bg_ncop_4213
bg_ncop_42141001,Инкасатор събирач на данъци и такси,42141001,occupation,clerk,secondary,2,2025-01-01,true,bg_ncop_4214
bg_ncop_42142002,Инкасатор дългови задължения,42142002,occupation,clerk,secondary,2,2025-01-01,true,bg_ncop_4214
bg_ncop_42142003,Инкасатор наеми,42142003,occupation,clerk,secondary,2,2025-01-01,true,bg_ncop_4214
bg_ncop_42142004,Инкасатор плащания,42142004,occupation,clerk,secondary,2,2025-01-01,true,bg_ncop_4214
bg_ncop_42142005,Събирач дарения,42142005,occupation,clerk,secondary,2,2025-01-01,true,bg_ncop_4214
bg_ncop_42142006,Агент събиране на вземания,42142006,occupation,clerk,secondary,2,2025-01-01,true,bg_ncop_4214
bg_ncop_42213001,Консултант пътнически транспорт,42213001,occupation,clerk,secondary,2,2025-01-01,true,bg_ncop_4221
bg_ncop_42213002,Организатор пътнически транспорт,42213002,occupation,clerk,secondary,2,2025-01-01,true,bg_ncop_4221
bg_ncop_42213003,Организатор пътувания,42213003,occupation,clerk,secondary,2,2025-01-01,true,bg_ncop_4221
bg_ncop_42215004,Специалист туризъм,42215004,occupation,clerk,secondary,2,2025-01-01,true,bg_ncop_4221
bg_ncop_42212005,Служител издаване на пътнически билети,42212005,occupation,clerk,secondary,2,2025-01-01,true,bg_ncop_4221
bg_ncop_42212006,Служител информация за пътувания,42212006,occupation,clerk,secondary,2,2025-01-01,true,bg_ncop_4221
bg_ncop_42212007,Служител пътническа агенция бюро,42212007,occupation,clerk,secondary,2,2025-01-01,true,bg_ncop_4221
bg_ncop_42212008,Служител резервации,42212008,occupation,clerk,secondary,2,2025-01-01,true,bg_ncop_4221
bg_ncop_42212009,Служител гише за регистрация на пътници и багажи,42212009,occupation,clerk,secondary,2,2025-01-01,true,bg_ncop_4221
bg_ncop_42223001,Оператор център за обаждания,42223001,occupation,clerk,secondary,2,2025-01-01,true,bg_ncop_4222
bg_ncop_42223002,Оператор контактен център,42223002,occupation,clerk,secondary,2,2025-01-01,true,bg_ncop_4222
bg_ncop_42223003,Оператор център за телекомуникационни услуги,42223003,occupation,clerk,secondary,2,2025-01-01,true,bg_ncop_4222
bg_ncop_42223004,Специалист телефон на зрителя,42223004,occupation,clerk,secondary,2,2025-01-01,true,bg_ncop_4222
bg_ncop_42223005,Информатор пътническо обслужване,42223005,occupation,clerk,secondary,2,2025-01-01,true,bg_ncop_4222
bg_ncop_42232001,Оператор телефонна централа,42232001,occupation,clerk,secondary,2,2025-01-01,true,bg_ncop_4223
bg_ncop_42232002,Телефонист,42232002,occupation,clerk,secondary,2,2025-01-01,true,bg_ncop_4223
bg_ncop_42242001,Рецепционист хотел,42242001,occupation,clerk,secondary,2,2025-01-01,true,bg_ncop_4224
bg_ncop_42243002,Администратор хотел,42243002,occupation,clerk,secondary,2,2025-01-01,true,bg_ncop_4224
bg_ncop_42251001,Служител запитвания,42251001,occupation,clerk,secondary,2,2025-01-01,true,bg_ncop_4225
bg_ncop_42251002,Служител информация,42251002,occupation,clerk,secondary,2,2025-01-01,true,bg_ncop_4225
bg_ncop_42262001,Рецепционист приемна на лекар по дентална медицина,42262001,occupation,clerk,secondary,2,2025-01-01,true,bg_ncop_4226
bg_ncop_42262002,Рецепционист приемна на лекар,42262002,occupation,clerk,secondary,2,2025-01-01,true,bg_ncop_4226
bg_ncop_42262003,Рецепционист,42262003,occupation,clerk,secondary,2,2025-01-01,true,bg_ncop_4226
bg_ncop_42270001,Анкетьор маркетингови изследвания,42270001,occupation,clerk,secondary,2,2025-01-01,true,bg_ncop_4227
bg_ncop_42270002,Анкетьор,42270002,occupation,clerk,secondary,2,2025-01-01,true,bg_ncop_4227
bg_ncop_42292001,Информатор приемна,42292001,occupation,clerk,secondary,2,2025-01-01,true,bg_ncop_4229
bg_ncop_42292002,Информатор културна организация културен   институт,42292002,occupation,clerk,secondary,2,2025-01-01,true,bg_ncop_4229
bg_ncop_42292003,Информатор,42292003,occupation,clerk,secondary,2,2025-01-01,true,bg_ncop_4229
bg_ncop_43112001,Калкулант,43112001,occupation,clerk,secondary,2,2025-01-01,true,bg_ncop_4311
bg_ncop_43112002,Касиер домакин,43112002,occupation,clerk,secondary,2,2025-01-01,true,bg_ncop_4311
bg_ncop_43112003,Касиер счетоводство,43112003,occupation,clerk,secondary,2,2025-01-01,true,bg_ncop_4311
bg_ncop_43112004,Отчетник счетоводство,43112004,occupation,clerk,secondary,2,2025-01-01,true,bg_ncop_4311
bg_ncop_43112005,Фактурист,43112005,occupation,clerk,secondary,2,2025-01-01,true,bg_ncop_4311
bg_ncop_43113006,Специалист контрол разходи,43113006,occupation,clerk,secondary,2,2025-01-01,true,bg_ncop_4311
bg_ncop_43113007,Специалист контрол приходи,43113007,occupation,clerk,secondary,2,2025-01-01,true,bg_ncop_4311
bg_ncop_43122001,Отчетник гаранции по кредити,43122001,occupation,clerk,secondary,2,2025-01-01,true,bg_ncop_4312
bg_ncop_43122002,Отчетник данъци,43122002,occupation,clerk,secondary,2,2025-01-01,true,bg_ncop_4312
bg_ncop_43122003,Отчетник инвестиции,43122003,occupation,clerk,secondary,2,2025-01-01,true,bg_ncop_4312
bg_ncop_43122004,Отчетник ипотеки,43122004,occupation,clerk,secondary,2,2025-01-01,true,bg_ncop_4312
bg_ncop_43122005,Отчетник комисиони,43122005,occupation,clerk,secondary,2,2025-01-01,true,bg_ncop_4312
bg_ncop_43122006,Отчетник кредити,43122006,occupation,clerk,secondary,2,2025-01-01,true,bg_ncop_4312
bg_ncop_43122007,Отчетник облигации,43122007,occupation,clerk,secondary,2,2025-01-01,true,bg_ncop_4312
bg_ncop_43122008,Отчетник оценки на рискове и застраховки,43122008,occupation,clerk,secondary,2,2025-01-01,true,bg_ncop_4312
bg_ncop_43122009,Отчетник статистически документи,43122009,occupation,clerk,secondary,2,2025-01-01,true,bg_ncop_4312
bg_ncop_43122010,Отчетник уреждане на застрахователни полици,43122010,occupation,clerk,secondary,2,2025-01-01,true,bg_ncop_4312
bg_ncop_43122011,Отчетник финанси,43122011,occupation,clerk,secondary,2,2025-01-01,true,bg_ncop_4312
bg_ncop_43122012,Отчетник ценни книжа,43122012,occupation,clerk,secondary,2,2025-01-01,true,bg_ncop_4312
bg_ncop_43122013,Отчетник водещ документи за оценки,43122013,occupation,clerk,secondary,2,2025-01-01,true,bg_ncop_4312
bg_ncop_43122014,Отчетник водещ ревизионни документи,43122014,occupation,clerk,secondary,2,2025-01-01,true,bg_ncop_4312
bg_ncop_43123015,Помощник брокер,43123015,occupation,clerk,secondary,2,2025-01-01,true,bg_ncop_4312
bg_ncop_43132001,Отчетник начисляване на трудови възнаграждения,43132001,occupation,clerk,secondary,2,2025-01-01,true,bg_ncop_4313
bg_ncop_43132002,Отчетник водещ платежни ведомости,43132002,occupation,clerk,secondary,2,2025-01-01,true,bg_ncop_4313
bg_ncop_43133003,Специалист труд и работна заплата,43133003,occupation,clerk,secondary,2,2025-01-01,true,bg_ncop_4313
bg_ncop_43212001,Вагоноописвач,43212001,occupation,clerk,secondary,2,2025-01-01,true,bg_ncop_4321
bg_ncop_43212002,Експедитор стоки и товари,43212002,occupation,clerk,secondary,2,2025-01-01,true,bg_ncop_4321
bg_ncop_43212003,Железопътен посредник,43212003,occupation,clerk,secondary,2,2025-01-01,true,bg_ncop_4321
bg_ncop_43212004,Завеждащ морска регистрация,43212004,occupation,clerk,secondary,2,2025-01-01,true,bg_ncop_4321
bg_ncop_43212005,Измерител горивни и строителни материали,43212005,occupation,clerk,secondary,2,2025-01-01,true,bg_ncop_4321
bg_ncop_43212006,Кантарджия,43212006,occupation,clerk,secondary,2,2025-01-01,true,bg_ncop_4321
bg_ncop_43212007,Контрольор запаси,43212007,occupation,clerk,secondary,2,2025-01-01,true,bg_ncop_4321
bg_ncop_43212008,Магазинер,43212008,occupation,clerk,secondary,2,2025-01-01,true,bg_ncop_4321
bg_ncop_43212009,Оператор определяне на маршрута на товарите,43212009,occupation,clerk,secondary,2,2025-01-01,true,bg_ncop_4321
bg_ncop_43212010,Организатор експедиция товоро-разтоварна и спедиторска дейност,43212010,occupation,clerk,secondary,2,2025-01-01,true,bg_ncop_4321
bg_ncop_43212011,Отчетник насочване на товари,43212011,occupation,clerk,secondary,2,2025-01-01,true,bg_ncop_4321
bg_ncop_43212012,Получател товари,43212012,occupation,clerk,secondary,2,2025-01-01,true,bg_ncop_4321
bg_ncop_43212013,Ръководител търговска експлоатация,43212013,occupation,clerk,secondary,2,2025-01-01,true,bg_ncop_4321
bg_ncop_43212014,Склададжия,43212014,occupation,clerk,secondary,2,2025-01-01,true,bg_ncop_4321
bg_ncop_43212015,Снабдител доставчик,43212015,occupation,clerk,secondary,2,2025-01-01,true,bg_ncop_4321
bg_ncop_43212016,Спедиционен посредник,43212016,occupation,clerk,secondary,2,2025-01-01,true,bg_ncop_4321
bg_ncop_43212017,Стифадор,43212017,occupation,clerk,secondary,2,2025-01-01,true,bg_ncop_4321
bg_ncop_43212018,Стоковед,43212018,occupation,clerk,secondary,2,2025-01-01,true,bg_ncop_4321
bg_ncop_43212019,Талиман,43212019,occupation,clerk,secondary,2,2025-01-01,true,bg_ncop_4321
bg_ncop_43212020,Тарифьор,43212020,occupation,clerk,secondary,2,2025-01-01,true,bg_ncop_4321
bg_ncop_43212021,Началник склад,43212021,occupation,clerk,secondary,2,2025-01-01,true,bg_ncop_4321
bg_ncop_43213022,Домакин,43213022,occupation,clerk,secondary,2,2025-01-01,true,bg_ncop_4321
bg_ncop_43213023,Домакин склад,43213023,occupation,clerk,secondary,2,2025-01-01,true,bg_ncop_4321
bg_ncop_43213024,Специалист контрол на документи,43213024,occupation,clerk,secondary,2,2025-01-01,true,bg_ncop_4321
bg_ncop_43222001,Отчетник инвентаризация на материали (инвентарчик),43222001,occupation,clerk,secondary,2,2025-01-01,true,bg_ncop_4322
bg_ncop_43222002,Отчетник планиране на материали,43222002,occupation,clerk,secondary,2,2025-01-01,true,bg_ncop_4322
bg_ncop_43233001,Началник машинотракторен парк,43233001,occupation,clerk,secondary,2,2025-01-01,true,bg_ncop_4323
bg_ncop_43233002,Началник парк железници,43233002,occupation,clerk,secondary,2,2025-01-01,true,bg_ncop_4323
bg_ncop_43235003,Началник парк в метрополитен,43235003,occupation,clerk,secondary,2,2025-01-01,true,bg_ncop_4323
bg_ncop_43235004,Оператор наземно обслужване,43235004,occupation,clerk,secondary,2,2025-01-01,true,bg_ncop_4323
bg_ncop_43235005,Влаков диспечер,43235005,occupation,clerk,secondary,2,2025-01-01,true,bg_ncop_4323
bg_ncop_43232006,Отчетник изготвяне на наряди в гараж,43232006,occupation,clerk,secondary,2,2025-01-01,true,bg_ncop_4323
bg_ncop_43232007,Диспечер транспортни средства,43232007,occupation,clerk,secondary,2,2025-01-01,true,bg_ncop_4323
bg_ncop_43233010,Инспектор железопътна транспортна служба,43233010,occupation,clerk,secondary,2,2025-01-01,true,bg_ncop_4323
bg_ncop_43233011,Инспектор транспортна служба,43233011,occupation,clerk,secondary,2,2025-01-01,true,bg_ncop_4323
bg_ncop_43233012,Контрольор автомобилен транспорт,43233012,occupation,clerk,secondary,2,2025-01-01,true,bg_ncop_4323
bg_ncop_43233013,Контрольор влакове,43233013,occupation,clerk,secondary,2,2025-01-01,true,bg_ncop_4323
bg_ncop_43233014,Контрольор самолети,43233014,occupation,clerk,secondary,2,2025-01-01,true,bg_ncop_4323
bg_ncop_43233015,Контрольор служба за въздушни превози и услуги,43233015,occupation,clerk,secondary,2,2025-01-01,true,bg_ncop_4323
bg_ncop_43233016,Контрольор товаро-разтоварна дейност,43233016,occupation,clerk,secondary,2,2025-01-01,true,bg_ncop_4323
bg_ncop_43235017,Организатор автомобилен транспорт,43235017,occupation,clerk,secondary,2,2025-01-01,true,bg_ncop_4323
bg_ncop_43233018,Началник парк автомобили,43233018,occupation,clerk,secondary,2,2025-01-01,true,bg_ncop_4323
bg_ncop_44113001,Картотекар,44113001,occupation,clerk,secondary,2,2025-01-01,true,bg_ncop_4411
bg_ncop_44113002,Нототекар,44113002,occupation,clerk,secondary,2,2025-01-01,true,bg_ncop_4411
bg_ncop_44113003,Работник библиотека,44113003,occupation,clerk,secondary,2,2025-01-01,true,bg_ncop_4411
bg_ncop_44113004,Филмотекар,44113004,occupation,clerk,secondary,2,2025-01-01,true,bg_ncop_4411
bg_ncop_44113005,Фондохранител музей художествена галерия,44113005,occupation,clerk,secondary,2,2025-01-01,true,bg_ncop_4411
bg_ncop_44113006,Фонотекар,44113006,occupation,clerk,secondary,2,2025-01-01,true,bg_ncop_4411
bg_ncop_44113007,Фототекар,44113007,occupation,clerk,secondary,2,2025-01-01,true,bg_ncop_4411
bg_ncop_44113008,Видеотекар,44113008,occupation,clerk,secondary,2,2025-01-01,true,bg_ncop_4411
bg_ncop_44123001,Експедитор поща,44123001,occupation,clerk,secondary,2,2025-01-01,true,bg_ncop_4412
bg_ncop_44123002,Контрольор поща,44123002,occupation,clerk,secondary,2,2025-01-01,true,bg_ncop_4412
bg_ncop_44123003,Контрольор пощенска служба,44123003,occupation,clerk,secondary,2,2025-01-01,true,bg_ncop_4412
bg_ncop_44123004,Контрольор пощенски склад,44123004,occupation,clerk,secondary,2,2025-01-01,true,bg_ncop_4412
bg_ncop_44123005,Пощенски раздавач (пощальон),44123005,occupation,clerk,secondary,2,2025-01-01,true,bg_ncop_4412
bg_ncop_44123006,Превозвач поща,44123006,occupation,clerk,secondary,2,2025-01-01,true,bg_ncop_4412
bg_ncop_44123007,Сортировач поща,44123007,occupation,clerk,secondary,2,2025-01-01,true,bg_ncop_4412
bg_ncop_44132001,Описвач тотализатор,44132001,occupation,clerk,secondary,2,2025-01-01,true,bg_ncop_4413
bg_ncop_44132002,Проверител тотализатор,44132002,occupation,clerk,secondary,2,2025-01-01,true,bg_ncop_4413
bg_ncop_44132003,Проверител марки и ценни книжа,44132003,occupation,clerk,secondary,2,2025-01-01,true,bg_ncop_4413
bg_ncop_44132004,Шифровчик,44132004,occupation,clerk,secondary,2,2025-01-01,true,bg_ncop_4413
bg_ncop_44136005,Коректор,44136005,occupation,clerk,secondary,2,2025-01-01,true,bg_ncop_4413
bg_ncop_44133006,Помощник-коректор,44133006,occupation,clerk,secondary,2,2025-01-01,true,bg_ncop_4413
bg_ncop_44133007,Уредник програма,44133007,occupation,clerk,secondary,2,2025-01-01,true,bg_ncop_4413
bg_ncop_44153001,Завеждащ архивохранилище (книгохранилище),44153001,occupation,clerk,secondary,2,2025-01-01,true,bg_ncop_4415
bg_ncop_44153002,Архивар,44153002,occupation,clerk,secondary,2,2025-01-01,true,bg_ncop_4415
bg_ncop_44152003,Деловодител,44152003,occupation,clerk,secondary,2,2025-01-01,true,bg_ncop_4415
bg_ncop_44152004,Книговодител,44152004,occupation,clerk,secondary,2,2025-01-01,true,bg_ncop_4415
bg_ncop_44152005,Регистратор,44152005,occupation,clerk,secondary,2,2025-01-01,true,bg_ncop_4415
bg_ncop_44162001,Асистент човешки ресурси,44162001,occupation,clerk,secondary,2,2025-01-01,true,bg_ncop_4416
bg_ncop_44162002,Служител човешки ресурси,44162002,occupation,clerk,secondary,2,2025-01-01,true,bg_ncop_4416
bg_ncop_44193001,Служител рекламна агенция,44193001,occupation,clerk,secondary,2,2025-01-01,true,bg_ncop_4419
bg_ncop_44193002,Служител публикации,44193002,occupation,clerk,secondary,2,2025-01-01,true,bg_ncop_4419
bg_ncop_44192003,Издирвач на адреси,44192003,occupation,clerk,secondary,2,2025-01-01,true,bg_ncop_4419
bg_ncop_44192004,Призовкар,44192004,occupation,clerk,secondary,2,2025-01-01,true,bg_ncop_4419
bg_ncop_44192005,Съдебен документатор,44192005,occupation,clerk,secondary,2,2025-01-01,true,bg_ncop_4419
bg_ncop_44193006,Завеждащ регистратура за класифицирана информация,44193006,occupation,clerk,secondary,2,2025-01-01,true,bg_ncop_4419
bg_ncop_44193007,Отговорник спомагателни дейности,44193007,occupation,clerk,secondary,2,2025-01-01,true,bg_ncop_4419
bg_ncop_44193008,Завеждащ секретна картотека,44193008,occupation,clerk,secondary,2,2025-01-01,true,bg_ncop_4419
bg_ncop_44193009,Изпълнител,44193009,occupation,clerk,secondary,2,2025-01-01,true,bg_ncop_4419
bg_ncop_44193010,Координатор дейности,44193010,occupation,clerk,secondary,2,2025-01-01,true,bg_ncop_4419
bg_ncop_44193011,Отчетник,44193011,occupation,clerk,secondary,2,2025-01-01,true,bg_ncop_4419
bg_ncop_44193012,Инспектор салон,44193012,occupation,clerk,secondary,2,2025-01-01,true,bg_ncop_4419
bg_ncop_51113001,Борден съпроводител,51113001,occupation,service,secondary,2,2025-01-01,true,bg_ncop_5111
bg_ncop_51113002,Главен стюард стюардеса,51113002,occupation,service,secondary,2,2025-01-01,true,bg_ncop_5111
bg_ncop_51113003,Обслужващ аерогара,51113003,occupation,service,secondary,2,2025-01-01,true,bg_ncop_5111
bg_ncop_51113004,Обслужващ корабни кабини,51113004,occupation,service,secondary,2,2025-01-01,true,bg_ncop_5111
bg_ncop_51113005,Обслужващ полета,51113005,occupation,service,secondary,2,2025-01-01,true,bg_ncop_5111
bg_ncop_51113006,Стюард стюардеса,51113006,occupation,service,secondary,2,2025-01-01,true,bg_ncop_5111
bg_ncop_51113007,Ръководител кабинен състав,51113007,occupation,service,secondary,2,2025-01-01,true,bg_ncop_5111
bg_ncop_51113008,Рентгенов оператор пътници багажи,51113008,occupation,service,secondary,2,2025-01-01,true,bg_ncop_5111
bg_ncop_51121001,Кондуктор,51121001,occupation,service,secondary,2,2025-01-01,true,bg_ncop_5112
bg_ncop_51123002,Контрольор по редовността на пътниците,51123002,occupation,service,secondary,2,2025-01-01,true,bg_ncop_5112
bg_ncop_51133001,Аниматор,51133001,occupation,service,secondary,2,2025-01-01,true,bg_ncop_5113
bg_ncop_51133002,Водач ловен туризъм,51133002,occupation,service,secondary,2,2025-01-01,true,bg_ncop_5113
bg_ncop_51133003,Водач парк за забавления,51133003,occupation,service,secondary,2,2025-01-01,true,bg_ncop_5113
bg_ncop_51133004,Планински водач гид,51133004,occupation,service,secondary,2,2025-01-01,true,bg_ncop_5113
bg_ncop_51133005,Екскурзовод,51133005,occupation,service,secondary,2,2025-01-01,true,bg_ncop_5113
bg_ncop_51136006,Екскурзовод музей художествена галерия,51136006,occupation,service,secondary,2,2025-01-01,true,bg_ncop_5113
bg_ncop_51202001,Готвач,51202001,occupation,service,secondary,2,2025-01-01,true,bg_ncop_5120
bg_ncop_51202002,Сладкар,51202002,occupation,service,secondary,2,2025-01-01,true,bg_ncop_5120
bg_ncop_51202003,Помощник-готвач,51202003,occupation,service,secondary,2,2025-01-01,true,bg_ncop_5120
bg_ncop_51202004,Помощник-сладкар,51202004,occupation,service,secondary,2,2025-01-01,true,bg_ncop_5120
bg_ncop_51202005,Карвинг-декоратор,51202005,occupation,service,secondary,2,2025-01-01,true,bg_ncop_5120
bg_ncop_51312001,Главен сервитьор,51312001,occupation,service,secondary,2,2025-01-01,true,bg_ncop_5131
bg_ncop_51312002,Обслужващ бюфет лавка,51312002,occupation,service,secondary,2,2025-01-01,true,bg_ncop_5131
bg_ncop_51312003,Салонен управител,51312003,occupation,service,secondary,2,2025-01-01,true,bg_ncop_5131
bg_ncop_51312004,Сервитьор,51312004,occupation,service,secondary,2,2025-01-01,true,bg_ncop_5131
bg_ncop_51312005,Отговорник търговска зала,51312005,occupation,service,secondary,2,2025-01-01,true,bg_ncop_5131
bg_ncop_51312006,Сомелиер,51312006,occupation,service,secondary,2,2025-01-01,true,bg_ncop_5131
bg_ncop_51322001,Барман,51322001,occupation,service,secondary,2,2025-01-01,true,bg_ncop_5132
bg_ncop_51412001,Фризьор,51412001,occupation,service,secondary,2,2025-01-01,true,bg_ncop_5141
bg_ncop_51412002,Бръснар,51412002,occupation,service,secondary,2,2025-01-01,true,bg_ncop_5141
bg_ncop_51412003,Перукер,51412003,occupation,service,secondary,2,2025-01-01,true,bg_ncop_5141
bg_ncop_51422001,Гримьор,51422001,occupation,service,secondary,2,2025-01-01,true,bg_ncop_5142
bg_ncop_51422002,Козметик,51422002,occupation,service,secondary,2,2025-01-01,true,bg_ncop_5142
bg_ncop_51422003,Маникюрист,51422003,occupation,service,secondary,2,2025-01-01,true,bg_ncop_5142
bg_ncop_51422004,Педикюрист,51422004,occupation,service,secondary,2,2025-01-01,true,bg_ncop_5142
bg_ncop_51422005,Обслужващ баня,51422005,occupation,service,secondary,2,2025-01-01,true,bg_ncop_5142
bg_ncop_51422006,Обслужващ сауна,51422006,occupation,service,secondary,2,2025-01-01,true,bg_ncop_5142
bg_ncop_51422007,Консултант по отслабване,51422007,occupation,service,secondary,2,2025-01-01,true,bg_ncop_5142
bg_ncop_51512001,Иконом,51512001,occupation,service,secondary,2,2025-01-01,true,bg_ncop_5151
bg_ncop_51511002,Пиколо,51511002,occupation,service,secondary,2,2025-01-01,true,bg_ncop_5151
bg_ncop_51511003,Прислужник хотел,51511003,occupation,service,secondary,2,2025-01-01,true,bg_ncop_5151
bg_ncop_51511004,Хост (хостеса),51511004,occupation,service,secondary,2,2025-01-01,true,bg_ncop_5151
bg_ncop_51511005,Домакин (пазач) къмпинг,51511005,occupation,service,secondary,2,2025-01-01,true,bg_ncop_5151
bg_ncop_51511006,Домакин (пазач) спални помещения в общежития пансиони и др.,51511006,occupation,service,secondary,2,2025-01-01,true,bg_ncop_5151
bg_ncop_51523001,Собственик къща за гости,51523001,occupation,service,secondary,2,2025-01-01,true,bg_ncop_5152
bg_ncop_51521002,Домашна помощница,51521002,occupation,service,secondary,2,2025-01-01,true,bg_ncop_5152
bg_ncop_51521003,Иконом домакинство,51521003,occupation,service,secondary,2,2025-01-01,true,bg_ncop_5152
bg_ncop_51521004,Прислужник поддържане на къща,51521004,occupation,service,secondary,2,2025-01-01,true,bg_ncop_5152
bg_ncop_51530001,Домакин сграда,51530001,occupation,service,secondary,2,2025-01-01,true,bg_ncop_5153
bg_ncop_51530002,Домакин-чистач сграда,51530002,occupation,service,secondary,2,2025-01-01,true,bg_ncop_5153
bg_ncop_51530003,Домоуправител,51530003,occupation,service,secondary,2,2025-01-01,true,bg_ncop_5153
bg_ncop_51530004,Уредник сграда,51530004,occupation,service,secondary,2,2025-01-01,true,bg_ncop_5153
bg_ncop_51530005,Клисар,51530005,occupation,service,secondary,2,2025-01-01,true,bg_ncop_5153
bg_ncop_51532006,Управител общежитие,51532006,occupation,service,secondary,2,2025-01-01,true,bg_ncop_5153
bg_ncop_51618001,Астролог,51618001,occupation,service,secondary,2,2025-01-01,true,bg_ncop_5161
bg_ncop_51618002,Гадател,51618002,occupation,service,secondary,2,2025-01-01,true,bg_ncop_5161
bg_ncop_51618003,Окултист,51618003,occupation,service,secondary,2,2025-01-01,true,bg_ncop_5161
bg_ncop_51618004,Френолог,51618004,occupation,service,secondary,2,2025-01-01,true,bg_ncop_5161
bg_ncop_51618005,Хиромант,51618005,occupation,service,secondary,2,2025-01-01,true,bg_ncop_5161
bg_ncop_51618006,Ясновидец,51618006,occupation,service,secondary,2,2025-01-01,true,bg_ncop_5161
bg_ncop_51621001,Камериер камериерка,51621001,occupation,service,secondary,2,2025-01-01,true,bg_ncop_5162
bg_ncop_51621002,Главен камериер камериерка хотел,51621002,occupation,service,secondary,2,2025-01-01,true,bg_ncop_5162
bg_ncop_51621003,Камериер камериерка хотел,51621003,occupation,service,secondary,2,2025-01-01,true,bg_ncop_5162
bg_ncop_51621004,Прислужник,51621004,occupation,service,secondary,2,2025-01-01,true,bg_ncop_5162
bg_ncop_51620005,Компаньонка,51620005,occupation,service,secondary,2,2025-01-01,true,bg_ncop_5162
bg_ncop_51631001,Балсаматор-гримьор,51631001,occupation,service,secondary,2,2025-01-01,true,bg_ncop_5163
bg_ncop_51631002,Гробар,51631002,occupation,service,secondary,2,2025-01-01,true,bg_ncop_5163
bg_ncop_51631003,Завеждащ бюро обредни услуги,51631003,occupation,service,secondary,2,2025-01-01,true,bg_ncop_5163
bg_ncop_51631004,Обредник,51631004,occupation,service,secondary,2,2025-01-01,true,bg_ncop_5163
bg_ncop_51631005,Обслужващ погребално бюро,51631005,occupation,service,secondary,2,2025-01-01,true,bg_ncop_5163
bg_ncop_51631006,Прахосъбирач,51631006,occupation,service,secondary,2,2025-01-01,true,bg_ncop_5163
bg_ncop_51631007,Преносвач,51631007,occupation,service,secondary,2,2025-01-01,true,bg_ncop_5163
bg_ncop_51631008,Ръководещ тъжни обреди и ритуали,51631008,occupation,service,secondary,2,2025-01-01,true,bg_ncop_5163
bg_ncop_51641001,Гледач дресирани животни,51641001,occupation,service,secondary,2,2025-01-01,true,bg_ncop_5164
bg_ncop_51641002,Гледач лабораторни животни,51641002,occupation,service,secondary,2,2025-01-01,true,bg_ncop_5164
bg_ncop_51641003,Дресьор (водач) кучета,51641003,occupation,service,secondary,2,2025-01-01,true,bg_ncop_5164
bg_ncop_51641004,Дресьор обяздвач на коне,51641004,occupation,service,secondary,2,2025-01-01,true,bg_ncop_5164
bg_ncop_51641005,Пазач дивеч,51641005,occupation,service,secondary,2,2025-01-01,true,bg_ncop_5164
bg_ncop_51641006,Пазач животни в зоопарк,51641006,occupation,service,secondary,2,2025-01-01,true,bg_ncop_5164
bg_ncop_51641007,Съдържател кучкарник,51641007,occupation,service,secondary,2,2025-01-01,true,bg_ncop_5164
bg_ncop_51641008,Треньор състезателни коне,51641008,occupation,service,secondary,2,2025-01-01,true,bg_ncop_5164
bg_ncop_51641009,Гледачслужебни животни,51641009,occupation,service,secondary,2,2025-01-01,true,bg_ncop_5164
bg_ncop_51642010,Кинолог,51642010,occupation,service,secondary,2,2025-01-01,true,bg_ncop_5164
bg_ncop_51641011,Работник зоопарк,51641011,occupation,service,secondary,2,2025-01-01,true,bg_ncop_5164
bg_ncop_51642012,Зоофризьор,51642012,occupation,service,secondary,2,2025-01-01,true,bg_ncop_5164
bg_ncop_51655001,Преподавател - инструктор на водачи на моторно превозно средство,51655001,occupation,service,secondary,2,2025-01-01,true,bg_ncop_5165
bg_ncop_51693001,Домакин клуб,51693001,occupation,service,secondary,2,2025-01-01,true,bg_ncop_5169
bg_ncop_51693002,Отговорник ателие,51693002,occupation,service,secondary,2,2025-01-01,true,bg_ncop_5169
bg_ncop_51691003,Работник фотоателие,51691003,occupation,service,secondary,2,2025-01-01,true,bg_ncop_5169
bg_ncop_51691004,Домакин стол,51691004,occupation,service,secondary,2,2025-01-01,true,bg_ncop_5169
bg_ncop_51691005,Началник ремонтна работилница,51691005,occupation,service,secondary,2,2025-01-01,true,bg_ncop_5169
bg_ncop_51692006,Отговорник автомивка,51692006,occupation,service,secondary,2,2025-01-01,true,bg_ncop_5169
bg_ncop_51693007,Инструктор,51693007,occupation,service,secondary,2,2025-01-01,true,bg_ncop_5169
bg_ncop_51693008,Организатор дейности,51693008,occupation,service,secondary,2,2025-01-01,true,bg_ncop_5169
bg_ncop_51693009,Масажист,51693009,occupation,service,secondary,2,2025-01-01,true,bg_ncop_5169
bg_ncop_52111001,Продавач павилион,52111001,occupation,service,secondary,2,2025-01-01,true,bg_ncop_5211
bg_ncop_52111002,Продавач пазар,52111002,occupation,service,secondary,2,2025-01-01,true,bg_ncop_5211
bg_ncop_52111003,Продавач улична сергия,52111003,occupation,service,secondary,2,2025-01-01,true,bg_ncop_5211
bg_ncop_52120001,Продавач бюфет,52120001,occupation,service,secondary,2,2025-01-01,true,bg_ncop_5212
bg_ncop_52120002,Продавач закуски и напитки,52120002,occupation,service,secondary,2,2025-01-01,true,bg_ncop_5212
bg_ncop_52120003,Продавач хранителни продукти,52120003,occupation,service,secondary,2,2025-01-01,true,bg_ncop_5212
bg_ncop_52213001,Управител търговия на дребно (доставки по домовете),52213001,occupation,service,secondary,2,2025-01-01,true,bg_ncop_5221
bg_ncop_52213002,Управител търговия на дребно (магазини на самообслужване),52213002,occupation,service,secondary,2,2025-01-01,true,bg_ncop_5221
bg_ncop_52213003,Собственик малък магазин,52213003,occupation,service,secondary,2,2025-01-01,true,bg_ncop_5221
bg_ncop_52213004,Собственик павилион за вестници,52213004,occupation,service,secondary,2,2025-01-01,true,bg_ncop_5221
bg_ncop_52223001,Супервайзър магазин,52223001,occupation,service,secondary,2,2025-01-01,true,bg_ncop_5222
bg_ncop_52223002,Специалист с контролни функции търговия,52223002,occupation,service,secondary,2,2025-01-01,true,bg_ncop_5222
bg_ncop_52232001,Продавач-консултант,52232001,occupation,service,secondary,2,2025-01-01,true,bg_ncop_5223
bg_ncop_52232002,Асистент-продавач,52232002,occupation,service,secondary,2,2025-01-01,true,bg_ncop_5223
bg_ncop_52233003,"Консултант козметични, парфюмерийни, био продукти и битова химия",52233003,occupation,service,secondary,2,2025-01-01,true,bg_ncop_5223
bg_ncop_52301001,Касиер,52301001,occupation,service,secondary,2,2025-01-01,true,bg_ncop_5230
bg_ncop_52301002,Маркировач ресторант,52301002,occupation,service,secondary,2,2025-01-01,true,bg_ncop_5230
bg_ncop_52300003,Продавач билети,52300003,occupation,service,secondary,2,2025-01-01,true,bg_ncop_5230
bg_ncop_52410001,Манекен,52410001,occupation,service,secondary,2,2025-01-01,true,bg_ncop_5241
bg_ncop_52410002,Модел,52410002,occupation,service,secondary,2,2025-01-01,true,bg_ncop_5241
bg_ncop_52410003,Фотомодел,52410003,occupation,service,secondary,2,2025-01-01,true,bg_ncop_5241
bg_ncop_52421001,Демонстратор,52421001,occupation,service,secondary,2,2025-01-01,true,bg_ncop_5242
bg_ncop_52421002,Мърчандайзер продажби,52421002,occupation,service,secondary,2,2025-01-01,true,bg_ncop_5242
bg_ncop_52430001,Пласьор стоки,52430001,occupation,service,secondary,2,2025-01-01,true,bg_ncop_5243
bg_ncop_52430002,Продавач разносна търговия,52430002,occupation,service,secondary,2,2025-01-01,true,bg_ncop_5243
bg_ncop_52430003,Работник изпълняващ доставки по домовете,52430003,occupation,service,secondary,2,2025-01-01,true,bg_ncop_5243
bg_ncop_52440001,Продавач изпълнение на поръчки по телефона,52440001,occupation,service,secondary,2,2025-01-01,true,bg_ncop_5244
bg_ncop_52440002,Продавач Интернет търговия,52440002,occupation,service,secondary,2,2025-01-01,true,bg_ncop_5244
bg_ncop_52440003,Продавач телемаркет,52440003,occupation,service,secondary,2,2025-01-01,true,bg_ncop_5244
bg_ncop_52450001,Обслужващ бензиностанция газостанция,52450001,occupation,service,secondary,2,2025-01-01,true,bg_ncop_5245
bg_ncop_52460001,Обслужващ салатен бар,52460001,occupation,service,secondary,2,2025-01-01,true,bg_ncop_5246
bg_ncop_52460002,Обслужващ на щанд кафетерия,52460002,occupation,service,secondary,2,2025-01-01,true,bg_ncop_5246
bg_ncop_52460003,Обслужващ кулинарен щанд,52460003,occupation,service,secondary,2,2025-01-01,true,bg_ncop_5246
bg_ncop_52490001,Обслужващ магазин,52490001,occupation,service,secondary,2,2025-01-01,true,bg_ncop_5249
bg_ncop_52490002,Помощник магазин,52490002,occupation,service,secondary,2,2025-01-01,true,bg_ncop_5249
bg_ncop_52490003,Продавач автомобили,52490003,occupation,service,secondary,2,2025-01-01,true,bg_ncop_5249
bg_ncop_52490004,Продавач плавателни съдове,52490004,occupation,service,secondary,2,2025-01-01,true,bg_ncop_5249
bg_ncop_52490005,Служител коли под наем,52490005,occupation,service,secondary,2,2025-01-01,true,bg_ncop_5249
bg_ncop_52491006,Изкупвач селскостопанска продукция,52491006,occupation,service,secondary,2,2025-01-01,true,bg_ncop_5249
bg_ncop_53111001,Детегледачка,53111001,occupation,service,secondary,2,2025-01-01,true,bg_ncop_5311
bg_ncop_53111002,Бавачка,53111002,occupation,service,secondary,2,2025-01-01,true,bg_ncop_5311
bg_ncop_53111003,Гувернантка,53111003,occupation,service,secondary,2,2025-01-01,true,bg_ncop_5311
bg_ncop_53113004,Приемен родител,53113004,occupation,service,secondary,2,2025-01-01,true,bg_ncop_5311
bg_ncop_53123001,Помощник на учителя,53123001,occupation,service,secondary,2,2025-01-01,true,bg_ncop_5312
bg_ncop_53123002,Обслужващ деца в училища,53123002,occupation,service,secondary,2,2025-01-01,true,bg_ncop_5312
bg_ncop_53123003,Помощник-възпитател,53123003,occupation,service,secondary,2,2025-01-01,true,bg_ncop_5312
bg_ncop_53123004,Образователен медиатор,53123004,occupation,service,secondary,2,2025-01-01,true,bg_ncop_5312
bg_ncop_53211001,Болногледач,53211001,occupation,service,secondary,2,2025-01-01,true,bg_ncop_5321
bg_ncop_53211002,Санитар,53211002,occupation,service,secondary,2,2025-01-01,true,bg_ncop_5321
bg_ncop_53211003,Хигиенист здравно заведение,53211003,occupation,service,secondary,2,2025-01-01,true,bg_ncop_5321
bg_ncop_53221001,Домашен санитар,53221001,occupation,service,secondary,2,2025-01-01,true,bg_ncop_5322
bg_ncop_53221002,Личен асистент,53221002,occupation,service,secondary,2,2025-01-01,true,bg_ncop_5322
bg_ncop_53221003,Социален асистент,53221003,occupation,service,secondary,2,2025-01-01,true,bg_ncop_5322
bg_ncop_53221004,Разносвач на храна,53221004,occupation,service,secondary,2,2025-01-01,true,bg_ncop_5322
bg_ncop_53293001,Асистент на лекар по дентална медицина,53293001,occupation,service,secondary,2,2025-01-01,true,bg_ncop_5329
bg_ncop_53291002,Водолечител,53291002,occupation,service,secondary,2,2025-01-01,true,bg_ncop_5329
bg_ncop_53291003,Дезинфектатор,53291003,occupation,service,secondary,2,2025-01-01,true,bg_ncop_5329
bg_ncop_53291004,Калолечител,53291004,occupation,service,secondary,2,2025-01-01,true,bg_ncop_5329
bg_ncop_53291005,Луголечител,53291005,occupation,service,secondary,2,2025-01-01,true,bg_ncop_5329
bg_ncop_53291006,Стерилизатор,53291006,occupation,service,secondary,2,2025-01-01,true,bg_ncop_5329
bg_ncop_53291007,Парафинист,53291007,occupation,service,secondary,2,2025-01-01,true,bg_ncop_5329
bg_ncop_53291008,Трудотерапевт,53291008,occupation,service,secondary,2,2025-01-01,true,bg_ncop_5329
bg_ncop_53291009,Здравен асистент,53291009,occupation,service,secondary,2,2025-01-01,true,bg_ncop_5329
bg_ncop_54115001,Главен пожарникар,54115001,occupation,service,secondary,2,2025-01-01,true,bg_ncop_5411
bg_ncop_54113002,Старши пожарникар,54113002,occupation,service,secondary,2,2025-01-01,true,bg_ncop_5411
bg_ncop_54113003,Пожарникар,54113003,occupation,service,secondary,2,2025-01-01,true,bg_ncop_5411
bg_ncop_54113004,Патрул (горски пожари),54113004,occupation,service,secondary,2,2025-01-01,true,bg_ncop_5411
bg_ncop_54123001,Полицай,54123001,occupation,service,secondary,2,2025-01-01,true,bg_ncop_5412
bg_ncop_54124002,Старши полицай,54124002,occupation,service,secondary,2,2025-01-01,true,bg_ncop_5412
bg_ncop_54123003,Технически сътрудник полиция и служби за сигурност,54123003,occupation,service,secondary,2,2025-01-01,true,bg_ncop_5412
bg_ncop_54124004,Старши технически сътрудник полиция и служби за сигурност,54124004,occupation,service,secondary,2,2025-01-01,true,bg_ncop_5412
bg_ncop_54123005,Охрана полицейска,54123005,occupation,service,secondary,2,2025-01-01,true,bg_ncop_5412
bg_ncop_54123006,Патрул полицейски,54123006,occupation,service,secondary,2,2025-01-01,true,bg_ncop_5412
bg_ncop_54123007,Оперативен дежурен,54123007,occupation,service,secondary,2,2025-01-01,true,bg_ncop_5412
bg_ncop_54123008,Автоконтрольор,54123008,occupation,service,secondary,2,2025-01-01,true,bg_ncop_5412
bg_ncop_54123009,Младши автоконтрольор,54123009,occupation,service,secondary,2,2025-01-01,true,bg_ncop_5412
bg_ncop_54124010,Граничен контрольор,54124010,occupation,service,secondary,2,2025-01-01,true,bg_ncop_5412
bg_ncop_54124011,Старши граничен контрольор,54124011,occupation,service,secondary,2,2025-01-01,true,bg_ncop_5412
bg_ncop_54124012,Старши командос,54124012,occupation,service,secondary,2,2025-01-01,true,bg_ncop_5412
bg_ncop_54123013,Командир екип,54123013,occupation,service,secondary,2,2025-01-01,true,bg_ncop_5412
bg_ncop_54123014,Командир отделение,54123014,occupation,service,secondary,2,2025-01-01,true,bg_ncop_5412
bg_ncop_54123015,Командос,54123015,occupation,service,secondary,2,2025-01-01,true,bg_ncop_5412
bg_ncop_54125016,Младши районен инспектор,54125016,occupation,service,secondary,2,2025-01-01,true,bg_ncop_5412
bg_ncop_54123017,Младши оперативен работник,54123017,occupation,service,secondary,2,2025-01-01,true,bg_ncop_5412
bg_ncop_54133001,Домакин затворническо общежитие,54133001,occupation,service,secondary,2,2025-01-01,true,bg_ncop_5413
bg_ncop_54133002,Надзирател затвор,54133002,occupation,service,secondary,2,2025-01-01,true,bg_ncop_5413
bg_ncop_54133003,Надзирател,54133003,occupation,service,secondary,2,2025-01-01,true,bg_ncop_5413
bg_ncop_54133004,Настойник затвор,54133004,occupation,service,secondary,2,2025-01-01,true,bg_ncop_5413
bg_ncop_54133005,Охрана следствена служба,54133005,occupation,service,secondary,2,2025-01-01,true,bg_ncop_5413
bg_ncop_54133006,Охрана затворническа,54133006,occupation,service,secondary,2,2025-01-01,true,bg_ncop_5413
bg_ncop_54133007,Пазач затвор,54133007,occupation,service,secondary,2,2025-01-01,true,bg_ncop_5413
bg_ncop_54141001,Ловен надзирател,54141001,occupation,service,secondary,2,2025-01-01,true,bg_ncop_5414
bg_ncop_54141002,Пазач въоръжена охрана,54141002,occupation,service,secondary,2,2025-01-01,true,bg_ncop_5414
bg_ncop_54141003,Патрул служби за сигурност,54141003,occupation,service,secondary,2,2025-01-01,true,bg_ncop_5414
bg_ncop_54141004,Полски пазач-пъдар,54141004,occupation,service,secondary,2,2025-01-01,true,bg_ncop_5414
bg_ncop_54141005,Прелезопазач,54141005,occupation,service,secondary,2,2025-01-01,true,bg_ncop_5414
bg_ncop_54141006,Риболовен надзирател,54141006,occupation,service,secondary,2,2025-01-01,true,bg_ncop_5414
bg_ncop_54141007,Охранител,54141007,occupation,service,secondary,2,2025-01-01,true,bg_ncop_5414
bg_ncop_54143008,Младши инструктор охраната,54143008,occupation,service,secondary,2,2025-01-01,true,bg_ncop_5414
bg_ncop_54143009,Старши сътрудник охраната,54143009,occupation,service,secondary,2,2025-01-01,true,bg_ncop_5414
bg_ncop_54143010,Сътрудник охрана,54143010,occupation,service,secondary,2,2025-01-01,true,bg_ncop_5414
bg_ncop_54143011,Горски стражар,54143011,occupation,service,secondary,2,2025-01-01,true,bg_ncop_5414
bg_ncop_54143012,Организатор охрана,54143012,occupation,service,secondary,2,2025-01-01,true,bg_ncop_5414
bg_ncop_54143013,Оператор сигурност,54143013,occupation,service,secondary,2,2025-01-01,true,bg_ncop_5414
bg_ncop_54140015,Пазач-портиер,54140015,occupation,service,secondary,2,2025-01-01,true,bg_ncop_5414
bg_ncop_54191001,Планински спасител,54191001,occupation,service,secondary,2,2025-01-01,true,bg_ncop_5419
bg_ncop_54191002,Спасител плаж,54191002,occupation,service,secondary,2,2025-01-01,true,bg_ncop_5419
bg_ncop_54191003,Спасител при бедствия аварии и катастрофи,54191003,occupation,service,secondary,2,2025-01-01,true,bg_ncop_5419
bg_ncop_54191004,Спасител на ски-писта,54191004,occupation,service,secondary,2,2025-01-01,true,bg_ncop_5419
bg_ncop_54193005,Сътрудник-оръжейник,54193005,occupation,service,secondary,2,2025-01-01,true,bg_ncop_5419
bg_ncop_54193006,Лична охрана,54193006,occupation,service,secondary,2,2025-01-01,true,bg_ncop_5419
bg_ncop_54192007,Спасител басейн,54192007,occupation,service,secondary,2,2025-01-01,true,bg_ncop_5419
bg_ncop_61113001,Управител селско стопанство,61113001,occupation,skilled,secondary,2,2025-01-01,true,bg_ncop_6111
bg_ncop_61112002,Фермер отглеждащ захарно цвекло,61112002,occupation,skilled,secondary,2,2025-01-01,true,bg_ncop_6111
bg_ncop_61112003,Фермер отглеждащ зеленчуци,61112003,occupation,skilled,secondary,2,2025-01-01,true,bg_ncop_6111
bg_ncop_61112004,Фермер отглеждащ зърнени култури,61112004,occupation,skilled,secondary,2,2025-01-01,true,bg_ncop_6111
bg_ncop_61112005,Фермер отглеждащ лен,61112005,occupation,skilled,secondary,2,2025-01-01,true,bg_ncop_6111
bg_ncop_61112006,Фермер отглеждащ люцерна,61112006,occupation,skilled,secondary,2,2025-01-01,true,bg_ncop_6111
bg_ncop_61112007,Фермер отглеждащ полски култури (различни видове),61112007,occupation,skilled,secondary,2,2025-01-01,true,bg_ncop_6111
bg_ncop_61112008,Фермер отглеждащ тютюн,61112008,occupation,skilled,secondary,2,2025-01-01,true,bg_ncop_6111
bg_ncop_61112009,Фермер отглеждащ фъстъци,61112009,occupation,skilled,secondary,2,2025-01-01,true,bg_ncop_6111
bg_ncop_61111010,Тютюнопроизводител,61111010,occupation,skilled,secondary,2,2025-01-01,true,bg_ncop_6111
bg_ncop_61111011,Зеленчукопроизводител,61111011,occupation,skilled,secondary,2,2025-01-01,true,bg_ncop_6111
bg_ncop_61111012,Полевъд,61111012,occupation,skilled,secondary,2,2025-01-01,true,bg_ncop_6111
bg_ncop_61111013,Работник напояване (обслужващ напоителни системи),61111013,occupation,skilled,secondary,2,2025-01-01,true,bg_ncop_6111
bg_ncop_61111014,Работник отглеждащ захарно цвекло,61111014,occupation,skilled,secondary,2,2025-01-01,true,bg_ncop_6111
bg_ncop_61111015,Работник производител на захарно цвекло,61111015,occupation,skilled,secondary,2,2025-01-01,true,bg_ncop_6111
bg_ncop_61111016,Работник отглеждащ зеленчуци,61111016,occupation,skilled,secondary,2,2025-01-01,true,bg_ncop_6111
bg_ncop_61111017,Работник отглеждащ лен,61111017,occupation,skilled,secondary,2,2025-01-01,true,bg_ncop_6111
bg_ncop_61111018,Работник отглеждащ зърнени култури,61111018,occupation,skilled,secondary,2,2025-01-01,true,bg_ncop_6111
bg_ncop_61111019,Работник отглеждащ памук,61111019,occupation,skilled,secondary,2,2025-01-01,true,bg_ncop_6111
bg_ncop_61111020,Работник производител на памук,61111020,occupation,skilled,secondary,2,2025-01-01,true,bg_ncop_6111
bg_ncop_61111021,Работник отглеждащ тютюн,61111021,occupation,skilled,secondary,2,2025-01-01,true,bg_ncop_6111
bg_ncop_61111022,Работник поливач,61111022,occupation,skilled,secondary,2,2025-01-01,true,bg_ncop_6111
bg_ncop_61122001,Фермер отглеждащ лозя,61122001,occupation,skilled,secondary,2,2025-01-01,true,bg_ncop_6112
bg_ncop_61122002,Фермер отглеждащ овощни дървета,61122002,occupation,skilled,secondary,2,2025-01-01,true,bg_ncop_6112
bg_ncop_61122003,Фермер отглеждащ плодове,61122003,occupation,skilled,secondary,2,2025-01-01,true,bg_ncop_6112
bg_ncop_61122004,Фермер отглеждащ хмел,61122004,occupation,skilled,secondary,2,2025-01-01,true,bg_ncop_6112
bg_ncop_61121005,Лозар,61121005,occupation,skilled,secondary,2,2025-01-01,true,bg_ncop_6112
bg_ncop_61121006,Овощар,61121006,occupation,skilled,secondary,2,2025-01-01,true,bg_ncop_6112
bg_ncop_61121007,Работник овощна градина,61121007,occupation,skilled,secondary,2,2025-01-01,true,bg_ncop_6112
bg_ncop_61121008,Работник отглеждащ плодове,61121008,occupation,skilled,secondary,2,2025-01-01,true,bg_ncop_6112
bg_ncop_61121009,Работник отглеждащ трайни насаждения,61121009,occupation,skilled,secondary,2,2025-01-01,true,bg_ncop_6112
bg_ncop_61121010,Работник отглеждащ хмел,61121010,occupation,skilled,secondary,2,2025-01-01,true,bg_ncop_6112
bg_ncop_61121011,Работник добив на балсамова смола,61121011,occupation,skilled,secondary,2,2025-01-01,true,bg_ncop_6112
bg_ncop_61121012,Работник облагородяване на овощни дървета,61121012,occupation,skilled,secondary,2,2025-01-01,true,bg_ncop_6112
bg_ncop_61121013,Работник присаждане на овощни дървета и други трайни насаждения,61121013,occupation,skilled,secondary,2,2025-01-01,true,bg_ncop_6112
bg_ncop_61131001,Билкопроизводител,61131001,occupation,skilled,secondary,2,2025-01-01,true,bg_ncop_6113
bg_ncop_61131002,Градинар,61131002,occupation,skilled,secondary,2,2025-01-01,true,bg_ncop_6113
bg_ncop_61131003,Градинар сезонен,61131003,occupation,skilled,secondary,2,2025-01-01,true,bg_ncop_6113
bg_ncop_61131004,Гъбар,61131004,occupation,skilled,secondary,2,2025-01-01,true,bg_ncop_6113
bg_ncop_61131005,Семепроизводител,61131005,occupation,skilled,secondary,2,2025-01-01,true,bg_ncop_6113
bg_ncop_61131006,Фиданкопроизводител,61131006,occupation,skilled,secondary,2,2025-01-01,true,bg_ncop_6113
bg_ncop_61131007,Цветопроизводител,61131007,occupation,skilled,secondary,2,2025-01-01,true,bg_ncop_6113
bg_ncop_61131008,Работник оранжерия парник,61131008,occupation,skilled,secondary,2,2025-01-01,true,bg_ncop_6113
bg_ncop_61142001,Фермер смесени култури,61142001,occupation,skilled,secondary,2,2025-01-01,true,bg_ncop_6114
bg_ncop_61141002,Работник в стопанство смесени култури,61141002,occupation,skilled,secondary,2,2025-01-01,true,bg_ncop_6114
bg_ncop_61212002,Фермер животновъд,61212002,occupation,skilled,secondary,2,2025-01-01,true,bg_ncop_6121
bg_ncop_61212003,Фермер коневъд,61212003,occupation,skilled,secondary,2,2025-01-01,true,bg_ncop_6121
bg_ncop_61212004,Фермер производител на кожи,61212004,occupation,skilled,secondary,2,2025-01-01,true,bg_ncop_6121
bg_ncop_61212005,Фермер производител на млечни продукти,61212005,occupation,skilled,secondary,2,2025-01-01,true,bg_ncop_6121
bg_ncop_61212006,Фермер производител на мляко,61212006,occupation,skilled,secondary,2,2025-01-01,true,bg_ncop_6121
bg_ncop_61212007,Фермер развъждащ племенни животни,61212007,occupation,skilled,secondary,2,2025-01-01,true,bg_ncop_6121
bg_ncop_61211008,Животновъд,61211008,occupation,skilled,secondary,2,2025-01-01,true,bg_ncop_6121
bg_ncop_61211009,Млекар експедитор,61211009,occupation,skilled,secondary,2,2025-01-01,true,bg_ncop_6121
bg_ncop_61211010,Приемчик мляко,61211010,occupation,skilled,secondary,2,2025-01-01,true,bg_ncop_6121
bg_ncop_61211011,Работник отглеждащ селскостопански животни,61211011,occupation,skilled,secondary,2,2025-01-01,true,bg_ncop_6121
bg_ncop_61211012,Работник производител на млечни продукти,61211012,occupation,skilled,secondary,2,2025-01-01,true,bg_ncop_6121
bg_ncop_61211013,Работник развъждащ едър рогат добитък,61211013,occupation,skilled,secondary,2,2025-01-01,true,bg_ncop_6121
bg_ncop_61211014,Работник развъждащ кучета котки,61211014,occupation,skilled,secondary,2,2025-01-01,true,bg_ncop_6121
bg_ncop_61211015,Работник стригач,61211015,occupation,skilled,secondary,2,2025-01-01,true,bg_ncop_6121
bg_ncop_61222001,Фермер отглеждащ птици,61222001,occupation,skilled,secondary,2,2025-01-01,true,bg_ncop_6122
bg_ncop_61222002,Фермер производител на яйца,61222002,occupation,skilled,secondary,2,2025-01-01,true,bg_ncop_6122
bg_ncop_61222003,Фермер развъждащ птици в инкубатор,61222003,occupation,skilled,secondary,2,2025-01-01,true,bg_ncop_6122
bg_ncop_61221004,Овоскопист,61221004,occupation,skilled,secondary,2,2025-01-01,true,bg_ncop_6122
bg_ncop_61221005,Оператор инкубатор,61221005,occupation,skilled,secondary,2,2025-01-01,true,bg_ncop_6122
bg_ncop_61221006,Птицевъд,61221006,occupation,skilled,secondary,2,2025-01-01,true,bg_ncop_6122
bg_ncop_61221007,Съдържател птичарник,61221007,occupation,skilled,secondary,2,2025-01-01,true,bg_ncop_6122
bg_ncop_61221008,Работник ферма за птици,61221008,occupation,skilled,secondary,2,2025-01-01,true,bg_ncop_6122
bg_ncop_61221009,Работник развъждащ птици в инкубатор,61221009,occupation,skilled,secondary,2,2025-01-01,true,bg_ncop_6122
bg_ncop_61232001,Фермер пчелар,61232001,occupation,skilled,secondary,2,2025-01-01,true,bg_ncop_6123
bg_ncop_61232002,Фермер пчеловъд,61232002,occupation,skilled,secondary,2,2025-01-01,true,bg_ncop_6123
bg_ncop_61232003,Фермер отглеждане на копринени буби,61232003,occupation,skilled,secondary,2,2025-01-01,true,bg_ncop_6123
bg_ncop_61231004,Пчелар,61231004,occupation,skilled,secondary,2,2025-01-01,true,bg_ncop_6123
bg_ncop_61231005,Гледач копринени буби (бубар),61231005,occupation,skilled,secondary,2,2025-01-01,true,bg_ncop_6123
bg_ncop_61231006,Копринар,61231006,occupation,skilled,secondary,2,2025-01-01,true,bg_ncop_6123
bg_ncop_61231007,Работник добив на пчелно млечице пчелна отрова,61231007,occupation,skilled,secondary,2,2025-01-01,true,bg_ncop_6123
bg_ncop_61231008,Работник производство на бубено семе,61231008,occupation,skilled,secondary,2,2025-01-01,true,bg_ncop_6123
bg_ncop_61292001,Фермер зайцевъд,61292001,occupation,skilled,secondary,2,2025-01-01,true,bg_ncop_6129
bg_ncop_61292002,Фермер развъждащ кръстосани животни,61292002,occupation,skilled,secondary,2,2025-01-01,true,bg_ncop_6129
bg_ncop_61291003,Фуражист,61291003,occupation,skilled,secondary,2,2025-01-01,true,bg_ncop_6129
bg_ncop_61291004,Гледач работен добитък,61291004,occupation,skilled,secondary,2,2025-01-01,true,bg_ncop_6129
bg_ncop_61291005,Дивечовъд,61291005,occupation,skilled,secondary,2,2025-01-01,true,bg_ncop_6129
bg_ncop_61291006,Съдържател резерват за животни,61291006,occupation,skilled,secondary,2,2025-01-01,true,bg_ncop_6129
bg_ncop_61291007,Работник ферма за диви животни с ценни кожи,61291007,occupation,skilled,secondary,2,2025-01-01,true,bg_ncop_6129
bg_ncop_61291008,Работник ферма за кръстосани животни,61291008,occupation,skilled,secondary,2,2025-01-01,true,bg_ncop_6129
bg_ncop_61291009,Работник развъждащ влечуги (без змии),61291009,occupation,skilled,secondary,2,2025-01-01,true,bg_ncop_6129
bg_ncop_61291010,Работник развъждащ диви птици,61291010,occupation,skilled,secondary,2,2025-01-01,true,bg_ncop_6129
bg_ncop_61291011,Работник развъждащ змии,61291011,occupation,skilled,secondary,2,2025-01-01,true,bg_ncop_6129
bg_ncop_61291012,Работник развъждащ лабораторни животни,61291012,occupation,skilled,secondary,2,2025-01-01,true,bg_ncop_6129
bg_ncop_61291013,Работник развъждащ охлюви,61291013,occupation,skilled,secondary,2,2025-01-01,true,bg_ncop_6129
bg_ncop_61291014,Работник развъждащ пойни и декоративни птици,61291014,occupation,skilled,secondary,2,2025-01-01,true,bg_ncop_6129
bg_ncop_61291015,Работник селекционер на кръстосани животни,61291015,occupation,skilled,secondary,2,2025-01-01,true,bg_ncop_6129
bg_ncop_61293016,Управител дивечовъдно стопанство,61293016,occupation,skilled,secondary,2,2025-01-01,true,bg_ncop_6129
bg_ncop_61293017,Фермер дивечовъд,61293017,occupation,skilled,secondary,2,2025-01-01,true,bg_ncop_6129
bg_ncop_61302001,Фермер смесено стопанство,61302001,occupation,skilled,secondary,2,2025-01-01,true,bg_ncop_6130
bg_ncop_61301002,Работник смесено стопанство,61301002,occupation,skilled,secondary,2,2025-01-01,true,bg_ncop_6130
bg_ncop_62103001,Управител горско стопанство,62103001,occupation,skilled,secondary,2,2025-01-01,true,bg_ncop_6210
bg_ncop_62103002,Управител лов,62103002,occupation,skilled,secondary,2,2025-01-01,true,bg_ncop_6210
bg_ncop_62101003,Горски работник,62101003,occupation,skilled,secondary,2,2025-01-01,true,bg_ncop_6210
bg_ncop_62101004,Горски работник сезонен,62101004,occupation,skilled,secondary,2,2025-01-01,true,bg_ncop_6210
bg_ncop_62101005,Дървар,62101005,occupation,skilled,secondary,2,2025-01-01,true,bg_ncop_6210
bg_ncop_62101006,Залесител,62101006,occupation,skilled,secondary,2,2025-01-01,true,bg_ncop_6210
bg_ncop_62101007,Извозвач дървен материал,62101007,occupation,skilled,secondary,2,2025-01-01,true,bg_ncop_6210
bg_ncop_62101008,Горски пазач,62101008,occupation,skilled,secondary,2,2025-01-01,true,bg_ncop_6210
bg_ncop_62101009,Лесозащитник,62101009,occupation,skilled,secondary,2,2025-01-01,true,bg_ncop_6210
bg_ncop_62101010,Маркировач лесофонд и дървен материал,62101010,occupation,skilled,secondary,2,2025-01-01,true,bg_ncop_6210
bg_ncop_62101011,Резач горски дървен материал,62101011,occupation,skilled,secondary,2,2025-01-01,true,bg_ncop_6210
bg_ncop_62101012,Резач греди и пръти,62101012,occupation,skilled,secondary,2,2025-01-01,true,bg_ncop_6210
bg_ncop_62101013,Резач траверси,62101013,occupation,skilled,secondary,2,2025-01-01,true,bg_ncop_6210
bg_ncop_62101014,Товарач трупи и друг дървен материал,62101014,occupation,skilled,secondary,2,2025-01-01,true,bg_ncop_6210
bg_ncop_62101015,Въглищар производител на дървени въглища,62101015,occupation,skilled,secondary,2,2025-01-01,true,bg_ncop_6210
bg_ncop_62101016,Работник обработка на трупи,62101016,occupation,skilled,secondary,2,2025-01-01,true,bg_ncop_6210
bg_ncop_62101017,Работник отглеждане на горски култури,62101017,occupation,skilled,secondary,2,2025-01-01,true,bg_ncop_6210
bg_ncop_62101018,Горски работник дървесна дестилация (традиционна техника),62101018,occupation,skilled,secondary,2,2025-01-01,true,bg_ncop_6210
bg_ncop_62101019,Работник добив на пънна борина,62101019,occupation,skilled,secondary,2,2025-01-01,true,bg_ncop_6210
bg_ncop_62212001,Управител рибно стопанство,62212001,occupation,skilled,secondary,2,2025-01-01,true,bg_ncop_6221
bg_ncop_62212002,Фермер отглеждащ аквакултури,62212002,occupation,skilled,secondary,2,2025-01-01,true,bg_ncop_6221
bg_ncop_62212003,Фермер рибовъд,62212003,occupation,skilled,secondary,2,2025-01-01,true,bg_ncop_6221
bg_ncop_62211004,Работник ферма за аквакултури,62211004,occupation,skilled,secondary,2,2025-01-01,true,bg_ncop_6221
bg_ncop_62211005,Работник ферма (рибовъд),62211005,occupation,skilled,secondary,2,2025-01-01,true,bg_ncop_6221
bg_ncop_62221001,Рибар вътрешни води,62221001,occupation,skilled,secondary,2,2025-01-01,true,bg_ncop_6222
bg_ncop_62221002,Рибар крайбрежни води,62221002,occupation,skilled,secondary,2,2025-01-01,true,bg_ncop_6222
bg_ncop_62231001,Рибар дълбоки морски води,62231001,occupation,skilled,secondary,2,2025-01-01,true,bg_ncop_6223
bg_ncop_62231002,Рибар член на екипаж дълбоки морски води,62231002,occupation,skilled,secondary,2,2025-01-01,true,bg_ncop_6223
bg_ncop_62231003,Тралмайстор,62231003,occupation,skilled,secondary,2,2025-01-01,true,bg_ncop_6223
bg_ncop_62241001,Ловец,62241001,occupation,skilled,secondary,2,2025-01-01,true,bg_ncop_6224
bg_ncop_62241002,Ловец диви животни,62241002,occupation,skilled,secondary,2,2025-01-01,true,bg_ncop_6224
bg_ncop_63102001,Фермер растениевъдство за собствено потребление,63102001,occupation,skilled,secondary,2,2025-01-01,true,bg_ncop_6310
bg_ncop_63102002,Фермер смесени култури за собствено потребление,63102002,occupation,skilled,secondary,2,2025-01-01,true,bg_ncop_6310
bg_ncop_63202001,Фермер животновъдство за собствено потребление,63202001,occupation,skilled,secondary,2,2025-01-01,true,bg_ncop_6320
bg_ncop_63301001,Работник отглеждащ растения и животни за собствено потребление,63301001,occupation,skilled,secondary,2,2025-01-01,true,bg_ncop_6330
bg_ncop_63400001,Риболовец произвеждащ за собствено потребление,63400001,occupation,skilled,secondary,2,2025-01-01,true,bg_ncop_6340
bg_ncop_63400002,Ловец произвеждащ за собствено потребление,63400002,occupation,skilled,secondary,2,2025-01-01,true,bg_ncop_6340
bg_ncop_63400003,Берач произвеждащ за собствено потребление,63400003,occupation,skilled,secondary,2,2025-01-01,true,bg_ncop_6340
bg_ncop_71112001,Строител жилища,71112001,occupation,skilled,secondary,2,2025-01-01,true,bg_ncop_7111
bg_ncop_71112002,Строител сгради от сглобяеми елементи,71112002,occupation,skilled,secondary,2,2025-01-01,true,bg_ncop_7111
bg_ncop_71122001,Зидар,71122001,occupation,skilled,secondary,2,2025-01-01,true,bg_ncop_7112
bg_ncop_71122002,Зидар комини,71122002,occupation,skilled,secondary,2,2025-01-01,true,bg_ncop_7112
bg_ncop_71122003,Монтажник панели формовани блокове,71122003,occupation,skilled,secondary,2,2025-01-01,true,bg_ncop_7112
bg_ncop_71122004,Зидар пещи,71122004,occupation,skilled,secondary,2,2025-01-01,true,bg_ncop_7112
bg_ncop_71122005,Зидар сгради (конструкции),71122005,occupation,skilled,secondary,2,2025-01-01,true,bg_ncop_7112
bg_ncop_71122006,Зидар облицовка на пещи,71122006,occupation,skilled,secondary,2,2025-01-01,true,bg_ncop_7112
bg_ncop_71122007,Зидар при горещ ремонт на металургични пещи и съоръжения,71122007,occupation,skilled,secondary,2,2025-01-01,true,bg_ncop_7112
bg_ncop_71122008,Зидаромазач,71122008,occupation,skilled,secondary,2,2025-01-01,true,bg_ncop_7112
bg_ncop_71122009,Редач огнеупорни тухли,71122009,occupation,skilled,secondary,2,2025-01-01,true,bg_ncop_7112
bg_ncop_71132001,Дооформител камъни и плочи,71132001,occupation,skilled,secondary,2,2025-01-01,true,bg_ncop_7113
bg_ncop_71132002,Каменар,71132002,occupation,skilled,secondary,2,2025-01-01,true,bg_ncop_7113
bg_ncop_71132003,Каменар каменна зидария,71132003,occupation,skilled,secondary,2,2025-01-01,true,bg_ncop_7113
bg_ncop_71132004,Каменодълбач,71132004,occupation,skilled,secondary,2,2025-01-01,true,bg_ncop_7113
bg_ncop_71132005,Каменоредач (оформител),71132005,occupation,skilled,secondary,2,2025-01-01,true,bg_ncop_7113
bg_ncop_71132006,Каменотрошач,71132006,occupation,skilled,secondary,2,2025-01-01,true,bg_ncop_7113
bg_ncop_71132007,Каменоделец на паметници,71132007,occupation,skilled,secondary,2,2025-01-01,true,bg_ncop_7113
bg_ncop_71132008,Каменоделец,71132008,occupation,skilled,secondary,2,2025-01-01,true,bg_ncop_7113
bg_ncop_71132009,Каменоделец облицовки,71132009,occupation,skilled,secondary,2,2025-01-01,true,bg_ncop_7113
bg_ncop_71132010,Настройчик-оператор струг машина за обработка на камъни,71132010,occupation,skilled,secondary,2,2025-01-01,true,bg_ncop_7113
bg_ncop_71132011,Полировач камъни,71132011,occupation,skilled,secondary,2,2025-01-01,true,bg_ncop_7113
bg_ncop_71132012,Резач камъни,71132012,occupation,skilled,secondary,2,2025-01-01,true,bg_ncop_7113
bg_ncop_71132013,Резач скални материали за художествена мозайка,71132013,occupation,skilled,secondary,2,2025-01-01,true,bg_ncop_7113
bg_ncop_71132014,Сортировач камъни,71132014,occupation,skilled,secondary,2,2025-01-01,true,bg_ncop_7113
bg_ncop_71132015,Трошач камъни (чрез взривяване),71132015,occupation,skilled,secondary,2,2025-01-01,true,bg_ncop_7113
bg_ncop_71132016,Цепач камъни,71132016,occupation,skilled,secondary,2,2025-01-01,true,bg_ncop_7113
bg_ncop_71132017,Шлифовчик,71132017,occupation,skilled,secondary,2,2025-01-01,true,bg_ncop_7113
bg_ncop_71132018,Работник обработване и художествено оформяне на каменни изделия,71132018,occupation,skilled,secondary,2,2025-01-01,true,bg_ncop_7113
bg_ncop_71132019,Работник производство на плочи,71132019,occupation,skilled,secondary,2,2025-01-01,true,bg_ncop_7113
bg_ncop_71132020,Работник полагане на паваж,71132020,occupation,skilled,secondary,2,2025-01-01,true,bg_ncop_7113
bg_ncop_71142001,Арматурист,71142001,occupation,skilled,secondary,2,2025-01-01,true,bg_ncop_7114
bg_ncop_71142002,Бетонджия,71142002,occupation,skilled,secondary,2,2025-01-01,true,bg_ncop_7114
bg_ncop_71142003,Кофражист,71142003,occupation,skilled,secondary,2,2025-01-01,true,bg_ncop_7114
bg_ncop_71142004,Кофражист бетонни отливки,71142004,occupation,skilled,secondary,2,2025-01-01,true,bg_ncop_7114
bg_ncop_71142005,Мозайкаджия,71142005,occupation,skilled,secondary,2,2025-01-01,true,bg_ncop_7114
bg_ncop_71142006,Работник бетонобъркачка,71142006,occupation,skilled,secondary,2,2025-01-01,true,bg_ncop_7114
bg_ncop_71142007,Формовчик бетонни изделия,71142007,occupation,skilled,secondary,2,2025-01-01,true,bg_ncop_7114
bg_ncop_71152001,Дограмаджия дърво пластмаса алуминий,71152001,occupation,skilled,secondary,2,2025-01-01,true,bg_ncop_7115
bg_ncop_71152002,Дърводелец,71152002,occupation,skilled,secondary,2,2025-01-01,true,bg_ncop_7115
bg_ncop_71152003,Дърводелец мина,71152003,occupation,skilled,secondary,2,2025-01-01,true,bg_ncop_7115
bg_ncop_71152004,Дърводелец дървени конструкции,71152004,occupation,skilled,secondary,2,2025-01-01,true,bg_ncop_7115
bg_ncop_71152005,Дърводелец мостови конструкции,71152005,occupation,skilled,secondary,2,2025-01-01,true,bg_ncop_7115
bg_ncop_71152006,Дърводелец поддръжка,71152006,occupation,skilled,secondary,2,2025-01-01,true,bg_ncop_7115
bg_ncop_71152007,Дърводелец корабен,71152007,occupation,skilled,secondary,2,2025-01-01,true,bg_ncop_7115
bg_ncop_71152008,Дърводелец лодкостроител,71152008,occupation,skilled,secondary,2,2025-01-01,true,bg_ncop_7115
bg_ncop_71152009,Дърводелец строителен,71152009,occupation,skilled,secondary,2,2025-01-01,true,bg_ncop_7115
bg_ncop_71152010,Строител дървени шлепове,71152010,occupation,skilled,secondary,2,2025-01-01,true,bg_ncop_7115
bg_ncop_71152011,Корабен кофражист,71152011,occupation,skilled,secondary,2,2025-01-01,true,bg_ncop_7115
bg_ncop_71192001,Строител релсови пътища,71192001,occupation,skilled,secondary,2,2025-01-01,true,bg_ncop_7119
bg_ncop_71192002,Строител пътища,71192002,occupation,skilled,secondary,2,2025-01-01,true,bg_ncop_7119
bg_ncop_71192003,Строител стоманобетонни промишлени комини,71192003,occupation,skilled,secondary,2,2025-01-01,true,bg_ncop_7119
bg_ncop_71192004,Строител комини,71192004,occupation,skilled,secondary,2,2025-01-01,true,bg_ncop_7119
bg_ncop_71192005,Строител лодки катери корабни корпуси и други от стъклопласти,71192005,occupation,skilled,secondary,2,2025-01-01,true,bg_ncop_7119
bg_ncop_71192006,Асфалтаджия,71192006,occupation,skilled,secondary,2,2025-01-01,true,bg_ncop_7119
bg_ncop_71192007,Строител алпинист,71192007,occupation,skilled,secondary,2,2025-01-01,true,bg_ncop_7119
bg_ncop_71192008,Монтажник скеле,71192008,occupation,skilled,secondary,2,2025-01-01,true,bg_ncop_7119
bg_ncop_71192009,Монтажник стоманобетонни конструкции и изделия,71192009,occupation,skilled,secondary,2,2025-01-01,true,bg_ncop_7119
bg_ncop_71192010,Монтажник строителни подпори,71192010,occupation,skilled,secondary,2,2025-01-01,true,bg_ncop_7119
bg_ncop_71192011,Работник стоманобетонни конструкции и изделия,71192011,occupation,skilled,secondary,2,2025-01-01,true,bg_ncop_7119
bg_ncop_71192012,Работник разрушаване на сгради,71192012,occupation,skilled,secondary,2,2025-01-01,true,bg_ncop_7119
bg_ncop_71192013,Работник полагане на пътни настилки,71192013,occupation,skilled,secondary,2,2025-01-01,true,bg_ncop_7119
bg_ncop_71192014,Работник ремонт на комини,71192014,occupation,skilled,secondary,2,2025-01-01,true,bg_ncop_7119
bg_ncop_71192015,Работник строителство и ремонт на кули,71192015,occupation,skilled,secondary,2,2025-01-01,true,bg_ncop_7119
bg_ncop_71192016,Работник поддръжка на сгради,71192016,occupation,skilled,secondary,2,2025-01-01,true,bg_ncop_7119
bg_ncop_71192017,Работник специално фундиране,71192017,occupation,skilled,secondary,2,2025-01-01,true,bg_ncop_7119
bg_ncop_71192018,Работник строителни подпори,71192018,occupation,skilled,secondary,2,2025-01-01,true,bg_ncop_7119
bg_ncop_71212001,Работник изграждане и ремонт на покривни покрития,71212001,occupation,skilled,secondary,2,2025-01-01,true,bg_ncop_7121
bg_ncop_71212002,Тенекеджия довършителни работи в строителството,71212002,occupation,skilled,secondary,2,2025-01-01,true,bg_ncop_7121
bg_ncop_71222001,Работник подови облицовки и настилки,71222001,occupation,skilled,secondary,2,2025-01-01,true,bg_ncop_7122
bg_ncop_71222002,Паркетчия,71222002,occupation,skilled,secondary,2,2025-01-01,true,bg_ncop_7122
bg_ncop_71232001,Гипсаджия,71232001,occupation,skilled,secondary,2,2025-01-01,true,bg_ncop_7123
bg_ncop_71232002,Гипсаджия орнаменти,71232002,occupation,skilled,secondary,2,2025-01-01,true,bg_ncop_7123
bg_ncop_71232003,Гипсаджия мазач,71232003,occupation,skilled,secondary,2,2025-01-01,true,bg_ncop_7123
bg_ncop_71232004,Шпакловчик,71232004,occupation,skilled,secondary,2,2025-01-01,true,bg_ncop_7123
bg_ncop_71242001,Корабен изолировач,71242001,occupation,skilled,secondary,2,2025-01-01,true,bg_ncop_7124
bg_ncop_71242002,Строителен импрегнатор,71242002,occupation,skilled,secondary,2,2025-01-01,true,bg_ncop_7124
bg_ncop_71242003,Хидроизолаторчик,71242003,occupation,skilled,secondary,2,2025-01-01,true,bg_ncop_7124
bg_ncop_71242004,Работник акустична изолация,71242004,occupation,skilled,secondary,2,2025-01-01,true,bg_ncop_7124
bg_ncop_71242005,Работник изолация,71242005,occupation,skilled,secondary,2,2025-01-01,true,bg_ncop_7124
bg_ncop_71242006,Работник изолация на хладилни и климатични инсталации,71242006,occupation,skilled,secondary,2,2025-01-01,true,bg_ncop_7124
bg_ncop_71242007,Работник ремонт на топлинна изолация,71242007,occupation,skilled,secondary,2,2025-01-01,true,bg_ncop_7124
bg_ncop_71242008,Работник строителна изолация,71242008,occupation,skilled,secondary,2,2025-01-01,true,bg_ncop_7124
bg_ncop_71252001,Монтажник стъкла в сгради,71252001,occupation,skilled,secondary,2,2025-01-01,true,bg_ncop_7125
bg_ncop_71252002,Монтажник художествено стъкло,71252002,occupation,skilled,secondary,2,2025-01-01,true,bg_ncop_7125
bg_ncop_71252003,Стъклар,71252003,occupation,skilled,secondary,2,2025-01-01,true,bg_ncop_7125
bg_ncop_71252004,Стъклар двойно остъкляване,71252004,occupation,skilled,secondary,2,2025-01-01,true,bg_ncop_7125
bg_ncop_71252005,Стъклар остъкляване на покриви,71252005,occupation,skilled,secondary,2,2025-01-01,true,bg_ncop_7125
bg_ncop_71252006,Стъклар остъкляване на транспортни средства,71252006,occupation,skilled,secondary,2,2025-01-01,true,bg_ncop_7125
bg_ncop_71262001,Водопроводчик (външно водоснабдяване и канализация),71262001,occupation,skilled,secondary,2,2025-01-01,true,bg_ncop_7126
bg_ncop_71262002,Водопроводчик (вътрешно водоснабдяване и канализация),71262002,occupation,skilled,secondary,2,2025-01-01,true,bg_ncop_7126
bg_ncop_71262003,Водопроводчик химическата промишленост,71262003,occupation,skilled,secondary,2,2025-01-01,true,bg_ncop_7126
bg_ncop_71262004,Водопроводчик кораб,71262004,occupation,skilled,secondary,2,2025-01-01,true,bg_ncop_7126
bg_ncop_71262005,Водопроводчик поддръжка,71262005,occupation,skilled,secondary,2,2025-01-01,true,bg_ncop_7126
bg_ncop_71262006,Изготвител корабни тръбни инсталации,71262006,occupation,skilled,secondary,2,2025-01-01,true,bg_ncop_7126
bg_ncop_71262007,Изготвител монтажник на корабни вентилационни системи и обшивки,71262007,occupation,skilled,secondary,2,2025-01-01,true,bg_ncop_7126
bg_ncop_71262008,Каналджия,71262008,occupation,skilled,secondary,2,2025-01-01,true,bg_ncop_7126
bg_ncop_71262009,Монтьор водопроводни тръби,71262009,occupation,skilled,secondary,2,2025-01-01,true,bg_ncop_7126
bg_ncop_71262010,Монтьор газопроводни тръби,71262010,occupation,skilled,secondary,2,2025-01-01,true,bg_ncop_7126
bg_ncop_71262011,Монтьор вентилационни тръби,71262011,occupation,skilled,secondary,2,2025-01-01,true,bg_ncop_7126
bg_ncop_71262012,Монтьор морски тръбопроводи,71262012,occupation,skilled,secondary,2,2025-01-01,true,bg_ncop_7126
bg_ncop_71262013,Монтьор паропроводни тръби,71262013,occupation,skilled,secondary,2,2025-01-01,true,bg_ncop_7126
bg_ncop_71262014,Монтьор тръби в самолети,71262014,occupation,skilled,secondary,2,2025-01-01,true,bg_ncop_7126
bg_ncop_71262015,Монтьор тръби за продуктопроводи,71262015,occupation,skilled,secondary,2,2025-01-01,true,bg_ncop_7126
bg_ncop_71262016,Пробивач кладенци,71262016,occupation,skilled,secondary,2,2025-01-01,true,bg_ncop_7126
bg_ncop_71262017,Работник ремонт и поддръжка на линейни газопроводи,71262017,occupation,skilled,secondary,2,2025-01-01,true,bg_ncop_7126
bg_ncop_71262018,Работник полагане на дренаж,71262018,occupation,skilled,secondary,2,2025-01-01,true,bg_ncop_7126
bg_ncop_71262019,Водопроводчик аварийна група,71262019,occupation,skilled,secondary,2,2025-01-01,true,bg_ncop_7126
bg_ncop_71272002,Монтажник хладилни и климатични инсталации,71272002,occupation,skilled,secondary,2,2025-01-01,true,bg_ncop_7127
bg_ncop_71272003,Монтьор вътрешноотоплителни инсталации,71272003,occupation,skilled,secondary,2,2025-01-01,true,bg_ncop_7127
bg_ncop_71272004,Монтьор топлофикационни съоръжения,71272004,occupation,skilled,secondary,2,2025-01-01,true,bg_ncop_7127
bg_ncop_71311001,Бояджия сгради,71311001,occupation,skilled,secondary,2,2025-01-01,true,bg_ncop_7131
bg_ncop_71311002,Бояджия сценични декори,71311002,occupation,skilled,secondary,2,2025-01-01,true,bg_ncop_7131
bg_ncop_71311003,Бояджия декоратор на сгради,71311003,occupation,skilled,secondary,2,2025-01-01,true,bg_ncop_7131
bg_ncop_71311004,Бояджия декоратор на стенни пана,71311004,occupation,skilled,secondary,2,2025-01-01,true,bg_ncop_7131
bg_ncop_71311005,Бояджия корабни корпуси,71311005,occupation,skilled,secondary,2,2025-01-01,true,bg_ncop_7131
bg_ncop_71311006,Варосвач баданосвач,71311006,occupation,skilled,secondary,2,2025-01-01,true,bg_ncop_7131
bg_ncop_71311007,Тапетаджия,71311007,occupation,skilled,secondary,2,2025-01-01,true,bg_ncop_7131
bg_ncop_71321001,Бояджия стоманени конструкции,71321001,occupation,skilled,secondary,2,2025-01-01,true,bg_ncop_7132
bg_ncop_71321002,Бояджия превозни средства,71321002,occupation,skilled,secondary,2,2025-01-01,true,bg_ncop_7132
bg_ncop_71321003,Бояджия промишлени изделия,71321003,occupation,skilled,secondary,2,2025-01-01,true,bg_ncop_7132
bg_ncop_71321004,Бояджия корабен,71321004,occupation,skilled,secondary,2,2025-01-01,true,bg_ncop_7132
bg_ncop_71321005,Грундировач,71321005,occupation,skilled,secondary,2,2025-01-01,true,bg_ncop_7132
bg_ncop_71321006,Лакировач метал,71321006,occupation,skilled,secondary,2,2025-01-01,true,bg_ncop_7132
bg_ncop_71321007,Лакировач превозни средства,71321007,occupation,skilled,secondary,2,2025-01-01,true,bg_ncop_7132
bg_ncop_71321008,Лакировач промишлени изделия,71321008,occupation,skilled,secondary,2,2025-01-01,true,bg_ncop_7132
bg_ncop_71322009,Авиобояджия,71322009,occupation,skilled,secondary,2,2025-01-01,true,bg_ncop_7132
bg_ncop_71322010,"Бояджия, електростатично прахово покритие",71322010,occupation,skilled,secondary,2,2025-01-01,true,bg_ncop_7132
bg_ncop_71331001,Коминочистач,71331001,occupation,skilled,secondary,2,2025-01-01,true,bg_ncop_7133
bg_ncop_71331002,Чистач фасади на сгради,71331002,occupation,skilled,secondary,2,2025-01-01,true,bg_ncop_7133
bg_ncop_72111001,Леяр,72111001,occupation,skilled,secondary,2,2025-01-01,true,bg_ncop_7211
bg_ncop_72111002,Пещар,72111002,occupation,skilled,secondary,2,2025-01-01,true,bg_ncop_7211
bg_ncop_72111003,Пясъкоструйчик,72111003,occupation,skilled,secondary,2,2025-01-01,true,bg_ncop_7211
bg_ncop_72111004,Работник силози и въглищна кула,72111004,occupation,skilled,secondary,2,2025-01-01,true,bg_ncop_7211
bg_ncop_72111005,Работник зареждане и сплавяне,72111005,occupation,skilled,secondary,2,2025-01-01,true,bg_ncop_7211
bg_ncop_72111006,Работник нитрация,72111006,occupation,skilled,secondary,2,2025-01-01,true,bg_ncop_7211
bg_ncop_72111007,Работник обработка на маринг,72111007,occupation,skilled,secondary,2,2025-01-01,true,bg_ncop_7211
bg_ncop_72111008,Работник подготовка на състави за разливане на стомана,72111008,occupation,skilled,secondary,2,2025-01-01,true,bg_ncop_7211
bg_ncop_72111009,Работник поддържане на съоръжения в тунели на коксова батерия,72111009,occupation,skilled,secondary,2,2025-01-01,true,bg_ncop_7211
bg_ncop_72111010,Работник събличане на блокова стомана,72111010,occupation,skilled,secondary,2,2025-01-01,true,bg_ncop_7211
bg_ncop_72111011,Работник формовъчни смеси,72111011,occupation,skilled,secondary,2,2025-01-01,true,bg_ncop_7211
bg_ncop_72111012,Работник каляване на метали,72111012,occupation,skilled,secondary,2,2025-01-01,true,bg_ncop_7211
bg_ncop_72111013,Работник по преработка на чугун,72111013,occupation,skilled,secondary,2,2025-01-01,true,bg_ncop_7211
bg_ncop_72111014,Разливач метал,72111014,occupation,skilled,secondary,2,2025-01-01,true,bg_ncop_7211
bg_ncop_72111015,Рафиньор метал,72111015,occupation,skilled,secondary,2,2025-01-01,true,bg_ncop_7211
bg_ncop_72111016,Смесоприготвител,72111016,occupation,skilled,secondary,2,2025-01-01,true,bg_ncop_7211
bg_ncop_72111017,Сортировач-опаковчик металургична продукция,72111017,occupation,skilled,secondary,2,2025-01-01,true,bg_ncop_7211
bg_ncop_72111018,Стомановар,72111018,occupation,skilled,secondary,2,2025-01-01,true,bg_ncop_7211
bg_ncop_72111019,Сушилчик,72111019,occupation,skilled,secondary,2,2025-01-01,true,bg_ncop_7211
bg_ncop_72111020,Електропещар,72111020,occupation,skilled,secondary,2,2025-01-01,true,bg_ncop_7211
bg_ncop_72111021,Зачиствач на люкове и врати,72111021,occupation,skilled,secondary,2,2025-01-01,true,bg_ncop_7211
bg_ncop_72112022,Агломератчик металургия,72112022,occupation,skilled,secondary,2,2025-01-01,true,bg_ncop_7211
bg_ncop_72112023,Арматурист леярски форми и сърца,72112023,occupation,skilled,secondary,2,2025-01-01,true,bg_ncop_7211
bg_ncop_72112024,Асфалтьор на метални изделия,72112024,occupation,skilled,secondary,2,2025-01-01,true,bg_ncop_7211
bg_ncop_72112025,Бисмутчик,72112025,occupation,skilled,secondary,2,2025-01-01,true,bg_ncop_7211
bg_ncop_72112026,Водопроводчик-мазутчик металургична пещ,72112026,occupation,skilled,secondary,2,2025-01-01,true,bg_ncop_7211
bg_ncop_72112027,Газовчик,72112027,occupation,skilled,secondary,2,2025-01-01,true,bg_ncop_7211
bg_ncop_72112028,Галванотехник,72112028,occupation,skilled,secondary,2,2025-01-01,true,bg_ncop_7211
bg_ncop_72112029,Галтовчик,72112029,occupation,skilled,secondary,2,2025-01-01,true,bg_ncop_7211
bg_ncop_72112030,Дозировач,72112030,occupation,skilled,secondary,2,2025-01-01,true,bg_ncop_7211
bg_ncop_72112031,Електродчик,72112031,occupation,skilled,secondary,2,2025-01-01,true,bg_ncop_7211
bg_ncop_72112032,Заливач форми,72112032,occupation,skilled,secondary,2,2025-01-01,true,bg_ncop_7211
bg_ncop_72112033,Изтегляч метал,72112033,occupation,skilled,secondary,2,2025-01-01,true,bg_ncop_7211
bg_ncop_72112034,Изтърсвач форми и отливки,72112034,occupation,skilled,secondary,2,2025-01-01,true,bg_ncop_7211
bg_ncop_72112035,Калибровчик валци,72112035,occupation,skilled,secondary,2,2025-01-01,true,bg_ncop_7211
bg_ncop_72112036,Катодчик,72112036,occupation,skilled,secondary,2,2025-01-01,true,bg_ncop_7211
bg_ncop_72112037,Коксосортировач,72112037,occupation,skilled,secondary,2,2025-01-01,true,bg_ncop_7211
bg_ncop_72112038,Конверторчик,72112038,occupation,skilled,secondary,2,2025-01-01,true,bg_ncop_7211
bg_ncop_72112039,Кофаджия,72112039,occupation,skilled,secondary,2,2025-01-01,true,bg_ncop_7211
bg_ncop_72112040,Миксеровач,72112040,occupation,skilled,secondary,2,2025-01-01,true,bg_ncop_7211
bg_ncop_72112041,Моделчик,72112041,occupation,skilled,secondary,2,2025-01-01,true,bg_ncop_7211
bg_ncop_72112042,Наливач метални спирали,72112042,occupation,skilled,secondary,2,2025-01-01,true,bg_ncop_7211
bg_ncop_72112043,Наплавчик,72112043,occupation,skilled,secondary,2,2025-01-01,true,bg_ncop_7211
bg_ncop_72112044,Парографик и термографик,72112044,occupation,skilled,secondary,2,2025-01-01,true,bg_ncop_7211
bg_ncop_72112045,Почиствач метални отливки изделия,72112045,occupation,skilled,secondary,2,2025-01-01,true,bg_ncop_7211
bg_ncop_72112046,Приемчик-разпределител металургията,72112046,occupation,skilled,secondary,2,2025-01-01,true,bg_ncop_7211
bg_ncop_72112047,Противопригарчик,72112047,occupation,skilled,secondary,2,2025-01-01,true,bg_ncop_7211
bg_ncop_72112048,Прочиствач-шмиргелист отливки,72112048,occupation,skilled,secondary,2,2025-01-01,true,bg_ncop_7211
bg_ncop_72112049,Сърцар метал,72112049,occupation,skilled,secondary,2,2025-01-01,true,bg_ncop_7211
bg_ncop_72112050,Сърцар-формовчик,72112050,occupation,skilled,secondary,2,2025-01-01,true,bg_ncop_7211
bg_ncop_72112051,Темперовчик отливки,72112051,occupation,skilled,secondary,2,2025-01-01,true,bg_ncop_7211
bg_ncop_72112052,Термист,72112052,occupation,skilled,secondary,2,2025-01-01,true,bg_ncop_7211
bg_ncop_72112053,Топилчик,72112053,occupation,skilled,secondary,2,2025-01-01,true,bg_ncop_7211
bg_ncop_72112054,Феросплавчик,72112054,occupation,skilled,secondary,2,2025-01-01,true,bg_ncop_7211
bg_ncop_72112055,Флюсовар,72112055,occupation,skilled,secondary,2,2025-01-01,true,bg_ncop_7211
bg_ncop_72112056,Флюсодобивчик,72112056,occupation,skilled,secondary,2,2025-01-01,true,bg_ncop_7211
bg_ncop_72112057,Формовчик,72112057,occupation,skilled,secondary,2,2025-01-01,true,bg_ncop_7211
bg_ncop_72112058,Чугунодобивчик,72112058,occupation,skilled,secondary,2,2025-01-01,true,bg_ncop_7211
bg_ncop_72112059,Шихтовчик,72112059,occupation,skilled,secondary,2,2025-01-01,true,bg_ncop_7211
bg_ncop_72112060,Шлаковчик,72112060,occupation,skilled,secondary,2,2025-01-01,true,bg_ncop_7211
bg_ncop_72111061,Дробоструйчик,72111061,occupation,skilled,secondary,2,2025-01-01,true,bg_ncop_7211
bg_ncop_72121001,Заварчик,72121001,occupation,skilled,secondary,2,2025-01-01,true,bg_ncop_7212
bg_ncop_72122002,Аргончик,72122002,occupation,skilled,secondary,2,2025-01-01,true,bg_ncop_7212
bg_ncop_72122003,Газорезчик,72122003,occupation,skilled,secondary,2,2025-01-01,true,bg_ncop_7212
bg_ncop_72122004,Електрозаварчик,72122004,occupation,skilled,secondary,2,2025-01-01,true,bg_ncop_7212
bg_ncop_72122005,Заварчик затворени съдове,72122005,occupation,skilled,secondary,2,2025-01-01,true,bg_ncop_7212
bg_ncop_72122006,Запойчик,72122006,occupation,skilled,secondary,2,2025-01-01,true,bg_ncop_7212
bg_ncop_72122007,Корабен електрозаварчик двойни дъна и затворени съдове,72122007,occupation,skilled,secondary,2,2025-01-01,true,bg_ncop_7212
bg_ncop_72122008,Оксиженист,72122008,occupation,skilled,secondary,2,2025-01-01,true,bg_ncop_7212
bg_ncop_72122009,Оксиженист газозаварчик,72122009,occupation,skilled,secondary,2,2025-01-01,true,bg_ncop_7212
bg_ncop_72122010,Пилозъбчик,72122010,occupation,skilled,secondary,2,2025-01-01,true,bg_ncop_7212
bg_ncop_72122011,Плазморезчик,72122011,occupation,skilled,secondary,2,2025-01-01,true,bg_ncop_7212
bg_ncop_72122012,Плазовчик,72122012,occupation,skilled,secondary,2,2025-01-01,true,bg_ncop_7212
bg_ncop_72122013,Пресовчик лагери,72122013,occupation,skilled,secondary,2,2025-01-01,true,bg_ncop_7212
bg_ncop_72122014,Припойчик,72122014,occupation,skilled,secondary,2,2025-01-01,true,bg_ncop_7212
bg_ncop_72122015,Протиргчик,72122015,occupation,skilled,secondary,2,2025-01-01,true,bg_ncop_7212
bg_ncop_72122016,Работник кислородна станция,72122016,occupation,skilled,secondary,2,2025-01-01,true,bg_ncop_7212
bg_ncop_72122017,Работник производство на горивни газове,72122017,occupation,skilled,secondary,2,2025-01-01,true,bg_ncop_7212
bg_ncop_72122018,Работник ацетиленов генератор,72122018,occupation,skilled,secondary,2,2025-01-01,true,bg_ncop_7212
bg_ncop_72122019,Работник пропан-бутанова станция,72122019,occupation,skilled,secondary,2,2025-01-01,true,bg_ncop_7212
bg_ncop_72122020,Работник подготовка на заваръчни детайли,72122020,occupation,skilled,secondary,2,2025-01-01,true,bg_ncop_7212
bg_ncop_72122021,Резач метал,72122021,occupation,skilled,secondary,2,2025-01-01,true,bg_ncop_7212
bg_ncop_72122022,Резбошлифовчик,72122022,occupation,skilled,secondary,2,2025-01-01,true,bg_ncop_7212
bg_ncop_72122023,Стъргалчик,72122023,occupation,skilled,secondary,2,2025-01-01,true,bg_ncop_7212
bg_ncop_72122024,Трасировчик,72122024,occupation,skilled,secondary,2,2025-01-01,true,bg_ncop_7212
bg_ncop_72122025,Шлосер-електрозаварчик,72122025,occupation,skilled,secondary,2,2025-01-01,true,bg_ncop_7212
bg_ncop_72131001,Автотенекеджия,72131001,occupation,skilled,secondary,2,2025-01-01,true,bg_ncop_7213
bg_ncop_72131002,Тенекеджия,72131002,occupation,skilled,secondary,2,2025-01-01,true,bg_ncop_7213
bg_ncop_72131003,Тенекеджия самолетостроене,72131003,occupation,skilled,secondary,2,2025-01-01,true,bg_ncop_7213
bg_ncop_72131004,Тенекеджия медни листа,72131004,occupation,skilled,secondary,2,2025-01-01,true,bg_ncop_7213
bg_ncop_72131005,Тенекеджия орнаменти,72131005,occupation,skilled,secondary,2,2025-01-01,true,bg_ncop_7213
bg_ncop_72131006,Тенекеджия корабен,72131006,occupation,skilled,secondary,2,2025-01-01,true,bg_ncop_7213
bg_ncop_72131007,Тенекеджия мебелист,72131007,occupation,skilled,secondary,2,2025-01-01,true,bg_ncop_7213
bg_ncop_72131008,Бакърджия,72131008,occupation,skilled,secondary,2,2025-01-01,true,bg_ncop_7213
bg_ncop_72131009,Ковач котли казани,72131009,occupation,skilled,secondary,2,2025-01-01,true,bg_ncop_7213
bg_ncop_72131010,Ковач мед,72131010,occupation,skilled,secondary,2,2025-01-01,true,bg_ncop_7213
bg_ncop_72131011,Работник производство на котли казани,72131011,occupation,skilled,secondary,2,2025-01-01,true,bg_ncop_7213
bg_ncop_72142001,Галванотехник кораб,72142001,occupation,skilled,secondary,2,2025-01-01,true,bg_ncop_7214
bg_ncop_72142002,Занитвач,72142002,occupation,skilled,secondary,2,2025-01-01,true,bg_ncop_7214
bg_ncop_72142003,Извивач метални плаки,72142003,occupation,skilled,secondary,2,2025-01-01,true,bg_ncop_7214
bg_ncop_72142004,Корпусник корабостроене и кораборемонт,72142004,occupation,skilled,secondary,2,2025-01-01,true,bg_ncop_7214
bg_ncop_72142005,Мачтовик,72142005,occupation,skilled,secondary,2,2025-01-01,true,bg_ncop_7214
bg_ncop_72142006,Монтажник корабни греди и рамки,72142006,occupation,skilled,secondary,2,2025-01-01,true,bg_ncop_7214
bg_ncop_72142007,Монтажник метални конструкции,72142007,occupation,skilled,secondary,2,2025-01-01,true,bg_ncop_7214
bg_ncop_72142008,Подготвител метални конструкции,72142008,occupation,skilled,secondary,2,2025-01-01,true,bg_ncop_7214
bg_ncop_72142009,Работник производство на метални конструкции,72142009,occupation,skilled,secondary,2,2025-01-01,true,bg_ncop_7214
bg_ncop_72142010,Работник ремонт на контейнери,72142010,occupation,skilled,secondary,2,2025-01-01,true,bg_ncop_7214
bg_ncop_72142011,Разкройчик метал,72142011,occupation,skilled,secondary,2,2025-01-01,true,bg_ncop_7214
bg_ncop_72142012,Рамаджия,72142012,occupation,skilled,secondary,2,2025-01-01,true,bg_ncop_7214
bg_ncop_72142013,Ресораджия,72142013,occupation,skilled,secondary,2,2025-01-01,true,bg_ncop_7214
bg_ncop_72142014,Хелингист корабостроене и кораборемонт,72142014,occupation,skilled,secondary,2,2025-01-01,true,bg_ncop_7214
bg_ncop_72142015,Корабен ремонтчик,72142015,occupation,skilled,secondary,2,2025-01-01,true,bg_ncop_7214
bg_ncop_72152001,Бемберист,72152001,occupation,skilled,secondary,2,2025-01-01,true,bg_ncop_7215
bg_ncop_72152002,Гранульор,72152002,occupation,skilled,secondary,2,2025-01-01,true,bg_ncop_7215
bg_ncop_72152003,Екструдерист,72152003,occupation,skilled,secondary,2,2025-01-01,true,bg_ncop_7215
bg_ncop_72152004,Изготвител телени изделия,72152004,occupation,skilled,secondary,2,2025-01-01,true,bg_ncop_7215
bg_ncop_72152005,Каландрист,72152005,occupation,skilled,secondary,2,2025-01-01,true,bg_ncop_7215
bg_ncop_72152006,Калибровчик телове и проводници,72152006,occupation,skilled,secondary,2,2025-01-01,true,bg_ncop_7215
bg_ncop_72152007,Монтажник железопътни кабели,72152007,occupation,skilled,secondary,2,2025-01-01,true,bg_ncop_7215
bg_ncop_72152008,Монтажник кабели и въжета в корабостроенето и кораборемонта,72152008,occupation,skilled,secondary,2,2025-01-01,true,bg_ncop_7215
bg_ncop_72152009,Монтажник корабни тръбни конструкции и инсталации,72152009,occupation,skilled,secondary,2,2025-01-01,true,bg_ncop_7215
bg_ncop_72152010,Монтажник петролни и газови кладенци,72152010,occupation,skilled,secondary,2,2025-01-01,true,bg_ncop_7215
bg_ncop_72152011,Монтажник подемни съоръжения,72152011,occupation,skilled,secondary,2,2025-01-01,true,bg_ncop_7215
bg_ncop_72152012,Монтажник тръбни конструкции в самолетостроенето,72152012,occupation,skilled,secondary,2,2025-01-01,true,bg_ncop_7215
bg_ncop_72152013,Работник Монтажник такелажник,72152013,occupation,skilled,secondary,2,2025-01-01,true,bg_ncop_7215
bg_ncop_72152014,Надзорник газопроводни магистрали,72152014,occupation,skilled,secondary,2,2025-01-01,true,bg_ncop_7215
bg_ncop_72152015,Огъвач кабели и метални въжета,72152015,occupation,skilled,secondary,2,2025-01-01,true,bg_ncop_7215
bg_ncop_72151016,Съединител кабели и метални въжета,72151016,occupation,skilled,secondary,2,2025-01-01,true,bg_ncop_7215
bg_ncop_72151017,Тръбар корабен,72151017,occupation,skilled,secondary,2,2025-01-01,true,bg_ncop_7215
bg_ncop_72151018,Работник брониране на кабели,72151018,occupation,skilled,secondary,2,2025-01-01,true,bg_ncop_7215
bg_ncop_72151019,Работник импрегнация и лакиране на кабели и проводници,72151019,occupation,skilled,secondary,2,2025-01-01,true,bg_ncop_7215
bg_ncop_72151020,Работник мостови метални въжета,72151020,occupation,skilled,secondary,2,2025-01-01,true,bg_ncop_7215
bg_ncop_72151021,Работник обвиване и оплитане на кабели и проводници,72151021,occupation,skilled,secondary,2,2025-01-01,true,bg_ncop_7215
bg_ncop_72151022,Работник плетене и почистване на кабелни форми,72151022,occupation,skilled,secondary,2,2025-01-01,true,bg_ncop_7215
bg_ncop_72151023,Работник производство на шнурове,72151023,occupation,skilled,secondary,2,2025-01-01,true,bg_ncop_7215
bg_ncop_72151024,Работник студено гумиране на кабели,72151024,occupation,skilled,secondary,2,2025-01-01,true,bg_ncop_7215
bg_ncop_72151025,Работник усукване на проводници,72151025,occupation,skilled,secondary,2,2025-01-01,true,bg_ncop_7215
bg_ncop_72152026,Работник производство монтаж и ремонт на газови съоръжения и оборудване,72152026,occupation,skilled,secondary,2,2025-01-01,true,bg_ncop_7215
bg_ncop_72211001,Ковач,72211001,occupation,skilled,secondary,2,2025-01-01,true,bg_ncop_7221
bg_ncop_72211002,Ковач подковаване на животни,72211002,occupation,skilled,secondary,2,2025-01-01,true,bg_ncop_7221
bg_ncop_72211003,Ковач инструменти,72211003,occupation,skilled,secondary,2,2025-01-01,true,bg_ncop_7221
bg_ncop_72211004,Нагревач метални заготовки,72211004,occupation,skilled,secondary,2,2025-01-01,true,bg_ncop_7221
bg_ncop_72211005,Работник ковашка преса,72211005,occupation,skilled,secondary,2,2025-01-01,true,bg_ncop_7221
bg_ncop_72211006,Работник механичен ковашки чук,72211006,occupation,skilled,secondary,2,2025-01-01,true,bg_ncop_7221
bg_ncop_72211007,Работник изработоване на скоби за траверси,72211007,occupation,skilled,secondary,2,2025-01-01,true,bg_ncop_7221
bg_ncop_72211008,Работник приготвяне на стоманени блокове за пресоване,72211008,occupation,skilled,secondary,2,2025-01-01,true,bg_ncop_7221
bg_ncop_72221001,Плетач синджири,72221001,occupation,skilled,secondary,2,2025-01-01,true,bg_ncop_7222
bg_ncop_72221002,Производител измервателни уреди,72221002,occupation,skilled,secondary,2,2025-01-01,true,bg_ncop_7222
bg_ncop_72221003,Производител инструменти,72221003,occupation,skilled,secondary,2,2025-01-01,true,bg_ncop_7222
bg_ncop_72221004,Сапанджия,72221004,occupation,skilled,secondary,2,2025-01-01,true,bg_ncop_7222
bg_ncop_72221005,Шлосер корабен,72221005,occupation,skilled,secondary,2,2025-01-01,true,bg_ncop_7222
bg_ncop_72223006,Инструменталчик,72223006,occupation,skilled,secondary,2,2025-01-01,true,bg_ncop_7222
bg_ncop_72223007,Майстор оръжия,72223007,occupation,skilled,secondary,2,2025-01-01,true,bg_ncop_7222
bg_ncop_72223008,Матричар,72223008,occupation,skilled,secondary,2,2025-01-01,true,bg_ncop_7222
bg_ncop_72223009,Матричар катодни основи,72223009,occupation,skilled,secondary,2,2025-01-01,true,bg_ncop_7222
bg_ncop_72223010,Моделчик метални отливки,72223010,occupation,skilled,secondary,2,2025-01-01,true,bg_ncop_7222
bg_ncop_72223011,Шлосер,72223011,occupation,skilled,secondary,2,2025-01-01,true,bg_ncop_7222
bg_ncop_72222012,Ключар,72222012,occupation,skilled,secondary,2,2025-01-01,true,bg_ncop_7222
bg_ncop_72223013,Гравьор метал,72223013,occupation,skilled,secondary,2,2025-01-01,true,bg_ncop_7222
bg_ncop_72233001,Настройчик винтово-нарезни машини,72233001,occupation,skilled,secondary,2,2025-01-01,true,bg_ncop_7223
bg_ncop_72233002,Настройчик машинни инструменти,72233002,occupation,skilled,secondary,2,2025-01-01,true,bg_ncop_7223
bg_ncop_72233003,Настройчик металообработващи машини,72233003,occupation,skilled,secondary,2,2025-01-01,true,bg_ncop_7223
bg_ncop_72233004,Настройчик металообработващи машини с цифрово управление,72233004,occupation,skilled,secondary,2,2025-01-01,true,bg_ncop_7223
bg_ncop_72233005,Настройчик металургични линии,72233005,occupation,skilled,secondary,2,2025-01-01,true,bg_ncop_7223
bg_ncop_72233006,Настройчик пресови металообработващи машини,72233006,occupation,skilled,secondary,2,2025-01-01,true,bg_ncop_7223
bg_ncop_72233007,Настройчик пробивни металообработващи машини,72233007,occupation,skilled,secondary,2,2025-01-01,true,bg_ncop_7223
bg_ncop_72233008,Настройчик режещи металообработващи машини,72233008,occupation,skilled,secondary,2,2025-01-01,true,bg_ncop_7223
bg_ncop_72233009,Настройчик фрезмашини,72233009,occupation,skilled,secondary,2,2025-01-01,true,bg_ncop_7223
bg_ncop_72233010,Настройчик хонингмашини,72233010,occupation,skilled,secondary,2,2025-01-01,true,bg_ncop_7223
bg_ncop_72233011,Настройчик шлайфмашини,72233011,occupation,skilled,secondary,2,2025-01-01,true,bg_ncop_7223
bg_ncop_72233012,Настройчик-оператор хобелмашини,72233012,occupation,skilled,secondary,2,2025-01-01,true,bg_ncop_7223
bg_ncop_72233013,Настройчик на шприцмашини и сродни на тях,72233013,occupation,skilled,secondary,2,2025-01-01,true,bg_ncop_7223
bg_ncop_72233014,Настройчик монтажно оборудване и производствени линии,72233014,occupation,skilled,secondary,2,2025-01-01,true,bg_ncop_7223
bg_ncop_72231015,Стругар,72231015,occupation,skilled,secondary,2,2025-01-01,true,bg_ncop_7223
bg_ncop_72232016,Боргвергист,72232016,occupation,skilled,secondary,2,2025-01-01,true,bg_ncop_7223
bg_ncop_72232017,Затиловчик,72232017,occupation,skilled,secondary,2,2025-01-01,true,bg_ncop_7223
bg_ncop_72232018,Машинен оператор обработка на метал метални изделия,72232018,occupation,skilled,secondary,2,2025-01-01,true,bg_ncop_7223
bg_ncop_72232019,Машинен оператор металообработващи машини,72232019,occupation,skilled,secondary,2,2025-01-01,true,bg_ncop_7223
bg_ncop_72232020,Машинен оператор металорежещи машини,72232020,occupation,skilled,secondary,2,2025-01-01,true,bg_ncop_7223
bg_ncop_72232021,Машинен оператор производство на арматурно желязо,72232021,occupation,skilled,secondary,2,2025-01-01,true,bg_ncop_7223
bg_ncop_72232022,Машинен оператор производство на бергманови изделия,72232022,occupation,skilled,secondary,2,2025-01-01,true,bg_ncop_7223
bg_ncop_72232023,Машинен оператор производство на бижута,72232023,occupation,skilled,secondary,2,2025-01-01,true,bg_ncop_7223
bg_ncop_72232024,Машинен оператор производство на гайки (метал),72232024,occupation,skilled,secondary,2,2025-01-01,true,bg_ncop_7223
bg_ncop_72232025,Машинен оператор производство на играчки,72232025,occupation,skilled,secondary,2,2025-01-01,true,bg_ncop_7223
bg_ncop_72232026,Машинен оператор производство на инструменти,72232026,occupation,skilled,secondary,2,2025-01-01,true,bg_ncop_7223
bg_ncop_72232027,Машинен оператор производство на кабели,72232027,occupation,skilled,secondary,2,2025-01-01,true,bg_ncop_7223
bg_ncop_72232028,Машинен оператор производство на комутатори (превключватели),72232028,occupation,skilled,secondary,2,2025-01-01,true,bg_ncop_7223
bg_ncop_72232029,Машинен оператор производство на миканитни изделия,72232029,occupation,skilled,secondary,2,2025-01-01,true,bg_ncop_7223
bg_ncop_72232030,Машинен оператор производство на нитове,72232030,occupation,skilled,secondary,2,2025-01-01,true,bg_ncop_7223
bg_ncop_72232031,Машинен оператор производство на парни котли,72232031,occupation,skilled,secondary,2,2025-01-01,true,bg_ncop_7223
bg_ncop_72232032,Машинен оператор производство на телени кабелни изделия,72232032,occupation,skilled,secondary,2,2025-01-01,true,bg_ncop_7223
bg_ncop_72232033,Машинен оператор производство на тръби,72232033,occupation,skilled,secondary,2,2025-01-01,true,bg_ncop_7223
bg_ncop_72232034,Машинен оператор производство на часовници,72232034,occupation,skilled,secondary,2,2025-01-01,true,bg_ncop_7223
bg_ncop_72232035,Оператор преса за метал,72232035,occupation,skilled,secondary,2,2025-01-01,true,bg_ncop_7223
bg_ncop_72232036,Оператор гилотина за разкрояване (метал),72232036,occupation,skilled,secondary,2,2025-01-01,true,bg_ncop_7223
bg_ncop_72232037,Оператор изработване на печатни платки,72232037,occupation,skilled,secondary,2,2025-01-01,true,bg_ncop_7223
bg_ncop_72232038,Оператор производство на силови полупроводникови изделия,72232038,occupation,skilled,secondary,2,2025-01-01,true,bg_ncop_7223
bg_ncop_72232039,Оператор режещи инструменти,72232039,occupation,skilled,secondary,2,2025-01-01,true,bg_ncop_7223
bg_ncop_72232040,Оператор съпротивление на отместване срязване,72232040,occupation,skilled,secondary,2,2025-01-01,true,bg_ncop_7223
bg_ncop_72232041,Фрезист,72232041,occupation,skilled,secondary,2,2025-01-01,true,bg_ncop_7223
bg_ncop_72232042,Шлайфист,72232042,occupation,skilled,secondary,2,2025-01-01,true,bg_ncop_7223
bg_ncop_72241001,Байцвач метал,72241001,occupation,skilled,secondary,2,2025-01-01,true,bg_ncop_7224
bg_ncop_72241002,Балансьор-коректор абразиви,72241002,occupation,skilled,secondary,2,2025-01-01,true,bg_ncop_7224
bg_ncop_72241003,Дооформител метал,72241003,occupation,skilled,secondary,2,2025-01-01,true,bg_ncop_7224
bg_ncop_72241004,Излъсквач метал,72241004,occupation,skilled,secondary,2,2025-01-01,true,bg_ncop_7224
bg_ncop_72241005,Полировач метал,72241005,occupation,skilled,secondary,2,2025-01-01,true,bg_ncop_7224
bg_ncop_72241006,Работник шлайфколело,72241006,occupation,skilled,secondary,2,2025-01-01,true,bg_ncop_7224
bg_ncop_72241007,Точилар,72241007,occupation,skilled,secondary,2,2025-01-01,true,bg_ncop_7224
bg_ncop_72241008,Шмиргелист,72241008,occupation,skilled,secondary,2,2025-01-01,true,bg_ncop_7224
bg_ncop_72242009,Шлифовчик инструменти,72242009,occupation,skilled,secondary,2,2025-01-01,true,bg_ncop_7224
bg_ncop_72242010,Шлифовчик машинни инструменти,72242010,occupation,skilled,secondary,2,2025-01-01,true,bg_ncop_7224
bg_ncop_72242011,Шлифовчик метал,72242011,occupation,skilled,secondary,2,2025-01-01,true,bg_ncop_7224
bg_ncop_72312001,Автомонтьор,72312001,occupation,skilled,secondary,2,2025-01-01,true,bg_ncop_7231
bg_ncop_72312002,Гресировач,72312002,occupation,skilled,secondary,2,2025-01-01,true,bg_ncop_7231
bg_ncop_72312003,Механик гараж за транспортни средства,72312003,occupation,skilled,secondary,2,2025-01-01,true,bg_ncop_7231
bg_ncop_72312004,Механик по жп механизация,72312004,occupation,skilled,secondary,2,2025-01-01,true,bg_ncop_7231
bg_ncop_72312005,Монтьор двигатели на моторни превозни средства,72312005,occupation,skilled,secondary,2,2025-01-01,true,bg_ncop_7231
bg_ncop_72312006,Радиаторджия,72312006,occupation,skilled,secondary,2,2025-01-01,true,bg_ncop_7231
bg_ncop_72312007,Изпитател на бойни припаси и специални пиротехнически средства,72312007,occupation,skilled,secondary,2,2025-01-01,true,bg_ncop_7231
bg_ncop_72313008,Автомеханик,72313008,occupation,skilled,secondary,2,2025-01-01,true,bg_ncop_7231
bg_ncop_72313009,Диагностик моторно превозно средство,72313009,occupation,skilled,secondary,2,2025-01-01,true,bg_ncop_7231
bg_ncop_72313010,Изпитател моторни превозни средства,72313010,occupation,skilled,secondary,2,2025-01-01,true,bg_ncop_7231
bg_ncop_72313011,Настройчик двигатели на транспортни средства,72313011,occupation,skilled,secondary,2,2025-01-01,true,bg_ncop_7231
bg_ncop_72313012,Сдатъчен механик,72313012,occupation,skilled,secondary,2,2025-01-01,true,bg_ncop_7231
bg_ncop_72313013,Тахографик и термографик,72313013,occupation,skilled,secondary,2,2025-01-01,true,bg_ncop_7231
bg_ncop_72313014,Изпитател на  въоръжение военни техники и имущества,72313014,occupation,skilled,secondary,2,2025-01-01,true,bg_ncop_7231
bg_ncop_72311015,Работник поправка на джанти и гуми,72311015,occupation,skilled,secondary,2,2025-01-01,true,bg_ncop_7231
bg_ncop_72312016,Работник строителство ремонт и поддържане на ПЖПС съоръжения и контейнери,72312016,occupation,skilled,secondary,2,2025-01-01,true,bg_ncop_7231
bg_ncop_72322001,Монтьор самолетни двигатели,72322001,occupation,skilled,secondary,2,2025-01-01,true,bg_ncop_7232
bg_ncop_72322002,Монтьор сглобяване на самолети,72322002,occupation,skilled,secondary,2,2025-01-01,true,bg_ncop_7232
bg_ncop_72322003,Работник ремонт на самолетни двигатели,72322003,occupation,skilled,secondary,2,2025-01-01,true,bg_ncop_7232
bg_ncop_72323004,Монтажник самолетни конструкции,72323004,occupation,skilled,secondary,2,2025-01-01,true,bg_ncop_7232
bg_ncop_72332001,Експериментатор модели-корабни и плавателни съдове,72332001,occupation,skilled,secondary,2,2025-01-01,true,bg_ncop_7233
bg_ncop_72332002,Изпитател хидравлично налягане,72332002,occupation,skilled,secondary,2,2025-01-01,true,bg_ncop_7233
bg_ncop_72332003,Котлочистач,72332003,occupation,skilled,secondary,2,2025-01-01,true,bg_ncop_7233
bg_ncop_72332004,Котляр ремонт на енергийни агрегати и съоръжения,72332004,occupation,skilled,secondary,2,2025-01-01,true,bg_ncop_7233
bg_ncop_72332005,Механик горскостопански машини,72332005,occupation,skilled,secondary,2,2025-01-01,true,bg_ncop_7233
bg_ncop_72332006,Механик земеделски машини,72332006,occupation,skilled,secondary,2,2025-01-01,true,bg_ncop_7233
bg_ncop_72332007,Механик машинни инструменти,72332007,occupation,skilled,secondary,2,2025-01-01,true,bg_ncop_7233
bg_ncop_72332008,Механик минни машини,72332008,occupation,skilled,secondary,2,2025-01-01,true,bg_ncop_7233
bg_ncop_72332009,Механик промишлено оборудване,72332009,occupation,skilled,secondary,2,2025-01-01,true,bg_ncop_7233
bg_ncop_72332010,Механошлосер,72332010,occupation,skilled,secondary,2,2025-01-01,true,bg_ncop_7233
bg_ncop_72332011,Монтажник инсталиране на промишлено оборудване,72332011,occupation,skilled,secondary,2,2025-01-01,true,bg_ncop_7233
bg_ncop_72332012,Монтьор верижни и колесни машини,72332012,occupation,skilled,secondary,2,2025-01-01,true,bg_ncop_7233
bg_ncop_72332013,Монтьор гориво-транспортно оборудване в електроцентрала,72332013,occupation,skilled,secondary,2,2025-01-01,true,bg_ncop_7233
bg_ncop_72332014,Монтьор дървообработващи машини,72332014,occupation,skilled,secondary,2,2025-01-01,true,bg_ncop_7233
bg_ncop_72332015,Монтьор земеделски машини,72332015,occupation,skilled,secondary,2,2025-01-01,true,bg_ncop_7233
bg_ncop_72332016,Монтьор земекопни машини,72332016,occupation,skilled,secondary,2,2025-01-01,true,bg_ncop_7233
bg_ncop_72332017,Монтьор канцеларско (офис) оборудване,72332017,occupation,skilled,secondary,2,2025-01-01,true,bg_ncop_7233
bg_ncop_72332018,Монтьор корабни двигатели,72332018,occupation,skilled,secondary,2,2025-01-01,true,bg_ncop_7233
bg_ncop_72332019,Монтьор корабно оборудване,72332019,occupation,skilled,secondary,2,2025-01-01,true,bg_ncop_7233
bg_ncop_72332020,Монтьор котелно оборудване,72332020,occupation,skilled,secondary,2,2025-01-01,true,bg_ncop_7233
bg_ncop_72332021,Монтьор машинни инструменти,72332021,occupation,skilled,secondary,2,2025-01-01,true,bg_ncop_7233
bg_ncop_72332022,Монтьор металообработващи машини,72332022,occupation,skilled,secondary,2,2025-01-01,true,bg_ncop_7233
bg_ncop_72332023,Монтьор минни съоръжения,72332023,occupation,skilled,secondary,2,2025-01-01,true,bg_ncop_7233
bg_ncop_72332024,Монтьор парни двигатели,72332024,occupation,skilled,secondary,2,2025-01-01,true,bg_ncop_7233
bg_ncop_72332025,Монтьор печатарско оборудване,72332025,occupation,skilled,secondary,2,2025-01-01,true,bg_ncop_7233
bg_ncop_72332026,Монтьор промишлено оборудване,72332026,occupation,skilled,secondary,2,2025-01-01,true,bg_ncop_7233
bg_ncop_72332027,Монтьор текстилно оборудване,72332027,occupation,skilled,secondary,2,2025-01-01,true,bg_ncop_7233
bg_ncop_72332028,Монтьор турбини турбинно оборудване,72332028,occupation,skilled,secondary,2,2025-01-01,true,bg_ncop_7233
bg_ncop_72332029,Монтьор хидроенергийно оборудване,72332029,occupation,skilled,secondary,2,2025-01-01,true,bg_ncop_7233
bg_ncop_72332030,Монтьор поддръжка на инсталации и оборудване,72332030,occupation,skilled,secondary,2,2025-01-01,true,bg_ncop_7233
bg_ncop_72332031,Монтьор ремонт на машини и оборудване,72332031,occupation,skilled,secondary,2,2025-01-01,true,bg_ncop_7233
bg_ncop_72332032,Шлосер-монтьор,72332032,occupation,skilled,secondary,2,2025-01-01,true,bg_ncop_7233
bg_ncop_72332033,Моторист-изпитател корабни силови уредби,72332033,occupation,skilled,secondary,2,2025-01-01,true,bg_ncop_7233
bg_ncop_72332034,Работник режимни настройки на енергийно оборудване,72332034,occupation,skilled,secondary,2,2025-01-01,true,bg_ncop_7233
bg_ncop_72341001,Работник поправка на велосипеди,72341001,occupation,skilled,secondary,2,2025-01-01,true,bg_ncop_7234
bg_ncop_72341002,Работник поправка на инвалидни колички,72341002,occupation,skilled,secondary,2,2025-01-01,true,bg_ncop_7234
bg_ncop_73112001,Балансьор скали,73112001,occupation,skilled,secondary,2,2025-01-01,true,bg_ncop_7311
bg_ncop_73112002,Градуировач точни инструменти,73112002,occupation,skilled,secondary,2,2025-01-01,true,bg_ncop_7311
bg_ncop_73112003,Механик фина механика,73112003,occupation,skilled,secondary,2,2025-01-01,true,bg_ncop_7311
bg_ncop_73112004,Настройчик часовници,73112004,occupation,skilled,secondary,2,2025-01-01,true,bg_ncop_7311
bg_ncop_73112005,Производител барометри,73112005,occupation,skilled,secondary,2,2025-01-01,true,bg_ncop_7311
bg_ncop_73112006,Производител зъботехнически инструменти,73112006,occupation,skilled,secondary,2,2025-01-01,true,bg_ncop_7311
bg_ncop_73112007,Производител метеорологични уреди,73112007,occupation,skilled,secondary,2,2025-01-01,true,bg_ncop_7311
bg_ncop_73112008,Производител научни инструменти,73112008,occupation,skilled,secondary,2,2025-01-01,true,bg_ncop_7311
bg_ncop_73112009,Производител оптически уреди,73112009,occupation,skilled,secondary,2,2025-01-01,true,bg_ncop_7311
bg_ncop_73112010,Производител точни инструменти,73112010,occupation,skilled,secondary,2,2025-01-01,true,bg_ncop_7311
bg_ncop_73112011,Производител точни уреди,73112011,occupation,skilled,secondary,2,2025-01-01,true,bg_ncop_7311
bg_ncop_73112012,Производител фотографска апаратура,73112012,occupation,skilled,secondary,2,2025-01-01,true,bg_ncop_7311
bg_ncop_73112013,Производител хирургически инструменти приспособления,73112013,occupation,skilled,secondary,2,2025-01-01,true,bg_ncop_7311
bg_ncop_73112014,Производител часовници,73112014,occupation,skilled,secondary,2,2025-01-01,true,bg_ncop_7311
bg_ncop_73112015,Работник поправка на камери,73112015,occupation,skilled,secondary,2,2025-01-01,true,bg_ncop_7311
bg_ncop_73112016,Работник ремонт на научни уреди,73112016,occupation,skilled,secondary,2,2025-01-01,true,bg_ncop_7311
bg_ncop_73112017,Работник ремонт на оптични уреди,73112017,occupation,skilled,secondary,2,2025-01-01,true,bg_ncop_7311
bg_ncop_73112018,Работник ремонт на ортопедични приспособления,73112018,occupation,skilled,secondary,2,2025-01-01,true,bg_ncop_7311
bg_ncop_73112019,Работник ремонт на стоматологични инструменти,73112019,occupation,skilled,secondary,2,2025-01-01,true,bg_ncop_7311
bg_ncop_73112020,Работник ремонт на точни уреди,73112020,occupation,skilled,secondary,2,2025-01-01,true,bg_ncop_7311
bg_ncop_73112021,Работник ремонт на фотографска апаратура,73112021,occupation,skilled,secondary,2,2025-01-01,true,bg_ncop_7311
bg_ncop_73112022,Работник ремонт на хирургични инструменти приспособления,73112022,occupation,skilled,secondary,2,2025-01-01,true,bg_ncop_7311
bg_ncop_73112023,Работник ремонт на часовници,73112023,occupation,skilled,secondary,2,2025-01-01,true,bg_ncop_7311
bg_ncop_73122001,Акордьор,73122001,occupation,skilled,secondary,2,2025-01-01,true,bg_ncop_7312
bg_ncop_73122002,Лютиер,73122002,occupation,skilled,secondary,2,2025-01-01,true,bg_ncop_7312
bg_ncop_73122003,Моделиер-конструктор музикални инструменти,73122003,occupation,skilled,secondary,2,2025-01-01,true,bg_ncop_7312
bg_ncop_73122004,Монтьор орган,73122004,occupation,skilled,secondary,2,2025-01-01,true,bg_ncop_7312
bg_ncop_73122005,Производител акордеони,73122005,occupation,skilled,secondary,2,2025-01-01,true,bg_ncop_7312
bg_ncop_73122006,Производител барабани и други ударни музикални инструменти,73122006,occupation,skilled,secondary,2,2025-01-01,true,bg_ncop_7312
bg_ncop_73122007,Производител духови музикални инструменти (без медни и дървени),73122007,occupation,skilled,secondary,2,2025-01-01,true,bg_ncop_7312
bg_ncop_73122008,Производител дървени духови музикални инструменти,73122008,occupation,skilled,secondary,2,2025-01-01,true,bg_ncop_7312
bg_ncop_73122009,Производител звукови части за пиано,73122009,occupation,skilled,secondary,2,2025-01-01,true,bg_ncop_7312
bg_ncop_73122010,Производител клавиши за пиано,73122010,occupation,skilled,secondary,2,2025-01-01,true,bg_ncop_7312
bg_ncop_73122011,Производител ксилофони,73122011,occupation,skilled,secondary,2,2025-01-01,true,bg_ncop_7312
bg_ncop_73122012,Производител медни духови музикални инструменти,73122012,occupation,skilled,secondary,2,2025-01-01,true,bg_ncop_7312
bg_ncop_73122013,Производител народни музикални инструменти,73122013,occupation,skilled,secondary,2,2025-01-01,true,bg_ncop_7312
bg_ncop_73122014,Производител орган,73122014,occupation,skilled,secondary,2,2025-01-01,true,bg_ncop_7312
bg_ncop_73122015,Производител пиана,73122015,occupation,skilled,secondary,2,2025-01-01,true,bg_ncop_7312
bg_ncop_73122016,Производител струнни музикални инструменти,73122016,occupation,skilled,secondary,2,2025-01-01,true,bg_ncop_7312
bg_ncop_73122017,Работник поправка на музикални инструменти,73122017,occupation,skilled,secondary,2,2025-01-01,true,bg_ncop_7312
bg_ncop_73122018,Работник производство на арматурни части за музикални инструменти,73122018,occupation,skilled,secondary,2,2025-01-01,true,bg_ncop_7312
bg_ncop_73122019,Тонрегулатор музикални инструменти,73122019,occupation,skilled,secondary,2,2025-01-01,true,bg_ncop_7312
bg_ncop_73131001,Леяр бижутерия,73131001,occupation,skilled,secondary,2,2025-01-01,true,bg_ncop_7313
bg_ncop_73132002,Бижутер,73132002,occupation,skilled,secondary,2,2025-01-01,true,bg_ncop_7313
bg_ncop_73132003,Валцовчик скъпоценни метали,73132003,occupation,skilled,secondary,2,2025-01-01,true,bg_ncop_7313
bg_ncop_73132004,Гравьор бижутерия,73132004,occupation,skilled,secondary,2,2025-01-01,true,bg_ncop_7313
bg_ncop_73132005,Емайлировач бижутерия,73132005,occupation,skilled,secondary,2,2025-01-01,true,bg_ncop_7313
bg_ncop_73132006,Златар,73132006,occupation,skilled,secondary,2,2025-01-01,true,bg_ncop_7313
bg_ncop_73132007,Ковач златна бижутерия,73132007,occupation,skilled,secondary,2,2025-01-01,true,bg_ncop_7313
bg_ncop_73132008,Майстор сребърни изделия,73132008,occupation,skilled,secondary,2,2025-01-01,true,bg_ncop_7313
bg_ncop_73132009,Монтьор бижутерия,73132009,occupation,skilled,secondary,2,2025-01-01,true,bg_ncop_7313
bg_ncop_73132010,Производител бижутерия,73132010,occupation,skilled,secondary,2,2025-01-01,true,bg_ncop_7313
bg_ncop_73132011,Производител пластини от скъпоценни метали,73132011,occupation,skilled,secondary,2,2025-01-01,true,bg_ncop_7313
bg_ncop_73132012,Рафиньор благородни метали,73132012,occupation,skilled,secondary,2,2025-01-01,true,bg_ncop_7313
bg_ncop_73132013,Резач скъпоценни метали,73132013,occupation,skilled,secondary,2,2025-01-01,true,bg_ncop_7313
bg_ncop_73132014,Стругар скъпоценни метали,73132014,occupation,skilled,secondary,2,2025-01-01,true,bg_ncop_7313
bg_ncop_73132015,Шлифовчик бижутерия,73132015,occupation,skilled,secondary,2,2025-01-01,true,bg_ncop_7313
bg_ncop_73132016,Шлифовчик промишлени диаманти,73132016,occupation,skilled,secondary,2,2025-01-01,true,bg_ncop_7313
bg_ncop_73132017,Шлифовчик скъпоценни камъни,73132017,occupation,skilled,secondary,2,2025-01-01,true,bg_ncop_7313
bg_ncop_73132018,Работник изработка на керамични стъклени ахатни камъни,73132018,occupation,skilled,secondary,2,2025-01-01,true,bg_ncop_7313
bg_ncop_73132019,Работник монтиране на камъни и инкрустиране,73132019,occupation,skilled,secondary,2,2025-01-01,true,bg_ncop_7313
bg_ncop_73132020,Работник производство на платинени изделия,73132020,occupation,skilled,secondary,2,2025-01-01,true,bg_ncop_7313
bg_ncop_73132021,Работник производство на сребърни и златни изделия за медицински и технически цели,73132021,occupation,skilled,secondary,2,2025-01-01,true,bg_ncop_7313
bg_ncop_73132022,Работник производство на филигранна бижутерия,73132022,occupation,skilled,secondary,2,2025-01-01,true,bg_ncop_7313
bg_ncop_73132023,Работник художествена изработка на кована мед и сребро,73132023,occupation,skilled,secondary,2,2025-01-01,true,bg_ncop_7313
bg_ncop_73132024,Работник производство на луксозни значки медали държавни и военни отличия,73132024,occupation,skilled,secondary,2,2025-01-01,true,bg_ncop_7313
bg_ncop_73142001,Грънчар,73142001,occupation,skilled,secondary,2,2025-01-01,true,bg_ncop_7314
bg_ncop_73142002,Дозировчик абразиви,73142002,occupation,skilled,secondary,2,2025-01-01,true,bg_ncop_7314
bg_ncop_73142003,Моделиер керамични и порцеланови изделия,73142003,occupation,skilled,secondary,2,2025-01-01,true,bg_ncop_7314
bg_ncop_73142004,Настройчик керамични машини,73142004,occupation,skilled,secondary,2,2025-01-01,true,bg_ncop_7314
bg_ncop_73142005,Отливач керамични изделия,73142005,occupation,skilled,secondary,2,2025-01-01,true,bg_ncop_7314
bg_ncop_73142006,Пирометрист,73142006,occupation,skilled,secondary,2,2025-01-01,true,bg_ncop_7314
bg_ncop_73142007,Полировач керамични изделия,73142007,occupation,skilled,secondary,2,2025-01-01,true,bg_ncop_7314
bg_ncop_73142008,Производител глина порцелан и гипсови смеси,73142008,occupation,skilled,secondary,2,2025-01-01,true,bg_ncop_7314
bg_ncop_73142009,Производител керамични тръби,73142009,occupation,skilled,secondary,2,2025-01-01,true,bg_ncop_7314
bg_ncop_73142010,Формовчик абразивно колело,73142010,occupation,skilled,secondary,2,2025-01-01,true,bg_ncop_7314
bg_ncop_73142011,Формовчик керамични изделия,73142011,occupation,skilled,secondary,2,2025-01-01,true,bg_ncop_7314
bg_ncop_73142012,Армировчик порцеланови и керамични изделия,73142012,occupation,skilled,secondary,2,2025-01-01,true,bg_ncop_7314
bg_ncop_73141013,Стругар керамични изделия,73141013,occupation,skilled,secondary,2,2025-01-01,true,bg_ncop_7314
bg_ncop_73141014,Работник преса за пресоване на глина,73141014,occupation,skilled,secondary,2,2025-01-01,true,bg_ncop_7314
bg_ncop_73141015,Работник емайлиране на порцеланови и керамични изделия,73141015,occupation,skilled,secondary,2,2025-01-01,true,bg_ncop_7314
bg_ncop_73141016,Работник изпробване на керамични и порцеланови изделия,73141016,occupation,skilled,secondary,2,2025-01-01,true,bg_ncop_7314
bg_ncop_73141017,Работник оцветяване на керамични изделия чрез потапяне,73141017,occupation,skilled,secondary,2,2025-01-01,true,bg_ncop_7314
bg_ncop_73142018,Работник преса за керамични и порцеланови изделия,73142018,occupation,skilled,secondary,2,2025-01-01,true,bg_ncop_7314
bg_ncop_73151001,Работник допълнителна обработка на стъкло,73151001,occupation,skilled,secondary,2,2025-01-01,true,bg_ncop_7315
bg_ncop_73151002,Работник изработка на стъклошайби,73151002,occupation,skilled,secondary,2,2025-01-01,true,bg_ncop_7315
bg_ncop_73151003,Работник огъване извиване на стъкло,73151003,occupation,skilled,secondary,2,2025-01-01,true,bg_ncop_7315
bg_ncop_73151004,Работник пробиване на стъкло,73151004,occupation,skilled,secondary,2,2025-01-01,true,bg_ncop_7315
bg_ncop_73151005,Раздробвач ивици от стъкло,73151005,occupation,skilled,secondary,2,2025-01-01,true,bg_ncop_7315
bg_ncop_73151006,Резач на оптично стъкло,73151006,occupation,skilled,secondary,2,2025-01-01,true,bg_ncop_7315
bg_ncop_73151007,Резач-очуквач стъкло,73151007,occupation,skilled,secondary,2,2025-01-01,true,bg_ncop_7315
bg_ncop_73151008,Събирач стъкло,73151008,occupation,skilled,secondary,2,2025-01-01,true,bg_ncop_7315
bg_ncop_73151009,Темперист закалител на стъкло,73151009,occupation,skilled,secondary,2,2025-01-01,true,bg_ncop_7315
bg_ncop_73151010,Топитьор,73151010,occupation,skilled,secondary,2,2025-01-01,true,bg_ncop_7315
bg_ncop_73152011,Духач стъкло,73152011,occupation,skilled,secondary,2,2025-01-01,true,bg_ncop_7315
bg_ncop_73152012,Закалител стъкло,73152012,occupation,skilled,secondary,2,2025-01-01,true,bg_ncop_7315
bg_ncop_73152013,Корабен формовчик стъклопластови конструкции,73152013,occupation,skilled,secondary,2,2025-01-01,true,bg_ncop_7315
bg_ncop_73152014,Крояч резач на плоско стъкло,73152014,occupation,skilled,secondary,2,2025-01-01,true,bg_ncop_7315
bg_ncop_73152015,Майстор плоско стъкло,73152015,occupation,skilled,secondary,2,2025-01-01,true,bg_ncop_7315
bg_ncop_73152016,Материалчик (заготовчик) стъклопроизводството,73152016,occupation,skilled,secondary,2,2025-01-01,true,bg_ncop_7315
bg_ncop_73152017,Наливач стъкло (отливач),73152017,occupation,skilled,secondary,2,2025-01-01,true,bg_ncop_7315
bg_ncop_73152018,Настройчик формоващи апарати,73152018,occupation,skilled,secondary,2,2025-01-01,true,bg_ncop_7315
bg_ncop_73152019,Обгорвач стъкло,73152019,occupation,skilled,secondary,2,2025-01-01,true,bg_ncop_7315
bg_ncop_73152020,Пирометрист стъкло,73152020,occupation,skilled,secondary,2,2025-01-01,true,bg_ncop_7315
bg_ncop_73152021,Полировач стъкло,73152021,occupation,skilled,secondary,2,2025-01-01,true,bg_ncop_7315
bg_ncop_73152022,Помощник-майстор плоско стъкло,73152022,occupation,skilled,secondary,2,2025-01-01,true,bg_ncop_7315
bg_ncop_73152023,Помощник-топитьор,73152023,occupation,skilled,secondary,2,2025-01-01,true,bg_ncop_7315
bg_ncop_73152024,Пълнач изолационно въже,73152024,occupation,skilled,secondary,2,2025-01-01,true,bg_ncop_7315
bg_ncop_73152025,Формовчик стъклени изделия,73152025,occupation,skilled,secondary,2,2025-01-01,true,bg_ncop_7315
bg_ncop_73152026,Фускаджия,73152026,occupation,skilled,secondary,2,2025-01-01,true,bg_ncop_7315
bg_ncop_73152027,Циментатор стъклени изделия,73152027,occupation,skilled,secondary,2,2025-01-01,true,bg_ncop_7315
bg_ncop_73152028,Шлифовчик стъкло,73152028,occupation,skilled,secondary,2,2025-01-01,true,bg_ncop_7315
bg_ncop_73162001,Гравьор стъкло,73162001,occupation,skilled,secondary,2,2025-01-01,true,bg_ncop_7316
bg_ncop_73162002,Работник обработка на стъкло,73162002,occupation,skilled,secondary,2,2025-01-01,true,bg_ncop_7316
bg_ncop_73162003,Офортист стъкло,73162003,occupation,skilled,secondary,2,2025-01-01,true,bg_ncop_7316
bg_ncop_73162004,Производител гравирано стъкло,73162004,occupation,skilled,secondary,2,2025-01-01,true,bg_ncop_7316
bg_ncop_73162005,Резач стъкло,73162005,occupation,skilled,secondary,2,2025-01-01,true,bg_ncop_7316
bg_ncop_73162006,Глазировач ел.порцеланови изделия,73162006,occupation,skilled,secondary,2,2025-01-01,true,bg_ncop_7316
bg_ncop_73162007,Глазировач електронни елементи,73162007,occupation,skilled,secondary,2,2025-01-01,true,bg_ncop_7316
bg_ncop_73162008,Глазировач керамични изделия,73162008,occupation,skilled,secondary,2,2025-01-01,true,bg_ncop_7316
bg_ncop_73162009,Глазировач метални елементи,73162009,occupation,skilled,secondary,2,2025-01-01,true,bg_ncop_7316
bg_ncop_73162010,Глазировач стъкло,73162010,occupation,skilled,secondary,2,2025-01-01,true,bg_ncop_7316
bg_ncop_73162011,Гравьор,73162011,occupation,skilled,secondary,2,2025-01-01,true,bg_ncop_7316
bg_ncop_73162012,Декоратор грънчарски керамични изделия,73162012,occupation,skilled,secondary,2,2025-01-01,true,bg_ncop_7316
bg_ncop_73162013,Декоратор ретушьор на керамични изделия,73162013,occupation,skilled,secondary,2,2025-01-01,true,bg_ncop_7316
bg_ncop_73162014,Декоратор ретушьор на стъклени изделия,73162014,occupation,skilled,secondary,2,2025-01-01,true,bg_ncop_7316
bg_ncop_73162015,Колорист стъкло и керамика,73162015,occupation,skilled,secondary,2,2025-01-01,true,bg_ncop_7316
bg_ncop_73162016,Копист стъкло и керамика,73162016,occupation,skilled,secondary,2,2025-01-01,true,bg_ncop_7316
bg_ncop_73162017,Матировач стъкло,73162017,occupation,skilled,secondary,2,2025-01-01,true,bg_ncop_7316
bg_ncop_73162018,Надписвач,73162018,occupation,skilled,secondary,2,2025-01-01,true,bg_ncop_7316
bg_ncop_73162019,Печатар върху керамика,73162019,occupation,skilled,secondary,2,2025-01-01,true,bg_ncop_7316
bg_ncop_73162020,Фирмописец,73162020,occupation,skilled,secondary,2,2025-01-01,true,bg_ncop_7316
bg_ncop_73163021,Художник-оцветител разпръскване (без строителните),73163021,occupation,skilled,secondary,2,2025-01-01,true,bg_ncop_7316
bg_ncop_73163022,Художник-оцветител с четка (без строителни),73163022,occupation,skilled,secondary,2,2025-01-01,true,bg_ncop_7316
bg_ncop_73163023,Художник-декоратор,73163023,occupation,skilled,secondary,2,2025-01-01,true,bg_ncop_7316
bg_ncop_73162024,Амалгамчик стъкло,73162024,occupation,skilled,secondary,2,2025-01-01,true,bg_ncop_7316
bg_ncop_73171001,Плетач изделия от ракита ратан слама въже,73171001,occupation,skilled,secondary,2,2025-01-01,true,bg_ncop_7317
bg_ncop_73171002,Кошничар,73171002,occupation,skilled,secondary,2,2025-01-01,true,bg_ncop_7317
bg_ncop_73171003,Производител калъпи за обувки от лико,73171003,occupation,skilled,secondary,2,2025-01-01,true,bg_ncop_7317
bg_ncop_73171004,Производител метли,73171004,occupation,skilled,secondary,2,2025-01-01,true,bg_ncop_7317
bg_ncop_73171005,Производител плетени мебели,73171005,occupation,skilled,secondary,2,2025-01-01,true,bg_ncop_7317
bg_ncop_73171006,Производител сувенири,73171006,occupation,skilled,secondary,2,2025-01-01,true,bg_ncop_7317
bg_ncop_73171007,Производител четки,73171007,occupation,skilled,secondary,2,2025-01-01,true,bg_ncop_7317
bg_ncop_73171008,Работник ръчна изработка на изделия от дърво,73171008,occupation,skilled,secondary,2,2025-01-01,true,bg_ncop_7317
bg_ncop_73171009,Работник ръчна изработка на изделия от слама тръстика,73171009,occupation,skilled,secondary,2,2025-01-01,true,bg_ncop_7317
bg_ncop_73181001,Работник производство на пана и текстилна декорация,73181001,occupation,skilled,secondary,2,2025-01-01,true,bg_ncop_7318
bg_ncop_73181002,Работник ръчна изработка на гоблени,73181002,occupation,skilled,secondary,2,2025-01-01,true,bg_ncop_7318
bg_ncop_73181003,Работник ръчна изработка на етнографски и фолклорни изделия,73181003,occupation,skilled,secondary,2,2025-01-01,true,bg_ncop_7318
bg_ncop_73181004,Работник ръчна изработка на килими,73181004,occupation,skilled,secondary,2,2025-01-01,true,bg_ncop_7318
bg_ncop_73181005,Работник ръчна изработка на кожени изделия и аксесоари,73181005,occupation,skilled,secondary,2,2025-01-01,true,bg_ncop_7318
bg_ncop_73181006,Работник ръчна изработка на облекла,73181006,occupation,skilled,secondary,2,2025-01-01,true,bg_ncop_7318
bg_ncop_73181007,Работник ръчна изработка на плетени облекла,73181007,occupation,skilled,secondary,2,2025-01-01,true,bg_ncop_7318
bg_ncop_73181008,Работник ръчна изработка на текстилни изделия,73181008,occupation,skilled,secondary,2,2025-01-01,true,bg_ncop_7318
bg_ncop_73181009,Работник десенатор на влакна текстил,73181009,occupation,skilled,secondary,2,2025-01-01,true,bg_ncop_7318
bg_ncop_73181010,Работник избелване на влакна текстил,73181010,occupation,skilled,secondary,2,2025-01-01,true,bg_ncop_7318
bg_ncop_73181011,Работник кардиране,73181011,occupation,skilled,secondary,2,2025-01-01,true,bg_ncop_7318
bg_ncop_73181012,Работник очистване на влакна текстил,73181012,occupation,skilled,secondary,2,2025-01-01,true,bg_ncop_7318
bg_ncop_73181013,Работник първична преработка на ликови стъбла,73181013,occupation,skilled,secondary,2,2025-01-01,true,bg_ncop_7318
bg_ncop_73181014,Работник първична преработка на памук,73181014,occupation,skilled,secondary,2,2025-01-01,true,bg_ncop_7318
bg_ncop_73181015,Работник развлачване на влакна текстил,73181015,occupation,skilled,secondary,2,2025-01-01,true,bg_ncop_7318
bg_ncop_73181016,Работник съставяне на смесите при боядисване на влакна текстил,73181016,occupation,skilled,secondary,2,2025-01-01,true,bg_ncop_7318
bg_ncop_73181017,Работник сортировач,73181017,occupation,skilled,secondary,2,2025-01-01,true,bg_ncop_7318
bg_ncop_73182018,Работник изработване на гоблени,73182018,occupation,skilled,secondary,2,2025-01-01,true,bg_ncop_7318
bg_ncop_73181019,Апретурист влакна текстил,73181019,occupation,skilled,secondary,2,2025-01-01,true,bg_ncop_7318
bg_ncop_73181020,Вдевач,73181020,occupation,skilled,secondary,2,2025-01-01,true,bg_ncop_7318
bg_ncop_73181021,Въжар,73181021,occupation,skilled,secondary,2,2025-01-01,true,bg_ncop_7318
bg_ncop_73181022,Гладач,73181022,occupation,skilled,secondary,2,2025-01-01,true,bg_ncop_7318
bg_ncop_73181023,Завивач влакна текстил,73181023,occupation,skilled,secondary,2,2025-01-01,true,bg_ncop_7318
bg_ncop_73181024,Предач,73181024,occupation,skilled,secondary,2,2025-01-01,true,bg_ncop_7318
bg_ncop_73181025,Пренавивач,73181025,occupation,skilled,secondary,2,2025-01-01,true,bg_ncop_7318
bg_ncop_73181026,Смесител на влакна,73181026,occupation,skilled,secondary,2,2025-01-01,true,bg_ncop_7318
bg_ncop_73182027,Плетач на една кука,73182027,occupation,skilled,secondary,2,2025-01-01,true,bg_ncop_7318
bg_ncop_73191001,Работник преработка на восъчна суровини,73191001,occupation,skilled,secondary,2,2025-01-01,true,bg_ncop_7319
bg_ncop_73191002,Работник производство на кутии за музикални инструменти,73191002,occupation,skilled,secondary,2,2025-01-01,true,bg_ncop_7319
bg_ncop_73191003,Работник ръчна изработка на модели вкл. корабомоделист,73191003,occupation,skilled,secondary,2,2025-01-01,true,bg_ncop_7319
bg_ncop_73191004,Работник ръчна изработка на свещи,73191004,occupation,skilled,secondary,2,2025-01-01,true,bg_ncop_7319
bg_ncop_73191005,Работник ръчна изработка на хартиени изделия,73191005,occupation,skilled,secondary,2,2025-01-01,true,bg_ncop_7319
bg_ncop_73191006,Работник ръчна изработка на изделия от камък,73191006,occupation,skilled,secondary,2,2025-01-01,true,bg_ncop_7319
bg_ncop_73191007,Формовчик восъчни основи (пчелни пити),73191007,occupation,skilled,secondary,2,2025-01-01,true,bg_ncop_7319
bg_ncop_73212001,Въвеждащ печатарска преса,73212001,occupation,skilled,secondary,2,2025-01-01,true,bg_ncop_7321
bg_ncop_73212002,Вътрешен коректор,73212002,occupation,skilled,secondary,2,2025-01-01,true,bg_ncop_7321
bg_ncop_73212003,Оператор текстообработваща машина,73212003,occupation,skilled,secondary,2,2025-01-01,true,bg_ncop_7321
bg_ncop_73212004,Словослагател,73212004,occupation,skilled,secondary,2,2025-01-01,true,bg_ncop_7321
bg_ncop_73211005,Леяр отливки-електротипер,73211005,occupation,skilled,secondary,2,2025-01-01,true,bg_ncop_7321
bg_ncop_73211006,Леяр отливки-стереотипер,73211006,occupation,skilled,secondary,2,2025-01-01,true,bg_ncop_7321
bg_ncop_73212007,Електротипер,73212007,occupation,skilled,secondary,2,2025-01-01,true,bg_ncop_7321
bg_ncop_73212008,Моделиер печатни форми за ситов печат,73212008,occupation,skilled,secondary,2,2025-01-01,true,bg_ncop_7321
bg_ncop_73212009,Стереотипер,73212009,occupation,skilled,secondary,2,2025-01-01,true,bg_ncop_7321
bg_ncop_73212010,Формовчик електротипер,73212010,occupation,skilled,secondary,2,2025-01-01,true,bg_ncop_7321
bg_ncop_73212011,Формовчик стереотипер,73212011,occupation,skilled,secondary,2,2025-01-01,true,bg_ncop_7321
bg_ncop_73212012,Бояджия печатни плаки за фотогравюри,73212012,occupation,skilled,secondary,2,2025-01-01,true,bg_ncop_7321
bg_ncop_73212013,Гилюшьор,73212013,occupation,skilled,secondary,2,2025-01-01,true,bg_ncop_7321
bg_ncop_73212014,Гравьор-печатар,73212014,occupation,skilled,secondary,2,2025-01-01,true,bg_ncop_7321
bg_ncop_73212015,Дооформител печатни плаки за фотогравюри,73212015,occupation,skilled,secondary,2,2025-01-01,true,bg_ncop_7321
bg_ncop_73212016,Ецер,73212016,occupation,skilled,secondary,2,2025-01-01,true,bg_ncop_7321
bg_ncop_73212017,Изпитател изпробвач на фотогравюри,73212017,occupation,skilled,secondary,2,2025-01-01,true,bg_ncop_7321
bg_ncop_73212018,Копировач,73212018,occupation,skilled,secondary,2,2025-01-01,true,bg_ncop_7321
bg_ncop_73212019,Копист,73212019,occupation,skilled,secondary,2,2025-01-01,true,bg_ncop_7321
bg_ncop_73212020,Коригировач фотогравюри,73212020,occupation,skilled,secondary,2,2025-01-01,true,bg_ncop_7321
bg_ncop_73212021,Монтьор фотогравюри,73212021,occupation,skilled,secondary,2,2025-01-01,true,bg_ncop_7321
bg_ncop_73212022,Оператор фотогравюри,73212022,occupation,skilled,secondary,2,2025-01-01,true,bg_ncop_7321
bg_ncop_73212023,Офортист-печатар,73212023,occupation,skilled,secondary,2,2025-01-01,true,bg_ncop_7321
bg_ncop_73212024,Печатар мантограф,73212024,occupation,skilled,secondary,2,2025-01-01,true,bg_ncop_7321
bg_ncop_73212025,Производител фотогравюри върху печатна плака,73212025,occupation,skilled,secondary,2,2025-01-01,true,bg_ncop_7321
bg_ncop_73212026,Производител циклостилни шаблони върху печатна плака,73212026,occupation,skilled,secondary,2,2025-01-01,true,bg_ncop_7321
bg_ncop_73212027,Размножител ксерокс и офсетна печатарска машина,73212027,occupation,skilled,secondary,2,2025-01-01,true,bg_ncop_7321
bg_ncop_73212028,Репродукционен фотограф за фотоформи,73212028,occupation,skilled,secondary,2,2025-01-01,true,bg_ncop_7321
bg_ncop_73212029,Ретушьор,73212029,occupation,skilled,secondary,2,2025-01-01,true,bg_ncop_7321
bg_ncop_73212030,Сосретушьор,73212030,occupation,skilled,secondary,2,2025-01-01,true,bg_ncop_7321
bg_ncop_73212031,Фотогравьор,73212031,occupation,skilled,secondary,2,2025-01-01,true,bg_ncop_7321
bg_ncop_73212032,Фотограф фотогравюри,73212032,occupation,skilled,secondary,2,2025-01-01,true,bg_ncop_7321
bg_ncop_73212033,Фоторетушьор,73212033,occupation,skilled,secondary,2,2025-01-01,true,bg_ncop_7321
bg_ncop_73212034,Фотоцинкограф,73212034,occupation,skilled,secondary,2,2025-01-01,true,bg_ncop_7321
bg_ncop_73212035,Фрезист-монтажист клишета,73212035,occupation,skilled,secondary,2,2025-01-01,true,bg_ncop_7321
bg_ncop_73212036,Хромолитограф,73212036,occupation,skilled,secondary,2,2025-01-01,true,bg_ncop_7321
bg_ncop_73212037,Щанцьор изработка на шанцформи,73212037,occupation,skilled,secondary,2,2025-01-01,true,bg_ncop_7321
bg_ncop_73213038,Оператор компютърна предпечатна подготовка,73213038,occupation,skilled,secondary,2,2025-01-01,true,bg_ncop_7321
bg_ncop_73222001,Клавиатурист релефноноборна машина,73222001,occupation,skilled,secondary,2,2025-01-01,true,bg_ncop_7322
bg_ncop_73222002,Корнировач,73222002,occupation,skilled,secondary,2,2025-01-01,true,bg_ncop_7322
bg_ncop_73222003,Макетист,73222003,occupation,skilled,secondary,2,2025-01-01,true,bg_ncop_7322
bg_ncop_73222004,Метранпаж,73222004,occupation,skilled,secondary,2,2025-01-01,true,bg_ncop_7322
bg_ncop_73222005,Монотипер,73222005,occupation,skilled,secondary,2,2025-01-01,true,bg_ncop_7322
bg_ncop_73222006,Монтажник,73222006,occupation,skilled,secondary,2,2025-01-01,true,bg_ncop_7322
bg_ncop_73222007,Наборчик,73222007,occupation,skilled,secondary,2,2025-01-01,true,bg_ncop_7322
bg_ncop_73222008,Производител плака с изпъкнал шрифт,73222008,occupation,skilled,secondary,2,2025-01-01,true,bg_ncop_7322
bg_ncop_73222009,Събирач,73222009,occupation,skilled,secondary,2,2025-01-01,true,bg_ncop_7322
bg_ncop_73222010,Технически ревизор одобряващ за печат,73222010,occupation,skilled,secondary,2,2025-01-01,true,bg_ncop_7322
bg_ncop_73222011,Типографер (книгопечатар оформител),73222011,occupation,skilled,secondary,2,2025-01-01,true,bg_ncop_7322
bg_ncop_73222012,Фотонаборчик,73222012,occupation,skilled,secondary,2,2025-01-01,true,bg_ncop_7322
bg_ncop_73222013,Изготвител модели шаблони за отпечатване чрез копринен екран,73222013,occupation,skilled,secondary,2,2025-01-01,true,bg_ncop_7322
bg_ncop_73222014,Печатар,73222014,occupation,skilled,secondary,2,2025-01-01,true,bg_ncop_7322
bg_ncop_73222015,Печатар блок машина (блок-принтер),73222015,occupation,skilled,secondary,2,2025-01-01,true,bg_ncop_7322
bg_ncop_73222016,Печатар марки,73222016,occupation,skilled,secondary,2,2025-01-01,true,bg_ncop_7322
bg_ncop_73222017,Печатар текстил (щампьор),73222017,occupation,skilled,secondary,2,2025-01-01,true,bg_ncop_7322
bg_ncop_73222018,Резач шаблони за отпечатване чрез копринен екран,73222018,occupation,skilled,secondary,2,2025-01-01,true,bg_ncop_7322
bg_ncop_73222019,Хелиографист изработване на шаблони,73222019,occupation,skilled,secondary,2,2025-01-01,true,bg_ncop_7322
bg_ncop_73222020,Бронзировач,73222020,occupation,skilled,secondary,2,2025-01-01,true,bg_ncop_7322
bg_ncop_73222021,Машинен оператор изработване на радиоскали,73222021,occupation,skilled,secondary,2,2025-01-01,true,bg_ncop_7322
bg_ncop_73222022,Машинен оператор изработване на хомографски изделия,73222022,occupation,skilled,secondary,2,2025-01-01,true,bg_ncop_7322
bg_ncop_73222023,Машинен оператор леене на печатарски шрифт,73222023,occupation,skilled,secondary,2,2025-01-01,true,bg_ncop_7322
bg_ncop_73222024,Машинен оператор печатарство,73222024,occupation,skilled,secondary,2,2025-01-01,true,bg_ncop_7322
bg_ncop_73222025,Машинен оператор фото-набор,73222025,occupation,skilled,secondary,2,2025-01-01,true,bg_ncop_7322
bg_ncop_73222026,Машинен оператор щамповане на текстил,73222026,occupation,skilled,secondary,2,2025-01-01,true,bg_ncop_7322
bg_ncop_73222027,Оператор преса за печатане,73222027,occupation,skilled,secondary,2,2025-01-01,true,bg_ncop_7322
bg_ncop_73222028,Оператор ръчна преса,73222028,occupation,skilled,secondary,2,2025-01-01,true,bg_ncop_7322
bg_ncop_73222029,Оператор зареждач на роли,73222029,occupation,skilled,secondary,2,2025-01-01,true,bg_ncop_7322
bg_ncop_73222030,Оператор машина за отливки,73222030,occupation,skilled,secondary,2,2025-01-01,true,bg_ncop_7322
bg_ncop_73222031,Оператор пулт на печатарско оборудване,73222031,occupation,skilled,secondary,2,2025-01-01,true,bg_ncop_7322
bg_ncop_73222032,Ситопечатар,73222032,occupation,skilled,secondary,2,2025-01-01,true,bg_ncop_7322
bg_ncop_73222033,Работник корекционна преса,73222033,occupation,skilled,secondary,2,2025-01-01,true,bg_ncop_7322
bg_ncop_73222034,Работник печатарска машина,73222034,occupation,skilled,secondary,2,2025-01-01,true,bg_ncop_7322
bg_ncop_73222035,Работник печатарска преса,73222035,occupation,skilled,secondary,2,2025-01-01,true,bg_ncop_7322
bg_ncop_73222036,Работник техническо редактиране,73222036,occupation,skilled,secondary,2,2025-01-01,true,bg_ncop_7322
bg_ncop_73222037,Работник изготвяне на шаблони,73222037,occupation,skilled,secondary,2,2025-01-01,true,bg_ncop_7322
bg_ncop_73222038,Работник щамповане на релефни изображения,73222038,occupation,skilled,secondary,2,2025-01-01,true,bg_ncop_7322
bg_ncop_73222039,Работник-печатар копринен екран,73222039,occupation,skilled,secondary,2,2025-01-01,true,bg_ncop_7322
bg_ncop_73222040,Работник-печатар нанасящ по шаблон върху копринен екран,73222040,occupation,skilled,secondary,2,2025-01-01,true,bg_ncop_7322
bg_ncop_73232001,Диктовач-коригировач Брайлова азбука,73232001,occupation,skilled,secondary,2,2025-01-01,true,bg_ncop_7323
bg_ncop_73232002,Експедитор работник по обработка на книжни блокове,73232002,occupation,skilled,secondary,2,2025-01-01,true,bg_ncop_7323
bg_ncop_73232003,Картонажист овлажняване на книжни материали,73232003,occupation,skilled,secondary,2,2025-01-01,true,bg_ncop_7323
bg_ncop_73232004,Картооформител,73232004,occupation,skilled,secondary,2,2025-01-01,true,bg_ncop_7323
bg_ncop_73232005,Книговезец,73232005,occupation,skilled,secondary,2,2025-01-01,true,bg_ncop_7323
bg_ncop_73232006,Книговезец-подвързвач (Брайлова азбука),73232006,occupation,skilled,secondary,2,2025-01-01,true,bg_ncop_7323
bg_ncop_73232007,Подвързвач книги-шивач,73232007,occupation,skilled,secondary,2,2025-01-01,true,bg_ncop_7323
bg_ncop_73232008,Работник изработване на релефни изображения,73232008,occupation,skilled,secondary,2,2025-01-01,true,bg_ncop_7323
bg_ncop_73232009,Работник крайно оформление,73232009,occupation,skilled,secondary,2,2025-01-01,true,bg_ncop_7323
bg_ncop_73232010,Работник набиране на коли,73232010,occupation,skilled,secondary,2,2025-01-01,true,bg_ncop_7323
bg_ncop_73232011,Работник обработка върху мраморна хартия,73232011,occupation,skilled,secondary,2,2025-01-01,true,bg_ncop_7323
bg_ncop_73232012,Работник позлатяване на полетата,73232012,occupation,skilled,secondary,2,2025-01-01,true,bg_ncop_7323
bg_ncop_73232013,Машинен оператор зареждане събиране на книги (картонаж),73232013,occupation,skilled,secondary,2,2025-01-01,true,bg_ncop_7323
bg_ncop_73232014,Машинен оператор изработване в релеф (книги),73232014,occupation,skilled,secondary,2,2025-01-01,true,bg_ncop_7323
bg_ncop_73232015,Машинен оператор подвързване на книги,73232015,occupation,skilled,secondary,2,2025-01-01,true,bg_ncop_7323
bg_ncop_73232016,Оператор електроерозист,73232016,occupation,skilled,secondary,2,2025-01-01,true,bg_ncop_7323
bg_ncop_74112001,Електротехник мина,74112001,occupation,skilled,secondary,2,2025-01-01,true,bg_ncop_7411
bg_ncop_74112002,Електротехник неоново осветление,74112002,occupation,skilled,secondary,2,2025-01-01,true,bg_ncop_7411
bg_ncop_74112003,Електротехник промишлено предприятие,74112003,occupation,skilled,secondary,2,2025-01-01,true,bg_ncop_7411
bg_ncop_74112004,Електротехник поддръжка на сгради,74112004,occupation,skilled,secondary,2,2025-01-01,true,bg_ncop_7411
bg_ncop_74112005,Електротехник строителен,74112005,occupation,skilled,secondary,2,2025-01-01,true,bg_ncop_7411
bg_ncop_74112006,Електротехник сценичен и студиен,74112006,occupation,skilled,secondary,2,2025-01-01,true,bg_ncop_7411
bg_ncop_74121001,Смазочник,74121001,occupation,skilled,secondary,2,2025-01-01,true,bg_ncop_7412
bg_ncop_74121002,Формовчик фолио,74121002,occupation,skilled,secondary,2,2025-01-01,true,bg_ncop_7412
bg_ncop_74122003,Балансьор ротори,74122003,occupation,skilled,secondary,2,2025-01-01,true,bg_ncop_7412
bg_ncop_74122004,Бандажьор бобини секции и ротори на електрически машини,74122004,occupation,skilled,secondary,2,2025-01-01,true,bg_ncop_7412
bg_ncop_74122005,Бобиньор електрически машини,74122005,occupation,skilled,secondary,2,2025-01-01,true,bg_ncop_7412
bg_ncop_74122006,Динамомеханик,74122006,occupation,skilled,secondary,2,2025-01-01,true,bg_ncop_7412
bg_ncop_74122007,Електромеханик,74122007,occupation,skilled,secondary,2,2025-01-01,true,bg_ncop_7412
bg_ncop_74122008,Електромеханошлосер,74122008,occupation,skilled,secondary,2,2025-01-01,true,bg_ncop_7412
bg_ncop_74122009,Електромонтьор,74122009,occupation,skilled,secondary,2,2025-01-01,true,bg_ncop_7412
bg_ncop_74122010,Електрошлосер,74122010,occupation,skilled,secondary,2,2025-01-01,true,bg_ncop_7412
bg_ncop_74122011,Мехатроник,74122011,occupation,skilled,secondary,2,2025-01-01,true,bg_ncop_7412
bg_ncop_74122012,Монтьор електрооборудване,74122012,occupation,skilled,secondary,2,2025-01-01,true,bg_ncop_7412
bg_ncop_74121013,Работник набиране на магнитопроводи,74121013,occupation,skilled,secondary,2,2025-01-01,true,bg_ncop_7412
bg_ncop_74121014,Работник научна апаратура,74121014,occupation,skilled,secondary,2,2025-01-01,true,bg_ncop_7412
bg_ncop_74121015,Работник обработка на неонови тръби,74121015,occupation,skilled,secondary,2,2025-01-01,true,bg_ncop_7412
bg_ncop_74121016,Работник обслужване и ремонт на електроапаратура,74121016,occupation,skilled,secondary,2,2025-01-01,true,bg_ncop_7412
bg_ncop_74121017,Работник приготвяне на детайли и възли за кондензатори,74121017,occupation,skilled,secondary,2,2025-01-01,true,bg_ncop_7412
bg_ncop_74121018,Работник производство на колектори,74121018,occupation,skilled,secondary,2,2025-01-01,true,bg_ncop_7412
bg_ncop_74121019,Работник производство на слаботокови предпазители,74121019,occupation,skilled,secondary,2,2025-01-01,true,bg_ncop_7412
bg_ncop_74122020,Монтьор на енергийни източници и зарядни устройства за електрически превозни,74122020,occupation,skilled,secondary,2,2025-01-01,true,bg_ncop_7412
bg_ncop_74122021,Монтьор на управляващи и контролни системи за електрически превозни,74122021,occupation,skilled,secondary,2,2025-01-01,true,bg_ncop_7412
bg_ncop_74122022,Монтьор на електро-механични и задвижващи системи за електрически превозни,74122022,occupation,skilled,secondary,2,2025-01-01,true,bg_ncop_7412
bg_ncop_74132001,Електромонтьор изграждане поддържане ремонт на електропроводни линии и мрежи,74132001,occupation,skilled,secondary,2,2025-01-01,true,bg_ncop_7413
bg_ncop_74132002,Електромонтьор полагане и сваряване подземни кабели,74132002,occupation,skilled,secondary,2,2025-01-01,true,bg_ncop_7413
bg_ncop_74132003,Електромонтьор подстанции,74132003,occupation,skilled,secondary,2,2025-01-01,true,bg_ncop_7413
bg_ncop_74132004,Електромонтьор трафопостове и възлови станции,74132004,occupation,skilled,secondary,2,2025-01-01,true,bg_ncop_7413
bg_ncop_74132005,Кабелен муфаджия,74132005,occupation,skilled,secondary,2,2025-01-01,true,bg_ncop_7413
bg_ncop_74132006,Монтьор изпитване на електросъоръжения,74132006,occupation,skilled,secondary,2,2025-01-01,true,bg_ncop_7413
bg_ncop_74132007,Монтьор релейна защита,74132007,occupation,skilled,secondary,2,2025-01-01,true,bg_ncop_7413
bg_ncop_74132008,Монтьор свързване на електромери и часовникови превключватели,74132008,occupation,skilled,secondary,2,2025-01-01,true,bg_ncop_7413
bg_ncop_74132009,Монтьор свързване на кабели,74132009,occupation,skilled,secondary,2,2025-01-01,true,bg_ncop_7413
bg_ncop_74132010,Монтьор силови електрически кабели (надземни),74132010,occupation,skilled,secondary,2,2025-01-01,true,bg_ncop_7413
bg_ncop_74132011,Монтьор силови електрически кабели (подземни),74132011,occupation,skilled,secondary,2,2025-01-01,true,bg_ncop_7413
bg_ncop_74132012,Монтьор силови електрически проводници (надземни),74132012,occupation,skilled,secondary,2,2025-01-01,true,bg_ncop_7413
bg_ncop_74132013,Монтьор транспортни електрически кабели,74132013,occupation,skilled,secondary,2,2025-01-01,true,bg_ncop_7413
bg_ncop_74132014,Монтьор транспортни електрически линии,74132014,occupation,skilled,secondary,2,2025-01-01,true,bg_ncop_7413
bg_ncop_74132015,Работник релейна защита,74132015,occupation,skilled,secondary,2,2025-01-01,true,bg_ncop_7413
bg_ncop_74132016,Релейчик,74132016,occupation,skilled,secondary,2,2025-01-01,true,bg_ncop_7413
bg_ncop_74132017,Разкройчик кабели в корабостроенето,74132017,occupation,skilled,secondary,2,2025-01-01,true,bg_ncop_7413
bg_ncop_74212001,Електромонтьор електронна апаратура,74212001,occupation,skilled,secondary,2,2025-01-01,true,bg_ncop_7421
bg_ncop_74212002,Електрончик,74212002,occupation,skilled,secondary,2,2025-01-01,true,bg_ncop_7421
bg_ncop_74212003,Изготвител корабна електроника,74212003,occupation,skilled,secondary,2,2025-01-01,true,bg_ncop_7421
bg_ncop_74212004,Монтьор електронни прототипи,74212004,occupation,skilled,secondary,2,2025-01-01,true,bg_ncop_7421
bg_ncop_74212005,Монтьор електронна метеорологична апаратура,74212005,occupation,skilled,secondary,2,2025-01-01,true,bg_ncop_7421
bg_ncop_74212006,Монтьор електронни инструменти,74212006,occupation,skilled,secondary,2,2025-01-01,true,bg_ncop_7421
bg_ncop_74212007,Монтьор електронни радари,74212007,occupation,skilled,secondary,2,2025-01-01,true,bg_ncop_7421
bg_ncop_74212008,Монтьор електронни сигнални апаратури,74212008,occupation,skilled,secondary,2,2025-01-01,true,bg_ncop_7421
bg_ncop_74212009,Монтьор електронно производствено оборудване,74212009,occupation,skilled,secondary,2,2025-01-01,true,bg_ncop_7421
bg_ncop_74212010,Монтьор микроелектроника,74212010,occupation,skilled,secondary,2,2025-01-01,true,bg_ncop_7421
bg_ncop_74212011,Механик канцеларски машини,74212011,occupation,skilled,secondary,2,2025-01-01,true,bg_ncop_7421
bg_ncop_74212012,Механик търговски машини и апаратура,74212012,occupation,skilled,secondary,2,2025-01-01,true,bg_ncop_7421
bg_ncop_74212013,Механик електроник,74212013,occupation,skilled,secondary,2,2025-01-01,true,bg_ncop_7421
bg_ncop_74212014,Механик поддържащ електронна апаратура,74212014,occupation,skilled,secondary,2,2025-01-01,true,bg_ncop_7421
bg_ncop_74212015,Монтажник медицинска електронна техника,74212015,occupation,skilled,secondary,2,2025-01-01,true,bg_ncop_7421
bg_ncop_74222001,Монтьор електронно телекомуникационно оборудване,74222001,occupation,skilled,secondary,2,2025-01-01,true,bg_ncop_7422
bg_ncop_74222002,Монтьор компютърна апаратура,74222002,occupation,skilled,secondary,2,2025-01-01,true,bg_ncop_7422
bg_ncop_74222003,Монтьор радиоапаратура,74222003,occupation,skilled,secondary,2,2025-01-01,true,bg_ncop_7422
bg_ncop_74222004,Монтьор сигнални системи,74222004,occupation,skilled,secondary,2,2025-01-01,true,bg_ncop_7422
bg_ncop_74222005,Монтьор телевизори,74222005,occupation,skilled,secondary,2,2025-01-01,true,bg_ncop_7422
bg_ncop_74222006,Монтьор апаратура за обработка на данни,74222006,occupation,skilled,secondary,2,2025-01-01,true,bg_ncop_7422
bg_ncop_74222007,Монтьор аудиовизуална апаратура,74222007,occupation,skilled,secondary,2,2025-01-01,true,bg_ncop_7422
bg_ncop_74222008,Монтьор радиотелевизионни антени,74222008,occupation,skilled,secondary,2,2025-01-01,true,bg_ncop_7422
bg_ncop_74222009,Монтьор поддържане на телефонни и телеграфни съобщения,74222009,occupation,skilled,secondary,2,2025-01-01,true,bg_ncop_7422
bg_ncop_74222010,Монтьор инсталиращ телеграф,74222010,occupation,skilled,secondary,2,2025-01-01,true,bg_ncop_7422
bg_ncop_74222011,Монтьор телеграфни кабели линии,74222011,occupation,skilled,secondary,2,2025-01-01,true,bg_ncop_7422
bg_ncop_74222012,Монтьор телефонни кабели линии,74222012,occupation,skilled,secondary,2,2025-01-01,true,bg_ncop_7422
bg_ncop_74222013,Електромонтьор мачтови радиотелевизионни антени,74222013,occupation,skilled,secondary,2,2025-01-01,true,bg_ncop_7422
bg_ncop_74222014,Корабен радиомонтьор,74222014,occupation,skilled,secondary,2,2025-01-01,true,bg_ncop_7422
bg_ncop_74222015,Механик електроник на аудиовизуална апаратура,74222015,occupation,skilled,secondary,2,2025-01-01,true,bg_ncop_7422
bg_ncop_74222016,Механик електроник на компютри,74222016,occupation,skilled,secondary,2,2025-01-01,true,bg_ncop_7422
bg_ncop_74222017,Механик електроник по ремонт на радиоприемници,74222017,occupation,skilled,secondary,2,2025-01-01,true,bg_ncop_7422
bg_ncop_74222018,Механик електроник по ремонт на телевизори,74222018,occupation,skilled,secondary,2,2025-01-01,true,bg_ncop_7422
bg_ncop_74222019,Механик поддържащ телевизионна електронна апаратура,74222019,occupation,skilled,secondary,2,2025-01-01,true,bg_ncop_7422
bg_ncop_74222020,Механик радиоелектроник,74222020,occupation,skilled,secondary,2,2025-01-01,true,bg_ncop_7422
bg_ncop_74222021,Техник хардуер,74222021,occupation,skilled,secondary,2,2025-01-01,true,bg_ncop_7422
bg_ncop_74222022,Телеграфен техник обслужване и ремонт,74222022,occupation,skilled,secondary,2,2025-01-01,true,bg_ncop_7422
bg_ncop_74222023,Телефонен техник обслужване и ремонт,74222023,occupation,skilled,secondary,2,2025-01-01,true,bg_ncop_7422
bg_ncop_74222024,Работник монтиране на радиосъоръжения,74222024,occupation,skilled,secondary,2,2025-01-01,true,bg_ncop_7422
bg_ncop_74222025,"Монтьор, охранителна техника",74222025,occupation,skilled,secondary,2,2025-01-01,true,bg_ncop_7422
bg_ncop_75111001,Работник консерватор,75111001,occupation,skilled,secondary,2,2025-01-01,true,bg_ncop_7511
bg_ncop_75111002,Работник солар,75111002,occupation,skilled,secondary,2,2025-01-01,true,bg_ncop_7511
bg_ncop_75111003,Работник цех за опушване,75111003,occupation,skilled,secondary,2,2025-01-01,true,bg_ncop_7511
bg_ncop_75111004,Работник кланица,75111004,occupation,skilled,secondary,2,2025-01-01,true,bg_ncop_7511
bg_ncop_75111005,Работник мариноване,75111005,occupation,skilled,secondary,2,2025-01-01,true,bg_ncop_7511
bg_ncop_75111006,Работник обезкостяване,75111006,occupation,skilled,secondary,2,2025-01-01,true,bg_ncop_7511
bg_ncop_75111007,Работник обработка на вътрешности,75111007,occupation,skilled,secondary,2,2025-01-01,true,bg_ncop_7511
bg_ncop_75111008,Работник одиране на кожи,75111008,occupation,skilled,secondary,2,2025-01-01,true,bg_ncop_7511
bg_ncop_75111009,Работник очистване на вътрешности,75111009,occupation,skilled,secondary,2,2025-01-01,true,bg_ncop_7511
bg_ncop_75111010,Работник почистване на месо риба птици,75111010,occupation,skilled,secondary,2,2025-01-01,true,bg_ncop_7511
bg_ncop_75111011,Работник правене на колбаси,75111011,occupation,skilled,secondary,2,2025-01-01,true,bg_ncop_7511
bg_ncop_75111012,Работник производство и съхранение на кръвен серум,75111012,occupation,skilled,secondary,2,2025-01-01,true,bg_ncop_7511
bg_ncop_75111013,Работник формоване на хранителни продукти,75111013,occupation,skilled,secondary,2,2025-01-01,true,bg_ncop_7511
bg_ncop_75111014,Работник разпоредител на междинни продукти,75111014,occupation,skilled,secondary,2,2025-01-01,true,bg_ncop_7511
bg_ncop_75111015,Разфасовач,75111015,occupation,skilled,secondary,2,2025-01-01,true,bg_ncop_7511
bg_ncop_75111016,Сернировач,75111016,occupation,skilled,secondary,2,2025-01-01,true,bg_ncop_7511
bg_ncop_75111017,Стифьор,75111017,occupation,skilled,secondary,2,2025-01-01,true,bg_ncop_7511
bg_ncop_75111018,Сулфитьор,75111018,occupation,skilled,secondary,2,2025-01-01,true,bg_ncop_7511
bg_ncop_75111019,Транжор,75111019,occupation,skilled,secondary,2,2025-01-01,true,bg_ncop_7511
bg_ncop_75111020,Футеровчик,75111020,occupation,skilled,secondary,2,2025-01-01,true,bg_ncop_7511
bg_ncop_75111021,Четинар,75111021,occupation,skilled,secondary,2,2025-01-01,true,bg_ncop_7511
bg_ncop_75112022,Категоризатор животни,75112022,occupation,skilled,secondary,2,2025-01-01,true,bg_ncop_7511
bg_ncop_75112023,Колач животни,75112023,occupation,skilled,secondary,2,2025-01-01,true,bg_ncop_7511
bg_ncop_75112024,Мелач суровини и полуфабрикати,75112024,occupation,skilled,secondary,2,2025-01-01,true,bg_ncop_7511
bg_ncop_75112025,Опушвач,75112025,occupation,skilled,secondary,2,2025-01-01,true,bg_ncop_7511
bg_ncop_75122001,Глазировач,75122001,occupation,skilled,secondary,2,2025-01-01,true,bg_ncop_7512
bg_ncop_75122002,Гланцировач,75122002,occupation,skilled,secondary,2,2025-01-01,true,bg_ncop_7512
bg_ncop_75122003,Майстор производство на хлебни изделия,75122003,occupation,skilled,secondary,2,2025-01-01,true,bg_ncop_7512
bg_ncop_75122004,Майстор производство на сладкарски изделия,75122004,occupation,skilled,secondary,2,2025-01-01,true,bg_ncop_7512
bg_ncop_75122005,Майстор производство на тестени изделия,75122005,occupation,skilled,secondary,2,2025-01-01,true,bg_ncop_7512
bg_ncop_75122006,Майстор производство на захарни изделия,75122006,occupation,skilled,secondary,2,2025-01-01,true,bg_ncop_7512
bg_ncop_75122007,Майстор производство на мая,75122007,occupation,skilled,secondary,2,2025-01-01,true,bg_ncop_7512
bg_ncop_75122008,Майстор-сладкар,75122008,occupation,skilled,secondary,2,2025-01-01,true,bg_ncop_7512
bg_ncop_75122009,Месач,75122009,occupation,skilled,secondary,2,2025-01-01,true,bg_ncop_7512
bg_ncop_75122010,Пекар,75122010,occupation,skilled,secondary,2,2025-01-01,true,bg_ncop_7512
bg_ncop_75122011,Сиропчия,75122011,occupation,skilled,secondary,2,2025-01-01,true,bg_ncop_7512
bg_ncop_75121012,Производител ръчно на хляб,75121012,occupation,skilled,secondary,2,2025-01-01,true,bg_ncop_7512
bg_ncop_75121013,Работник-валцьор захарни изделия,75121013,occupation,skilled,secondary,2,2025-01-01,true,bg_ncop_7512
bg_ncop_75121014,Работник какаопреса,75121014,occupation,skilled,secondary,2,2025-01-01,true,bg_ncop_7512
bg_ncop_75121015,Работник пещ за печене,75121015,occupation,skilled,secondary,2,2025-01-01,true,bg_ncop_7512
bg_ncop_75121016,Работник преса за еструдиране на юфка,75121016,occupation,skilled,secondary,2,2025-01-01,true,bg_ncop_7512
bg_ncop_75121017,Работник разливане на захарни изделия,75121017,occupation,skilled,secondary,2,2025-01-01,true,bg_ncop_7512
bg_ncop_75121018,Работник разрязване на захарни изделия,75121018,occupation,skilled,secondary,2,2025-01-01,true,bg_ncop_7512
bg_ncop_75121019,Работник ръчно производство на сладкарски изделия,75121019,occupation,skilled,secondary,2,2025-01-01,true,bg_ncop_7512
bg_ncop_75121020,Работник формоване на шоколад,75121020,occupation,skilled,secondary,2,2025-01-01,true,bg_ncop_7512
bg_ncop_75121021,Работник сладкарско производство,75121021,occupation,skilled,secondary,2,2025-01-01,true,bg_ncop_7512
bg_ncop_75132001,Пробовземач мляко,75132001,occupation,skilled,secondary,2,2025-01-01,true,bg_ncop_7513
bg_ncop_75132002,Производител масло,75132002,occupation,skilled,secondary,2,2025-01-01,true,bg_ncop_7513
bg_ncop_75132003,Производител млечни продукти,75132003,occupation,skilled,secondary,2,2025-01-01,true,bg_ncop_7513
bg_ncop_75132004,Работник приемане на мляко,75132004,occupation,skilled,secondary,2,2025-01-01,true,bg_ncop_7513
bg_ncop_75141001,Ферментатор,75141001,occupation,skilled,secondary,2,2025-01-01,true,bg_ncop_7514
bg_ncop_75142001,Екстрактьор,75142001,occupation,skilled,secondary,2,2025-01-01,true,bg_ncop_7514
bg_ncop_75141002,Работник дозиране в консервното производство,75141002,occupation,skilled,secondary,2,2025-01-01,true,bg_ncop_7514
bg_ncop_75142002,Майстор плодови зеленчукови сокове,75142002,occupation,skilled,secondary,2,2025-01-01,true,bg_ncop_7514
bg_ncop_75141003,Работник консервиране на плодови зеленчукови сокове,75141003,occupation,skilled,secondary,2,2025-01-01,true,bg_ncop_7514
bg_ncop_75141004,Работник консервиране на плодове зеленчуци,75141004,occupation,skilled,secondary,2,2025-01-01,true,bg_ncop_7514
bg_ncop_75141005,Работник мариноване на плодове зеленчуци,75141005,occupation,skilled,secondary,2,2025-01-01,true,bg_ncop_7514
bg_ncop_75151001,Дегустатор и окачествител на храни и напитки,75151001,occupation,skilled,secondary,2,2025-01-01,true,bg_ncop_7515
bg_ncop_75162001,Майстор пресован тютюн,75162001,occupation,skilled,secondary,2,2025-01-01,true,bg_ncop_7516
bg_ncop_75162002,Майстор пури,75162002,occupation,skilled,secondary,2,2025-01-01,true,bg_ncop_7516
bg_ncop_75162003,Майстор цигари,75162003,occupation,skilled,secondary,2,2025-01-01,true,bg_ncop_7516
bg_ncop_75162004,Оценител тютюн,75162004,occupation,skilled,secondary,2,2025-01-01,true,bg_ncop_7516
bg_ncop_75161005,Работник определяне на смеските на тютюн,75161005,occupation,skilled,secondary,2,2025-01-01,true,bg_ncop_7516
bg_ncop_75161006,Работник определяне на сортовете,75161006,occupation,skilled,secondary,2,2025-01-01,true,bg_ncop_7516
bg_ncop_75161007,Работник очистване на тютюн,75161007,occupation,skilled,secondary,2,2025-01-01,true,bg_ncop_7516
bg_ncop_75161008,Работник почистване на тютюневи листа от жилки и дръжки,75161008,occupation,skilled,secondary,2,2025-01-01,true,bg_ncop_7516
bg_ncop_75161009,Работник пресоване на пури,75161009,occupation,skilled,secondary,2,2025-01-01,true,bg_ncop_7516
bg_ncop_75161010,Работник раздробяване на тютюн,75161010,occupation,skilled,secondary,2,2025-01-01,true,bg_ncop_7516
bg_ncop_75161011,Работник разстилане на тютюн,75161011,occupation,skilled,secondary,2,2025-01-01,true,bg_ncop_7516
bg_ncop_75161012,Работник рязане на тютюневи листа,75161012,occupation,skilled,secondary,2,2025-01-01,true,bg_ncop_7516
bg_ncop_75161013,Работник свиване на пури,75161013,occupation,skilled,secondary,2,2025-01-01,true,bg_ncop_7516
bg_ncop_75161014,Работник сортиране на тютюн,75161014,occupation,skilled,secondary,2,2025-01-01,true,bg_ncop_7516
bg_ncop_75161015,Работник сушене на тютюн,75161015,occupation,skilled,secondary,2,2025-01-01,true,bg_ncop_7516
bg_ncop_75161016,Работник събиране на листа от тютюн,75161016,occupation,skilled,secondary,2,2025-01-01,true,bg_ncop_7516
bg_ncop_75161017,Работник ферментация на тютюн,75161017,occupation,skilled,secondary,2,2025-01-01,true,bg_ncop_7516
bg_ncop_75161018,Работник формоване на пури,75161018,occupation,skilled,secondary,2,2025-01-01,true,bg_ncop_7516
bg_ncop_75161019,Работник кондиционер на тютюневи листа,75161019,occupation,skilled,secondary,2,2025-01-01,true,bg_ncop_7516
bg_ncop_75161020,Работник смесител на тютюн,75161020,occupation,skilled,secondary,2,2025-01-01,true,bg_ncop_7516
bg_ncop_75161021,Разносвач изсушен тютюн,75161021,occupation,skilled,secondary,2,2025-01-01,true,bg_ncop_7516
bg_ncop_75161022,Сортировач предварителна сортировка,75161022,occupation,skilled,secondary,2,2025-01-01,true,bg_ncop_7516
bg_ncop_75161023,Сортировач финна сортировка,75161023,occupation,skilled,secondary,2,2025-01-01,true,bg_ncop_7516
bg_ncop_75211001,Бояджия изделия от дърво,75211001,occupation,skilled,secondary,2,2025-01-01,true,bg_ncop_7521
bg_ncop_75211002,Грундировач-байцвач на дърво,75211002,occupation,skilled,secondary,2,2025-01-01,true,bg_ncop_7521
bg_ncop_75211003,Парафиньор,75211003,occupation,skilled,secondary,2,2025-01-01,true,bg_ncop_7521
bg_ncop_75211004,Пирографист,75211004,occupation,skilled,secondary,2,2025-01-01,true,bg_ncop_7521
bg_ncop_75211005,Пропарчик,75211005,occupation,skilled,secondary,2,2025-01-01,true,bg_ncop_7521
bg_ncop_75211006,Работник разстилане на дърва,75211006,occupation,skilled,secondary,2,2025-01-01,true,bg_ncop_7521
bg_ncop_75211007,Работник изсушаване на дърво,75211007,occupation,skilled,secondary,2,2025-01-01,true,bg_ncop_7521
bg_ncop_75211008,Работник обработка на дърво,75211008,occupation,skilled,secondary,2,2025-01-01,true,bg_ncop_7521
bg_ncop_75211009,Работник импрегнатор на дърво,75211009,occupation,skilled,secondary,2,2025-01-01,true,bg_ncop_7521
bg_ncop_75211010,Сортировач дърво,75211010,occupation,skilled,secondary,2,2025-01-01,true,bg_ncop_7521
bg_ncop_75211011,Шелист,75211011,occupation,skilled,secondary,2,2025-01-01,true,bg_ncop_7521
bg_ncop_75221001,Дърворезбар,75221001,occupation,skilled,secondary,2,2025-01-01,true,bg_ncop_7522
bg_ncop_75221002,Дърводелец мебелист,75221002,occupation,skilled,secondary,2,2025-01-01,true,bg_ncop_7522
bg_ncop_75221003,Навивач фурнир,75221003,occupation,skilled,secondary,2,2025-01-01,true,bg_ncop_7522
bg_ncop_75221004,Подготвител фурнирни платна,75221004,occupation,skilled,secondary,2,2025-01-01,true,bg_ncop_7522
bg_ncop_75221005,Полировчик дървени мебели,75221005,occupation,skilled,secondary,2,2025-01-01,true,bg_ncop_7522
bg_ncop_75221006,Производител бъчви,75221006,occupation,skilled,secondary,2,2025-01-01,true,bg_ncop_7522
bg_ncop_75221007,Производител изделия от дърво,75221007,occupation,skilled,secondary,2,2025-01-01,true,bg_ncop_7522
bg_ncop_75221008,Производител мебели,75221008,occupation,skilled,secondary,2,2025-01-01,true,bg_ncop_7522
bg_ncop_75221009,Фурнирослепвач,75221009,occupation,skilled,secondary,2,2025-01-01,true,bg_ncop_7522
bg_ncop_75222010,Комплектовач мебелен обков,75222010,occupation,skilled,secondary,2,2025-01-01,true,bg_ncop_7522
bg_ncop_75222011,Крояч дървени модели,75222011,occupation,skilled,secondary,2,2025-01-01,true,bg_ncop_7522
bg_ncop_75222012,Майстор инкрустации,75222012,occupation,skilled,secondary,2,2025-01-01,true,bg_ncop_7522
bg_ncop_75222013,Майстор медни покрития,75222013,occupation,skilled,secondary,2,2025-01-01,true,bg_ncop_7522
bg_ncop_75222014,Майстор полиране,75222014,occupation,skilled,secondary,2,2025-01-01,true,bg_ncop_7522
bg_ncop_75222015,Майстор-гравьор дърво (дърворезбар),75222015,occupation,skilled,secondary,2,2025-01-01,true,bg_ncop_7522
bg_ncop_75222016,Моделиер нови модели изделия калибри и шаблони от дърво,75222016,occupation,skilled,secondary,2,2025-01-01,true,bg_ncop_7522
bg_ncop_75221017,Работник огъване на дървени плоскости,75221017,occupation,skilled,secondary,2,2025-01-01,true,bg_ncop_7522
bg_ncop_75221018,Работник повърхностна обработка на дърво,75221018,occupation,skilled,secondary,2,2025-01-01,true,bg_ncop_7522
bg_ncop_75221019,Работник подготовка на мебелни плочи,75221019,occupation,skilled,secondary,2,2025-01-01,true,bg_ncop_7522
bg_ncop_75221020,Работник производство на декоративни елементи от дърво,75221020,occupation,skilled,secondary,2,2025-01-01,true,bg_ncop_7522
bg_ncop_75221021,Работник производство на каруци двуколки,75221021,occupation,skilled,secondary,2,2025-01-01,true,bg_ncop_7522
bg_ncop_75232001,Найстройчик-оператор дървообработваща машина,75232001,occupation,skilled,secondary,2,2025-01-01,true,bg_ncop_7523
bg_ncop_75232002,Настойчик-оператор дървонаредна машина,75232002,occupation,skilled,secondary,2,2025-01-01,true,bg_ncop_7523
bg_ncop_75232003,Настройчик-оператор машина за напречно струговане,75232003,occupation,skilled,secondary,2,2025-01-01,true,bg_ncop_7523
bg_ncop_75232004,Настройчик-оператор машина за рендосване,75232004,occupation,skilled,secondary,2,2025-01-01,true,bg_ncop_7523
bg_ncop_75232005,Настройчик-оператор струг за обработка на дърво,75232005,occupation,skilled,secondary,2,2025-01-01,true,bg_ncop_7523
bg_ncop_75232006,Разкройвач верижен транспортьор,75232006,occupation,skilled,secondary,2,2025-01-01,true,bg_ncop_7523
bg_ncop_75232007,Стругар дърво,75232007,occupation,skilled,secondary,2,2025-01-01,true,bg_ncop_7523
bg_ncop_75232008,Машинен оператор белязане маркиране на дървен материал,75232008,occupation,skilled,secondary,2,2025-01-01,true,bg_ncop_7523
bg_ncop_75232009,Машинен оператор гравиране на дървен материал,75232009,occupation,skilled,secondary,2,2025-01-01,true,bg_ncop_7523
bg_ncop_75232010,Машинен оператор дърводелство,75232010,occupation,skilled,secondary,2,2025-01-01,true,bg_ncop_7523
bg_ncop_75232011,Машинен оператор ецване на дървен материал,75232011,occupation,skilled,secondary,2,2025-01-01,true,bg_ncop_7523
bg_ncop_75232012,Машинен оператор извиване на дървен материал,75232012,occupation,skilled,secondary,2,2025-01-01,true,bg_ncop_7523
bg_ncop_75232013,Машинен оператор изглаждане довършване на дървен материал,75232013,occupation,skilled,secondary,2,2025-01-01,true,bg_ncop_7523
bg_ncop_75232014,Машинен оператор изделия от дърво,75232014,occupation,skilled,secondary,2,2025-01-01,true,bg_ncop_7523
bg_ncop_75232015,Машинен оператор направа на резба,75232015,occupation,skilled,secondary,2,2025-01-01,true,bg_ncop_7523
bg_ncop_75232016,Машинен оператор оцветяване боядисване на дърво,75232016,occupation,skilled,secondary,2,2025-01-01,true,bg_ncop_7523
bg_ncop_75232017,Машинен оператор полиране на дървен материал,75232017,occupation,skilled,secondary,2,2025-01-01,true,bg_ncop_7523
bg_ncop_75232018,Машинен оператор производство на мебели,75232018,occupation,skilled,secondary,2,2025-01-01,true,bg_ncop_7523
bg_ncop_75232019,Машинен оператор спортно оборудване от дърво,75232019,occupation,skilled,secondary,2,2025-01-01,true,bg_ncop_7523
bg_ncop_75311001,Шапкар,75311001,occupation,skilled,secondary,2,2025-01-01,true,bg_ncop_7531
bg_ncop_75313002,Майстор калъпи за шапки,75313002,occupation,skilled,secondary,2,2025-01-01,true,bg_ncop_7531
bg_ncop_75311003,Шивач мъжко дамско облекло,75311003,occupation,skilled,secondary,2,2025-01-01,true,bg_ncop_7531
bg_ncop_75312004,Изпълнител модели,75312004,occupation,skilled,secondary,2,2025-01-01,true,bg_ncop_7531
bg_ncop_75312005,Производител шапки,75312005,occupation,skilled,secondary,2,2025-01-01,true,bg_ncop_7531
bg_ncop_75312006,Производител бельо,75312006,occupation,skilled,secondary,2,2025-01-01,true,bg_ncop_7531
bg_ncop_75312007,Производител перуки,75312007,occupation,skilled,secondary,2,2025-01-01,true,bg_ncop_7531
bg_ncop_75311008,Производител каптонирано облекло,75311008,occupation,skilled,secondary,2,2025-01-01,true,bg_ncop_7531
bg_ncop_75313009,Моделиер-конструктор облекла,75313009,occupation,skilled,secondary,2,2025-01-01,true,bg_ncop_7531
bg_ncop_75312010,Кожухар,75312010,occupation,skilled,secondary,2,2025-01-01,true,bg_ncop_7531
bg_ncop_75312011,Работник украсяване на кожи,75312011,occupation,skilled,secondary,2,2025-01-01,true,bg_ncop_7531
bg_ncop_75311012,Работник спомагателни шивашки дейност,75311012,occupation,skilled,secondary,2,2025-01-01,true,bg_ncop_7531
bg_ncop_75312013,Сортировач обработени кожи,75312013,occupation,skilled,secondary,2,2025-01-01,true,bg_ncop_7531
bg_ncop_75322001,Копировач жакардови модели,75322001,occupation,skilled,secondary,2,2025-01-01,true,bg_ncop_7532
bg_ncop_75322002,Крояч текстил,75322002,occupation,skilled,secondary,2,2025-01-01,true,bg_ncop_7532
bg_ncop_75322003,Крояч кожа,75322003,occupation,skilled,secondary,2,2025-01-01,true,bg_ncop_7532
bg_ncop_75322004,Крояч платна,75322004,occupation,skilled,secondary,2,2025-01-01,true,bg_ncop_7532
bg_ncop_75322005,Моделиер драперии или тапицерии,75322005,occupation,skilled,secondary,2,2025-01-01,true,bg_ncop_7532
bg_ncop_75322006,Моделиер кожени изделия,75322006,occupation,skilled,secondary,2,2025-01-01,true,bg_ncop_7532
bg_ncop_75322007,Моделиер корабни платна или палатки,75322007,occupation,skilled,secondary,2,2025-01-01,true,bg_ncop_7532
bg_ncop_75322008,Моделиер матраци,75322008,occupation,skilled,secondary,2,2025-01-01,true,bg_ncop_7532
bg_ncop_75322009,Моделиер чадъри,75322009,occupation,skilled,secondary,2,2025-01-01,true,bg_ncop_7532
bg_ncop_75331001,Бродировач,75331001,occupation,skilled,secondary,2,2025-01-01,true,bg_ncop_7533
bg_ncop_75331002,Изпълнител ръчна бродерия,75331002,occupation,skilled,secondary,2,2025-01-01,true,bg_ncop_7533
bg_ncop_75331003,Производител играчки кукли и пресовани играчки,75331003,occupation,skilled,secondary,2,2025-01-01,true,bg_ncop_7533
bg_ncop_75331004,Производител изкуствени цветя,75331004,occupation,skilled,secondary,2,2025-01-01,true,bg_ncop_7533
bg_ncop_75331005,Производител килими,75331005,occupation,skilled,secondary,2,2025-01-01,true,bg_ncop_7533
bg_ncop_75331006,Производител меки играчки,75331006,occupation,skilled,secondary,2,2025-01-01,true,bg_ncop_7533
bg_ncop_75331007,Производител платна тенти навеси,75331007,occupation,skilled,secondary,2,2025-01-01,true,bg_ncop_7533
bg_ncop_75331008,Производител чадъри,75331008,occupation,skilled,secondary,2,2025-01-01,true,bg_ncop_7533
bg_ncop_75331009,Работник поправка на чадъри,75331009,occupation,skilled,secondary,2,2025-01-01,true,bg_ncop_7533
bg_ncop_75331010,Шивач драперии пердета,75331010,occupation,skilled,secondary,2,2025-01-01,true,bg_ncop_7533
bg_ncop_75331011,Шивач кожа,75331011,occupation,skilled,secondary,2,2025-01-01,true,bg_ncop_7533
bg_ncop_75331012,Шивач обувки,75331012,occupation,skilled,secondary,2,2025-01-01,true,bg_ncop_7533
bg_ncop_75331013,Шивач шапки,75331013,occupation,skilled,secondary,2,2025-01-01,true,bg_ncop_7533
bg_ncop_75331014,Шивач,75331014,occupation,skilled,secondary,2,2025-01-01,true,bg_ncop_7533
bg_ncop_75341001,Изготвител даражни гарнитури,75341001,occupation,skilled,secondary,2,2025-01-01,true,bg_ncop_7534
bg_ncop_75341002,Изготвител тапицерска вложка,75341002,occupation,skilled,secondary,2,2025-01-01,true,bg_ncop_7534
bg_ncop_75341003,Производител матраци дюшеци,75341003,occupation,skilled,secondary,2,2025-01-01,true,bg_ncop_7534
bg_ncop_75341004,Производител мека мебел,75341004,occupation,skilled,secondary,2,2025-01-01,true,bg_ncop_7534
bg_ncop_75341005,Тапицер,75341005,occupation,skilled,secondary,2,2025-01-01,true,bg_ncop_7534
bg_ncop_75351001,Апретурист кожи,75351001,occupation,skilled,secondary,2,2025-01-01,true,bg_ncop_7535
bg_ncop_75351002,Бояджия кожи,75351002,occupation,skilled,secondary,2,2025-01-01,true,bg_ncop_7535
bg_ncop_75351003,Кожар,75351003,occupation,skilled,secondary,2,2025-01-01,true,bg_ncop_7535
bg_ncop_75351004,Кожар манипулант,75351004,occupation,skilled,secondary,2,2025-01-01,true,bg_ncop_7535
bg_ncop_75351005,Кожар стригач,75351005,occupation,skilled,secondary,2,2025-01-01,true,bg_ncop_7535
bg_ncop_75351006,Кожар-полировач на кожи,75351006,occupation,skilled,secondary,2,2025-01-01,true,bg_ncop_7535
bg_ncop_75351007,Майстор-кожар,75351007,occupation,skilled,secondary,2,2025-01-01,true,bg_ncop_7535
bg_ncop_75351008,Работник опъване на кожи,75351008,occupation,skilled,secondary,2,2025-01-01,true,bg_ncop_7535
bg_ncop_75351009,Работник осоляване на кожи,75351009,occupation,skilled,secondary,2,2025-01-01,true,bg_ncop_7535
bg_ncop_75351010,Работник оцветяване на кожи,75351010,occupation,skilled,secondary,2,2025-01-01,true,bg_ncop_7535
bg_ncop_75351011,Работник почистващ кожи,75351011,occupation,skilled,secondary,2,2025-01-01,true,bg_ncop_7535
bg_ncop_75351012,Сортировач кожи,75351012,occupation,skilled,secondary,2,2025-01-01,true,bg_ncop_7535
bg_ncop_75361001,Апретурист обувки,75361001,occupation,skilled,secondary,2,2025-01-01,true,bg_ncop_7536
bg_ncop_75361002,Конфекционер обувки (ръчно),75361002,occupation,skilled,secondary,2,2025-01-01,true,bg_ncop_7536
bg_ncop_75361003,Крояч обувни изделия,75361003,occupation,skilled,secondary,2,2025-01-01,true,bg_ncop_7536
bg_ncop_75361004,Лакировач обувни изделия,75361004,occupation,skilled,secondary,2,2025-01-01,true,bg_ncop_7536
bg_ncop_75361005,Майстор обувки,75361005,occupation,skilled,secondary,2,2025-01-01,true,bg_ncop_7536
bg_ncop_75361006,Монтьор обувки,75361006,occupation,skilled,secondary,2,2025-01-01,true,bg_ncop_7536
bg_ncop_75361007,Обущар,75361007,occupation,skilled,secondary,2,2025-01-01,true,bg_ncop_7536
bg_ncop_75361008,Подготвител горница на обувки,75361008,occupation,skilled,secondary,2,2025-01-01,true,bg_ncop_7536
bg_ncop_75361009,Подготвител подметки и ходила,75361009,occupation,skilled,secondary,2,2025-01-01,true,bg_ncop_7536
bg_ncop_75361010,Полировчик обувки,75361010,occupation,skilled,secondary,2,2025-01-01,true,bg_ncop_7536
bg_ncop_75361011,Производител изделия от кожа,75361011,occupation,skilled,secondary,2,2025-01-01,true,bg_ncop_7536
bg_ncop_75361012,Производител обувки (ръчно),75361012,occupation,skilled,secondary,2,2025-01-01,true,bg_ncop_7536
bg_ncop_75361013,Производител сарашки изделия,75361013,occupation,skilled,secondary,2,2025-01-01,true,bg_ncop_7536
bg_ncop_75361014,Производител спортни принадлежности,75361014,occupation,skilled,secondary,2,2025-01-01,true,bg_ncop_7536
bg_ncop_75361015,Работник преса за подметки и ходила,75361015,occupation,skilled,secondary,2,2025-01-01,true,bg_ncop_7536
bg_ncop_75361016,Работник боядисване на обувни изделия,75361016,occupation,skilled,secondary,2,2025-01-01,true,bg_ncop_7536
bg_ncop_75361017,Работник изрязване на капели на обувки,75361017,occupation,skilled,secondary,2,2025-01-01,true,bg_ncop_7536
bg_ncop_75361018,Работник разтягане на обувки на калъпи,75361018,occupation,skilled,secondary,2,2025-01-01,true,bg_ncop_7536
bg_ncop_75361019,Работник свързване на горната (лицева) част на обувки,75361019,occupation,skilled,secondary,2,2025-01-01,true,bg_ncop_7536
bg_ncop_75361020,Работник огъвач на обувки (горна част),75361020,occupation,skilled,secondary,2,2025-01-01,true,bg_ncop_7536
bg_ncop_75361021,Сарач,75361021,occupation,skilled,secondary,2,2025-01-01,true,bg_ncop_7536
bg_ncop_75361022,Сортировач обувки,75361022,occupation,skilled,secondary,2,2025-01-01,true,bg_ncop_7536
bg_ncop_75361023,Тефлонизатор,75361023,occupation,skilled,secondary,2,2025-01-01,true,bg_ncop_7536
bg_ncop_75361024,Финишист каучуково-обувни изделия,75361024,occupation,skilled,secondary,2,2025-01-01,true,bg_ncop_7536
bg_ncop_75361025,Цепач,75361025,occupation,skilled,secondary,2,2025-01-01,true,bg_ncop_7536
bg_ncop_75411001,Гмуркач,75411001,occupation,skilled,secondary,2,2025-01-01,true,bg_ncop_7541
bg_ncop_75412002,Гмуркач изваждане на потънали съдове,75412002,occupation,skilled,secondary,2,2025-01-01,true,bg_ncop_7541
bg_ncop_75412003,Водолаз,75412003,occupation,skilled,secondary,2,2025-01-01,true,bg_ncop_7541
bg_ncop_75412004,Кесонен работник,75412004,occupation,skilled,secondary,2,2025-01-01,true,bg_ncop_7541
bg_ncop_75422001,Бомбаджия  работник по взиряване,75422001,occupation,skilled,secondary,2,2025-01-01,true,bg_ncop_7542
bg_ncop_75422002,Отговорник взривен склад,75422002,occupation,skilled,secondary,2,2025-01-01,true,bg_ncop_7542
bg_ncop_75422003,Пиротехник,75422003,occupation,skilled,secondary,2,2025-01-01,true,bg_ncop_7542
bg_ncop_75422004,Работник пробиване на взривни дупки,75422004,occupation,skilled,secondary,2,2025-01-01,true,bg_ncop_7542
bg_ncop_75422005,Браковчик взривни материали,75422005,occupation,skilled,secondary,2,2025-01-01,true,bg_ncop_7542
bg_ncop_75422006,Изпитател на взривни материали,75422006,occupation,skilled,secondary,2,2025-01-01,true,bg_ncop_7542
bg_ncop_75422007,Проктант ръководител на взривни работи,75422007,occupation,skilled,secondary,2,2025-01-01,true,bg_ncop_7542
bg_ncop_75432001,Изпитател дрехи,75432001,occupation,skilled,secondary,2,2025-01-01,true,bg_ncop_7543
bg_ncop_75432002,Изпитател тъкани,75432002,occupation,skilled,secondary,2,2025-01-01,true,bg_ncop_7543
bg_ncop_75432003,Инспектор качество на продукти (без храни и напитки),75432003,occupation,skilled,secondary,2,2025-01-01,true,bg_ncop_7543
bg_ncop_75433004,Инспектор качество на производствените процеси,75433004,occupation,skilled,secondary,2,2025-01-01,true,bg_ncop_7543
bg_ncop_75432005,Оценител облекла,75432005,occupation,skilled,secondary,2,2025-01-01,true,bg_ncop_7543
bg_ncop_75431006,Окачествител кожи,75431006,occupation,skilled,secondary,2,2025-01-01,true,bg_ncop_7543
bg_ncop_75432007,Окачествител продукти (без храни и напитки),75432007,occupation,skilled,secondary,2,2025-01-01,true,bg_ncop_7543
bg_ncop_75432008,Окачествител-опаковач монети и медали,75432008,occupation,skilled,secondary,2,2025-01-01,true,bg_ncop_7543
bg_ncop_75432009,Контрольор качество на продукти (без храни и напитки),75432009,occupation,skilled,secondary,2,2025-01-01,true,bg_ncop_7543
bg_ncop_75433010,Контрольор качество,75433010,occupation,skilled,secondary,2,2025-01-01,true,bg_ncop_7543
bg_ncop_75432011,Специалист качество полуфабрикати и готова продукция,75432011,occupation,skilled,secondary,2,2025-01-01,true,bg_ncop_7543
bg_ncop_75446001,Дезинсектор,75446001,occupation,skilled,secondary,2,2025-01-01,true,bg_ncop_7544
bg_ncop_75446002,Дезинфектор,75446002,occupation,skilled,secondary,2,2025-01-01,true,bg_ncop_7544
bg_ncop_75446003,Дератизатор,75446003,occupation,skilled,secondary,2,2025-01-01,true,bg_ncop_7544
bg_ncop_75441004,Работник дезинсектор,75441004,occupation,skilled,secondary,2,2025-01-01,true,bg_ncop_7544
bg_ncop_75441005,Работник дератизатор,75441005,occupation,skilled,secondary,2,2025-01-01,true,bg_ncop_7544
bg_ncop_75441006,Работник дезинфектор,75441006,occupation,skilled,secondary,2,2025-01-01,true,bg_ncop_7544
bg_ncop_75492001,Анализатор лаборатория,75492001,occupation,skilled,secondary,2,2025-01-01,true,bg_ncop_7549
bg_ncop_75492002,Влагоизмерител,75492002,occupation,skilled,secondary,2,2025-01-01,true,bg_ncop_7549
bg_ncop_75492003,Измервач феритни и магнитни изделия,75492003,occupation,skilled,secondary,2,2025-01-01,true,bg_ncop_7549
bg_ncop_75492004,Изчислител грешки и отчетник,75492004,occupation,skilled,secondary,2,2025-01-01,true,bg_ncop_7549
bg_ncop_75492005,Лаборант,75492005,occupation,skilled,secondary,2,2025-01-01,true,bg_ncop_7549
bg_ncop_75492006,Пробовземач,75492006,occupation,skilled,secondary,2,2025-01-01,true,bg_ncop_7549
bg_ncop_75492007,Рентгенометрист,75492007,occupation,skilled,secondary,2,2025-01-01,true,bg_ncop_7549
bg_ncop_75492008,Хидроизмерител,75492008,occupation,skilled,secondary,2,2025-01-01,true,bg_ncop_7549
bg_ncop_75492009,Хидрометеорологичен агрометеорологичен наблюдател,75492009,occupation,skilled,secondary,2,2025-01-01,true,bg_ncop_7549
bg_ncop_75492010,Хидронаблюдател,75492010,occupation,skilled,secondary,2,2025-01-01,true,bg_ncop_7549
bg_ncop_75492011,Дефектоскопист лаборатория,75492011,occupation,skilled,secondary,2,2025-01-01,true,bg_ncop_7549
bg_ncop_75492012,Дозиметрист лаборатория,75492012,occupation,skilled,secondary,2,2025-01-01,true,bg_ncop_7549
bg_ncop_75492013,Просветлител оптични елементи,75492013,occupation,skilled,secondary,2,2025-01-01,true,bg_ncop_7549
bg_ncop_75492014,Формовчик стъклени лещи,75492014,occupation,skilled,secondary,2,2025-01-01,true,bg_ncop_7549
bg_ncop_75492015,Хронометражист,75492015,occupation,skilled,secondary,2,2025-01-01,true,bg_ncop_7549
bg_ncop_75492016,Аранжьор цветя,75492016,occupation,skilled,secondary,2,2025-01-01,true,bg_ncop_7549
bg_ncop_75492017,Работник радиационен контрол и дезактивация,75492017,occupation,skilled,secondary,2,2025-01-01,true,bg_ncop_7549
bg_ncop_75492018,Работници по поддръжка и ремонт на железопътните съоръжения в тунел на метрополитен,75492018,occupation,skilled,secondary,2,2025-01-01,true,bg_ncop_7549
bg_ncop_75492019,Работници по поддръжка и ремонт на инженерните съоръжения в тунел на метрополитен,75492019,occupation,skilled,secondary,2,2025-01-01,true,bg_ncop_7549
bg_ncop_75492020,Работник по ремонт на въоръжението,75492020,occupation,skilled,secondary,2,2025-01-01,true,bg_ncop_7549
bg_ncop_75491021,Сервизен техник,75491021,occupation,skilled,secondary,2,2025-01-01,true,bg_ncop_7549
bg_ncop_81112001,Басейнчик солодобив,81112001,occupation,operator,secondary,2,2025-01-01,true,bg_ncop_8111
bg_ncop_81112002,Газоспасител,81112002,occupation,operator,secondary,2,2025-01-01,true,bg_ncop_8111
bg_ncop_81112003,Геофизичен оператор,81112003,occupation,operator,secondary,2,2025-01-01,true,bg_ncop_8111
bg_ncop_81112004,Дозиметрист,81112004,occupation,operator,secondary,2,2025-01-01,true,bg_ncop_8111
bg_ncop_81112005,Замервачотчетник,81112005,occupation,operator,secondary,2,2025-01-01,true,bg_ncop_8111
bg_ncop_81112006,Крепач (поставяч) подпори,81112006,occupation,operator,secondary,2,2025-01-01,true,bg_ncop_8111
bg_ncop_81112007,Майстор миньор,81112007,occupation,operator,secondary,2,2025-01-01,true,bg_ncop_8111
bg_ncop_81112008,Минен спасител,81112008,occupation,operator,secondary,2,2025-01-01,true,bg_ncop_8111
bg_ncop_81112009,Миньор,81112009,occupation,operator,secondary,2,2025-01-01,true,bg_ncop_8111
bg_ncop_81112010,Обрушвач бордове в открити рудници,81112010,occupation,operator,secondary,2,2025-01-01,true,bg_ncop_8111
bg_ncop_81112011,Плакировач пясък,81112011,occupation,operator,secondary,2,2025-01-01,true,bg_ncop_8111
bg_ncop_81112012,Премахвач подпори,81112012,occupation,operator,secondary,2,2025-01-01,true,bg_ncop_8111
bg_ncop_81112013,Машинен оператор дълбаене (мина),81112013,occupation,operator,secondary,2,2025-01-01,true,bg_ncop_8111
bg_ncop_81112014,Машинен оператор копаене в мина (непрекъснато производство),81112014,occupation,operator,secondary,2,2025-01-01,true,bg_ncop_8111
bg_ncop_81112015,Машинен оператор пробиване на дупки (мина),81112015,occupation,operator,secondary,2,2025-01-01,true,bg_ncop_8111
bg_ncop_81112016,Машинен оператор прокарване на тунели (мина),81112016,occupation,operator,secondary,2,2025-01-01,true,bg_ncop_8111
bg_ncop_81112017,Машинен оператор транспортно-технологична машина (мина),81112017,occupation,operator,secondary,2,2025-01-01,true,bg_ncop_8111
bg_ncop_81112018,Оператор пулт за управление и свръзка,81112018,occupation,operator,secondary,2,2025-01-01,true,bg_ncop_8111
bg_ncop_81112019,Работник кариера,81112019,occupation,operator,secondary,2,2025-01-01,true,bg_ncop_8111
bg_ncop_81112020,Работник валиране,81112020,occupation,operator,secondary,2,2025-01-01,true,bg_ncop_8111
bg_ncop_81112021,Работник вентилационни и газови измервания,81112021,occupation,operator,secondary,2,2025-01-01,true,bg_ncop_8111
bg_ncop_81112022,Работник зареждане на перфоратори торпеда грудоноси,81112022,occupation,operator,secondary,2,2025-01-01,true,bg_ncop_8111
bg_ncop_81112023,Работник крепежни конструкции в мини,81112023,occupation,operator,secondary,2,2025-01-01,true,bg_ncop_8111
bg_ncop_81112024,Работник обогатяване на полезни изкопаеми,81112024,occupation,operator,secondary,2,2025-01-01,true,bg_ncop_8111
bg_ncop_81112025,Работник отводняване на работните места в кариери,81112025,occupation,operator,secondary,2,2025-01-01,true,bg_ncop_8111
bg_ncop_81112026,Работник подготовка на филтърни платна,81112026,occupation,operator,secondary,2,2025-01-01,true,bg_ncop_8111
bg_ncop_81112027,Работник поддържане на лични предпазни средства и защитно облекло,81112027,occupation,operator,secondary,2,2025-01-01,true,bg_ncop_8111
bg_ncop_81112028,Работник производство и екстрахиране на диамантов режещ инструмент,81112028,occupation,operator,secondary,2,2025-01-01,true,bg_ncop_8111
bg_ncop_81112029,Работник противопожарна и газова профилактика в мини,81112029,occupation,operator,secondary,2,2025-01-01,true,bg_ncop_8111
bg_ncop_81112030,Работник руднични железопътни линии и автопътища,81112030,occupation,operator,secondary,2,2025-01-01,true,bg_ncop_8111
bg_ncop_81112031,Работник промиване на благородни метали,81112031,occupation,operator,secondary,2,2025-01-01,true,bg_ncop_8111
bg_ncop_81112032,Реагентчик,81112032,occupation,operator,secondary,2,2025-01-01,true,bg_ncop_8111
bg_ncop_81112033,Солодобивчик,81112033,occupation,operator,secondary,2,2025-01-01,true,bg_ncop_8111
bg_ncop_81112034,Сондьор,81112034,occupation,operator,secondary,2,2025-01-01,true,bg_ncop_8111
bg_ncop_81112035,Табелчик минодобива,81112035,occupation,operator,secondary,2,2025-01-01,true,bg_ncop_8111
bg_ncop_81112036,Торкретист,81112036,occupation,operator,secondary,2,2025-01-01,true,bg_ncop_8111
bg_ncop_81112037,Филтърджия,81112037,occupation,operator,secondary,2,2025-01-01,true,bg_ncop_8111
bg_ncop_81112038,Флотационен работник,81112038,occupation,operator,secondary,2,2025-01-01,true,bg_ncop_8111
bg_ncop_81112039,Флотиер,81112039,occupation,operator,secondary,2,2025-01-01,true,bg_ncop_8111
bg_ncop_81111040,Машинен оператор електрическа подстанция,81111040,occupation,operator,secondary,2,2025-01-01,true,bg_ncop_8111
bg_ncop_81112041,"Вулканизатор гумено-транспортни ленти, въгледобив",81112041,occupation,operator,secondary,2,2025-01-01,true,bg_ncop_8111
bg_ncop_81122001,Машинен оператор инсталации и съоръжения за обогатяване на нерудни суровини,81122001,occupation,operator,secondary,2,2025-01-01,true,bg_ncop_8112
bg_ncop_81122002,Машинен оператор инсталации и съоръжения за обогатяване на руди,81122002,occupation,operator,secondary,2,2025-01-01,true,bg_ncop_8112
bg_ncop_81122003,Машинен оператор флотационни инсталации и съоръжения,81122003,occupation,operator,secondary,2,2025-01-01,true,bg_ncop_8112
bg_ncop_81122004,Машинен оператор обработка на камъни,81122004,occupation,operator,secondary,2,2025-01-01,true,bg_ncop_8112
bg_ncop_81122005,Машинен оператор обработка на руда,81122005,occupation,operator,secondary,2,2025-01-01,true,bg_ncop_8112
bg_ncop_81122006,Машинен оператор обработка на минерали,81122006,occupation,operator,secondary,2,2025-01-01,true,bg_ncop_8112
bg_ncop_81122007,Оператор машина за рязане на скални материали,81122007,occupation,operator,secondary,2,2025-01-01,true,bg_ncop_8112
bg_ncop_81122008,Оператор мелница в обогатителна фабрика,81122008,occupation,operator,secondary,2,2025-01-01,true,bg_ncop_8112
bg_ncop_81122009,Оператор гравитационно оборудване (мина),81122009,occupation,operator,secondary,2,2025-01-01,true,bg_ncop_8112
bg_ncop_81122010,Оператор обогатителна фабрика,81122010,occupation,operator,secondary,2,2025-01-01,true,bg_ncop_8112
bg_ncop_81122011,Оператор обработка на камъни (каменоделна),81122011,occupation,operator,secondary,2,2025-01-01,true,bg_ncop_8112
bg_ncop_81122012,Оператор обработка на минерали,81122012,occupation,operator,secondary,2,2025-01-01,true,bg_ncop_8112
bg_ncop_81122013,Апаратчик на варочен котел,81122013,occupation,operator,secondary,2,2025-01-01,true,bg_ncop_8112
bg_ncop_81122014,Машинист на пневмотранспорт,81122014,occupation,operator,secondary,2,2025-01-01,true,bg_ncop_8112
bg_ncop_81122015,Оператор в командна зала,81122015,occupation,operator,secondary,2,2025-01-01,true,bg_ncop_8112
bg_ncop_81122016,Оператор на силозен склад,81122016,occupation,operator,secondary,2,2025-01-01,true,bg_ncop_8112
bg_ncop_81122017,Работник по поддръжка на системи за обезпрашаване,81122017,occupation,operator,secondary,2,2025-01-01,true,bg_ncop_8112
bg_ncop_81132001,Машинен оператор сондажно оборудване,81132001,occupation,operator,secondary,2,2025-01-01,true,bg_ncop_8113
bg_ncop_81132002,Машинен оператор драга земекопачка ескаватор,81132002,occupation,operator,secondary,2,2025-01-01,true,bg_ncop_8113
bg_ncop_81132003,Оператор драга земекопачка ескаватор,81132003,occupation,operator,secondary,2,2025-01-01,true,bg_ncop_8113
bg_ncop_81132004,Оператор съоръжение за пробиване на дупки,81132004,occupation,operator,secondary,2,2025-01-01,true,bg_ncop_8113
bg_ncop_81132005,Оператор кран (нефтени и газови кладенци),81132005,occupation,operator,secondary,2,2025-01-01,true,bg_ncop_8113
bg_ncop_81132006,Оператор оборудване за изтегляне (нефтени и газови кладенци),81132006,occupation,operator,secondary,2,2025-01-01,true,bg_ncop_8113
bg_ncop_81132007,Оператор оборудване за пускане на сонди за кладенци,81132007,occupation,operator,secondary,2,2025-01-01,true,bg_ncop_8113
bg_ncop_81132008,Оператор пускане на сонди на кабелен принцип (нефтени и газови кладенци),81132008,occupation,operator,secondary,2,2025-01-01,true,bg_ncop_8113
bg_ncop_81132009,Оператор пускане на сонди на ротационен принцип (нефтени и газови кладенци),81132009,occupation,operator,secondary,2,2025-01-01,true,bg_ncop_8113
bg_ncop_81132010,Оператор сондажно оборудване (кладенци),81132010,occupation,operator,secondary,2,2025-01-01,true,bg_ncop_8113
bg_ncop_81132011,Оператор черпещи сонди и киселинни магистрали,81132011,occupation,operator,secondary,2,2025-01-01,true,bg_ncop_8113
bg_ncop_81142001,Машинен оператор азбесто-циментови изделия,81142001,occupation,operator,secondary,2,2025-01-01,true,bg_ncop_8114
bg_ncop_81142002,Машинен оператор гравиране на каменни изделия,81142002,occupation,operator,secondary,2,2025-01-01,true,bg_ncop_8114
bg_ncop_81142003,Машинен оператор зареждач на абразиви,81142003,occupation,operator,secondary,2,2025-01-01,true,bg_ncop_8114
bg_ncop_81142004,Машинен оператор изглаждане оглаждане,81142004,occupation,operator,secondary,2,2025-01-01,true,bg_ncop_8114
bg_ncop_81142005,Машинен оператор изготвител на свръзки (абразивни и диамантни изделия),81142005,occupation,operator,secondary,2,2025-01-01,true,bg_ncop_8114
bg_ncop_81142006,Машинен оператор изделия от камък,81142006,occupation,operator,secondary,2,2025-01-01,true,bg_ncop_8114
bg_ncop_81142007,Машинен оператор изделия от бетон,81142007,occupation,operator,secondary,2,2025-01-01,true,bg_ncop_8114
bg_ncop_81142008,Машинен оператор минерални изделия,81142008,occupation,operator,secondary,2,2025-01-01,true,bg_ncop_8114
bg_ncop_81142009,Машинен оператор изделия от изкуствени камъни,81142009,occupation,operator,secondary,2,2025-01-01,true,bg_ncop_8114
bg_ncop_81142010,Машинен оператор производство на абразионни покрития,81142010,occupation,operator,secondary,2,2025-01-01,true,bg_ncop_8114
bg_ncop_81142011,Машинен оператор производство на промишлени диаманти,81142011,occupation,operator,secondary,2,2025-01-01,true,bg_ncop_8114
bg_ncop_81142012,Машинен оператор рязане на минерални продукти,81142012,occupation,operator,secondary,2,2025-01-01,true,bg_ncop_8114
bg_ncop_81142013,Машинен оператор циментови продукти,81142013,occupation,operator,secondary,2,2025-01-01,true,bg_ncop_8114
bg_ncop_81142014,Машинен оператор шлифоване,81142014,occupation,operator,secondary,2,2025-01-01,true,bg_ncop_8114
bg_ncop_81142015,Оператор залепвач на детайли,81142015,occupation,operator,secondary,2,2025-01-01,true,bg_ncop_8114
bg_ncop_81142016,Оператор инсталация за размесване на бетон,81142016,occupation,operator,secondary,2,2025-01-01,true,bg_ncop_8114
bg_ncop_81142017,Оператор лепач на главички (шлайфграфери),81142017,occupation,operator,secondary,2,2025-01-01,true,bg_ncop_8114
bg_ncop_81142018,Резач - полировач,81142018,occupation,operator,secondary,2,2025-01-01,true,bg_ncop_8114
bg_ncop_81142019,Резач промишлени диаманти,81142019,occupation,operator,secondary,2,2025-01-01,true,bg_ncop_8114
bg_ncop_81142020,Оператор производство на цимент,81142020,occupation,operator,secondary,2,2025-01-01,true,bg_ncop_8114
bg_ncop_81142021,Оператор пещи за производство на цимент,81142021,occupation,operator,secondary,2,2025-01-01,true,bg_ncop_8114
bg_ncop_81212001,Апаратчик петрургия,81212001,occupation,operator,secondary,2,2025-01-01,true,bg_ncop_8121
bg_ncop_81212002,Апаратчик производство на редки метали,81212002,occupation,operator,secondary,2,2025-01-01,true,bg_ncop_8121
bg_ncop_81212003,Апаратчик хидрометалургия,81212003,occupation,operator,secondary,2,2025-01-01,true,bg_ncop_8121
bg_ncop_81212004,Апаратчик цветна металургия,81212004,occupation,operator,secondary,2,2025-01-01,true,bg_ncop_8121
bg_ncop_81212005,Апаратчик черна металургия,81212005,occupation,operator,secondary,2,2025-01-01,true,bg_ncop_8121
bg_ncop_81212006,Апаратчик електролиза,81212006,occupation,operator,secondary,2,2025-01-01,true,bg_ncop_8121
bg_ncop_81212007,Манипулатор валцова машина,81212007,occupation,operator,secondary,2,2025-01-01,true,bg_ncop_8121
bg_ncop_81212008,Машинен оператор машина за леене,81212008,occupation,operator,secondary,2,2025-01-01,true,bg_ncop_8121
bg_ncop_81212009,Травилчик,81212009,occupation,operator,secondary,2,2025-01-01,true,bg_ncop_8121
bg_ncop_81212010,Машинен оператор машини и съоръжения в металургията,81212010,occupation,operator,secondary,2,2025-01-01,true,bg_ncop_8121
bg_ncop_81212011,Машинен оператор закаляване на метал,81212011,occupation,operator,secondary,2,2025-01-01,true,bg_ncop_8121
bg_ncop_81212012,Машинен оператор смесване на метал,81212012,occupation,operator,secondary,2,2025-01-01,true,bg_ncop_8121
bg_ncop_81212013,Машинен оператор горещо пресоване на метал,81212013,occupation,operator,secondary,2,2025-01-01,true,bg_ncop_8121
bg_ncop_81212014,Машинен оператор изтегляне на безшевни тръби,81212014,occupation,operator,secondary,2,2025-01-01,true,bg_ncop_8121
bg_ncop_81212015,Машинен оператор изтегляне на жица и тел,81212015,occupation,operator,secondary,2,2025-01-01,true,bg_ncop_8121
bg_ncop_81212016,Машинен оператор изтегляне на метал,81212016,occupation,operator,secondary,2,2025-01-01,true,bg_ncop_8121
bg_ncop_81212017,Машинен оператор студено пресоване на метал,81212017,occupation,operator,secondary,2,2025-01-01,true,bg_ncop_8121
bg_ncop_81212018,Машинен оператор рафиниране на метал,81212018,occupation,operator,secondary,2,2025-01-01,true,bg_ncop_8121
bg_ncop_81212019,Машинен оператор производство на изделия от олово,81212019,occupation,operator,secondary,2,2025-01-01,true,bg_ncop_8121
bg_ncop_81213020,Оператор пещи за термична обработка на метал,81213020,occupation,operator,secondary,2,2025-01-01,true,bg_ncop_8121
bg_ncop_81213021,Оператор пещи за циментация на метал,81213021,occupation,operator,secondary,2,2025-01-01,true,bg_ncop_8121
bg_ncop_81213022,Оператор инсталация за гранулиране на шлака,81213022,occupation,operator,secondary,2,2025-01-01,true,bg_ncop_8121
bg_ncop_81213023,Оператор оборудване за карбонизация на метал,81213023,occupation,operator,secondary,2,2025-01-01,true,bg_ncop_8121
bg_ncop_81213024,Оператор отвръщач на изделия от благородни и цветни неблагородни метали,81213024,occupation,operator,secondary,2,2025-01-01,true,bg_ncop_8121
bg_ncop_81222001,Възстановител-металист,81222001,occupation,operator,secondary,2,2025-01-01,true,bg_ncop_8122
bg_ncop_81222002,Галванизатор,81222002,occupation,operator,secondary,2,2025-01-01,true,bg_ncop_8122
bg_ncop_81222003,Електровакуумист,81222003,occupation,operator,secondary,2,2025-01-01,true,bg_ncop_8122
bg_ncop_81222004,Електроерозист,81222004,occupation,operator,secondary,2,2025-01-01,true,bg_ncop_8122
bg_ncop_81222005,Електролизьор апаратчик на метални прахове,81222005,occupation,operator,secondary,2,2025-01-01,true,bg_ncop_8122
bg_ncop_81222006,Електролитчик,81222006,occupation,operator,secondary,2,2025-01-01,true,bg_ncop_8122
bg_ncop_81222007,Електрофорезчик,81222007,occupation,operator,secondary,2,2025-01-01,true,bg_ncop_8122
bg_ncop_81222008,Машинен оператор вакуумапаратчик,81222008,occupation,operator,secondary,2,2025-01-01,true,bg_ncop_8122
bg_ncop_81222009,Машинен оператор галванизиране на метал,81222009,occupation,operator,secondary,2,2025-01-01,true,bg_ncop_8122
bg_ncop_81222010,Машинен оператор излъскване на метал,81222010,occupation,operator,secondary,2,2025-01-01,true,bg_ncop_8122
bg_ncop_81222011,Машинен оператор метализатор,81222011,occupation,operator,secondary,2,2025-01-01,true,bg_ncop_8122
bg_ncop_81222012,Машинен оператор направа на покритие,81222012,occupation,operator,secondary,2,2025-01-01,true,bg_ncop_8122
bg_ncop_81222013,Машинен оператор оцветяване на метал,81222013,occupation,operator,secondary,2,2025-01-01,true,bg_ncop_8122
bg_ncop_81222014,Машинен оператор поцинковане на метал,81222014,occupation,operator,secondary,2,2025-01-01,true,bg_ncop_8122
bg_ncop_81222015,Машинен оператор регенериране на платинови мрежи,81222015,occupation,operator,secondary,2,2025-01-01,true,bg_ncop_8122
bg_ncop_81222016,Машинен оператор точене на листове (метал),81222016,occupation,operator,secondary,2,2025-01-01,true,bg_ncop_8122
bg_ncop_81222017,Машинен оператор шлифоване на метал,81222017,occupation,operator,secondary,2,2025-01-01,true,bg_ncop_8122
bg_ncop_81222018,Оператор оборудване за почистване на метал,81222018,occupation,operator,secondary,2,2025-01-01,true,bg_ncop_8122
bg_ncop_81222019,Оператор регулировчик на електролизни вани,81222019,occupation,operator,secondary,2,2025-01-01,true,bg_ncop_8122
bg_ncop_81222020,Работник покриване метални повърхности,81222020,occupation,operator,secondary,2,2025-01-01,true,bg_ncop_8122
bg_ncop_81222021,Химикалист производство на стоманени профили,81222021,occupation,operator,secondary,2,2025-01-01,true,bg_ncop_8122
bg_ncop_81312001,Апаратчик химически процеси,81312001,occupation,operator,secondary,2,2025-01-01,true,bg_ncop_8131
bg_ncop_81312002,Заготвител активна маса (химически процеси),81312002,occupation,operator,secondary,2,2025-01-01,true,bg_ncop_8131
bg_ncop_81312003,Изготвител бои лакове багрила  флюсове и лустра,81312003,occupation,operator,secondary,2,2025-01-01,true,bg_ncop_8131
bg_ncop_81312004,Лепилоприготвител,81312004,occupation,operator,secondary,2,2025-01-01,true,bg_ncop_8131
bg_ncop_81312005,Машинен оператор експандерист,81312005,occupation,operator,secondary,2,2025-01-01,true,bg_ncop_8131
bg_ncop_81312006,Машинен оператор изготвител и разфасовчик на туш,81312006,occupation,operator,secondary,2,2025-01-01,true,bg_ncop_8131
bg_ncop_81312007,Машинен оператор изготвител на фирниси фиксативи и маслен пастел,81312007,occupation,operator,secondary,2,2025-01-01,true,bg_ncop_8131
bg_ncop_81312008,Машинен оператор мелене (химически и други сродни на тях процеси),81312008,occupation,operator,secondary,2,2025-01-01,true,bg_ncop_8131
bg_ncop_81312009,Машинен оператор пулверизиране (химически и други сродни на тях процеси),81312009,occupation,operator,secondary,2,2025-01-01,true,bg_ncop_8131
bg_ncop_81312010,Машинен оператор разбиване (химически други сродни на тях процеси),81312010,occupation,operator,secondary,2,2025-01-01,true,bg_ncop_8131
bg_ncop_81312011,Машинен оператор размесване (химически и други сродни на тях процеси),81312011,occupation,operator,secondary,2,2025-01-01,true,bg_ncop_8131
bg_ncop_81312012,Машинен оператор смесване в химически и други сродни на тях процеси,81312012,occupation,operator,secondary,2,2025-01-01,true,bg_ncop_8131
bg_ncop_81312013,Машинен оператор смеси и разтвори за бои за рисуване,81312013,occupation,operator,secondary,2,2025-01-01,true,bg_ncop_8131
bg_ncop_81312014,Машинен оператор стриване в химически и други сродни на тях процеси,81312014,occupation,operator,secondary,2,2025-01-01,true,bg_ncop_8131
bg_ncop_81312015,Машинен оператор сух пастел и моделин,81312015,occupation,operator,secondary,2,2025-01-01,true,bg_ncop_8131
bg_ncop_81312016,Машинен оператор съединяване в химически и други сродни на тях процеси,81312016,occupation,operator,secondary,2,2025-01-01,true,bg_ncop_8131
bg_ncop_81312017,Машинен оператор таблетираща машина за акварел,81312017,occupation,operator,secondary,2,2025-01-01,true,bg_ncop_8131
bg_ncop_81312018,Машинен оператор гореща камера,81312018,occupation,operator,secondary,2,2025-01-01,true,bg_ncop_8131
bg_ncop_81312019,Машинен оператор производство на дървени въглища,81312019,occupation,operator,secondary,2,2025-01-01,true,bg_ncop_8131
bg_ncop_81312020,Машинен оператор производство на изкуствени торове,81312020,occupation,operator,secondary,2,2025-01-01,true,bg_ncop_8131
bg_ncop_81312021,Машинен оператор производство на светилен газ,81312021,occupation,operator,secondary,2,2025-01-01,true,bg_ncop_8131
bg_ncop_81312022,Машинен оператор производство на синтетични влакна,81312022,occupation,operator,secondary,2,2025-01-01,true,bg_ncop_8131
bg_ncop_81312023,Машинен оператор филерист,81312023,occupation,operator,secondary,2,2025-01-01,true,bg_ncop_8131
bg_ncop_81312024,Машинен оператор производство на етерични масла и конкрети,81312024,occupation,operator,secondary,2,2025-01-01,true,bg_ncop_8131
bg_ncop_81312025,Машинен оператор производство на памук тампони марли и други,81312025,occupation,operator,secondary,2,2025-01-01,true,bg_ncop_8131
bg_ncop_81312026,Машинен оператор производство на перилни средства,81312026,occupation,operator,secondary,2,2025-01-01,true,bg_ncop_8131
bg_ncop_81312027,Машинен оператор производство на тоалетни препарати,81312027,occupation,operator,secondary,2,2025-01-01,true,bg_ncop_8131
bg_ncop_81312028,Машинен оператор фармацевтични продукти,81312028,occupation,operator,secondary,2,2025-01-01,true,bg_ncop_8131
bg_ncop_81312029,Машинен оператор амуниции,81312029,occupation,operator,secondary,2,2025-01-01,true,bg_ncop_8131
bg_ncop_81312030,Машинен оператор производство на експлозивни вещества,81312030,occupation,operator,secondary,2,2025-01-01,true,bg_ncop_8131
bg_ncop_81312031,Машинен оператор производство на кибрит,81312031,occupation,operator,secondary,2,2025-01-01,true,bg_ncop_8131
bg_ncop_81312032,Машинен оператор производство на феритни и магнитни изделия,81312032,occupation,operator,secondary,2,2025-01-01,true,bg_ncop_8131
bg_ncop_81312033,Машинен оператор производство на фойерверки,81312033,occupation,operator,secondary,2,2025-01-01,true,bg_ncop_8131
bg_ncop_81312034,Машинен оператор заварчик на кондензатори,81312034,occupation,operator,secondary,2,2025-01-01,true,bg_ncop_8131
bg_ncop_81312035,Машинен оператор производство на бои лакове и багрила,81312035,occupation,operator,secondary,2,2025-01-01,true,bg_ncop_8131
bg_ncop_81312036,Машинен оператор производство на водороден газ,81312036,occupation,operator,secondary,2,2025-01-01,true,bg_ncop_8131
bg_ncop_81312037,Машинен оператор производство на линолеум,81312037,occupation,operator,secondary,2,2025-01-01,true,bg_ncop_8131
bg_ncop_81312038,Машинен оператор производство на смоли,81312038,occupation,operator,secondary,2,2025-01-01,true,bg_ncop_8131
bg_ncop_81312039,Машинен оператор производство на хлорен газ,81312039,occupation,operator,secondary,2,2025-01-01,true,bg_ncop_8131
bg_ncop_81312040,Машинен оператор производство на халогенен газ,81312040,occupation,operator,secondary,2,2025-01-01,true,bg_ncop_8131
bg_ncop_81312041,Машинен оператор промиване на химически и други сродни на тях материали,81312041,occupation,operator,secondary,2,2025-01-01,true,bg_ncop_8131
bg_ncop_81312042,Лепиловар,81312042,occupation,operator,secondary,2,2025-01-01,true,bg_ncop_8131
bg_ncop_81312043,Смоловар,81312043,occupation,operator,secondary,2,2025-01-01,true,bg_ncop_8131
bg_ncop_81312044,Кислородчик,81312044,occupation,operator,secondary,2,2025-01-01,true,bg_ncop_8131
bg_ncop_81312045,Апаратчик сярна киселина,81312045,occupation,operator,secondary,2,2025-01-01,true,bg_ncop_8131
bg_ncop_81312046,Оператор пастировчик на плочи,81312046,occupation,operator,secondary,2,2025-01-01,true,bg_ncop_8131
bg_ncop_81312047,Оператор приготвител на смеси,81312047,occupation,operator,secondary,2,2025-01-01,true,bg_ncop_8131
bg_ncop_81312048,Оператор компаудировчик,81312048,occupation,operator,secondary,2,2025-01-01,true,bg_ncop_8131
bg_ncop_81312049,Оператор чукова мелница (химически и други сродни на тях процеси),81312049,occupation,operator,secondary,2,2025-01-01,true,bg_ncop_8131
bg_ncop_81312050,Оператор гранулиращо оборудване (фармацевтични продукти и тоалетни препарати),81312050,occupation,operator,secondary,2,2025-01-01,true,bg_ncop_8131
bg_ncop_81312051,Оператор дестилатор (парфюми),81312051,occupation,operator,secondary,2,2025-01-01,true,bg_ncop_8131
bg_ncop_81312052,Оператор дестилаторно оборудване (парфюми),81312052,occupation,operator,secondary,2,2025-01-01,true,bg_ncop_8131
bg_ncop_81312053,Оператор оборудване за моделиране (тоалетни принадлежности),81312053,occupation,operator,secondary,2,2025-01-01,true,bg_ncop_8131
bg_ncop_81312054,Оператор подготвител на смеси разтвори и полуфабрикати за електронни елементи,81312054,occupation,operator,secondary,2,2025-01-01,true,bg_ncop_8131
bg_ncop_81312055,Оператор производство на акумулатори,81312055,occupation,operator,secondary,2,2025-01-01,true,bg_ncop_8131
bg_ncop_81312056,Леяр детайли от олово за акумулатори,81312056,occupation,operator,secondary,2,2025-01-01,true,bg_ncop_8131
bg_ncop_81313057,Оператор филтърна преса (химически и други сродни на тях процеси),81313057,occupation,operator,secondary,2,2025-01-01,true,bg_ncop_8131
bg_ncop_81313058,Оператор флотация на кварцов прах,81313058,occupation,operator,secondary,2,2025-01-01,true,bg_ncop_8131
bg_ncop_81313059,Оператор дехидратор (петролни залежи),81313059,occupation,operator,secondary,2,2025-01-01,true,bg_ncop_8131
bg_ncop_81313060,Оператор екстрактор (химически и други сродни на тях материали),81313060,occupation,operator,secondary,2,2025-01-01,true,bg_ncop_8131
bg_ncop_81313061,Оператор инструмент за изхвърляне (химически и други сродни на тях материали),81313061,occupation,operator,secondary,2,2025-01-01,true,bg_ncop_8131
bg_ncop_81313062,Оператор оборудване за обработка манипулация на суров петрол,81313062,occupation,operator,secondary,2,2025-01-01,true,bg_ncop_8131
bg_ncop_81313063,Оператор пресяване прецеждане на химически и сродни на тях материали,81313063,occupation,operator,secondary,2,2025-01-01,true,bg_ncop_8131
bg_ncop_81313064,Оператор сепаратор (химически и други сродни на тях процеси),81313064,occupation,operator,secondary,2,2025-01-01,true,bg_ncop_8131
bg_ncop_81313065,Оператор филтър ротационен барабан,81313065,occupation,operator,secondary,2,2025-01-01,true,bg_ncop_8131
bg_ncop_81313066,Оператор филтър (химически и други сродни на тях процеси),81313066,occupation,operator,secondary,2,2025-01-01,true,bg_ncop_8131
bg_ncop_81313067,Оператор центрофугиращ сепаратор (химически и други сродни на тях процеси),81313067,occupation,operator,secondary,2,2025-01-01,true,bg_ncop_8131
bg_ncop_81313068,Вакуумимпрегнатор,81313068,occupation,operator,secondary,2,2025-01-01,true,bg_ncop_8131
bg_ncop_81313069,Вакуумоператор,81313069,occupation,operator,secondary,2,2025-01-01,true,bg_ncop_8131
bg_ncop_81313070,Оператор вакуумна вана в химически и сродни на тях процеси (без нефт и природен газ),81313070,occupation,operator,secondary,2,2025-01-01,true,bg_ncop_8131
bg_ncop_81313071,Оператор дестилатор еднократно (химически процеси - без нефт и природен газ),81313071,occupation,operator,secondary,2,2025-01-01,true,bg_ncop_8131
bg_ncop_81313072,Оператор дестилатор непрекъснато (химически процеси - без нефт и природен газ),81313072,occupation,operator,secondary,2,2025-01-01,true,bg_ncop_8131
bg_ncop_81313073,Оператор екстрактор (дестилация на дървен материал),81313073,occupation,operator,secondary,2,2025-01-01,true,bg_ncop_8131
bg_ncop_81313074,Оператор изпарител (химически процеси - без нефт и природен газ),81313074,occupation,operator,secondary,2,2025-01-01,true,bg_ncop_8131
bg_ncop_81313075,Оператор конвертор (химически процеси - без нефт и природен газ),81313075,occupation,operator,secondary,2,2025-01-01,true,bg_ncop_8131
bg_ncop_81313076,Оператор реактор-конвертор (химически процеси - без нефт и природен газ),81313076,occupation,operator,secondary,2,2025-01-01,true,bg_ncop_8131
bg_ncop_81313077,Оператор реактор (химически процеси - без нефт и природен газ),81313077,occupation,operator,secondary,2,2025-01-01,true,bg_ncop_8131
bg_ncop_81313078,Оператор избелителни разтвори,81313078,occupation,operator,secondary,2,2025-01-01,true,bg_ncop_8131
bg_ncop_81313079,Оператор производство на парафин,81313079,occupation,operator,secondary,2,2025-01-01,true,bg_ncop_8131
bg_ncop_81312080,Газголдерчик,81312080,occupation,operator,secondary,2,2025-01-01,true,bg_ncop_8131
bg_ncop_81312081,Захранвач,81312081,occupation,operator,secondary,2,2025-01-01,true,bg_ncop_8131
bg_ncop_81312082,Изпитател акумулатори,81312082,occupation,operator,secondary,2,2025-01-01,true,bg_ncop_8131
bg_ncop_81312083,Монтьор оловни акумулатори,81312083,occupation,operator,secondary,2,2025-01-01,true,bg_ncop_8131
bg_ncop_81312084,Дообработчик плочи за акумулатори,81312084,occupation,operator,secondary,2,2025-01-01,true,bg_ncop_8131
bg_ncop_81312085,Приготвител оловни сплави за акумулатори и други подобни,81312085,occupation,operator,secondary,2,2025-01-01,true,bg_ncop_8131
bg_ncop_81312086,Работник производство на индикаторни тръби,81312086,occupation,operator,secondary,2,2025-01-01,true,bg_ncop_8131
bg_ncop_81312087,Работник добив на оловен прах,81312087,occupation,operator,secondary,2,2025-01-01,true,bg_ncop_8131
bg_ncop_81312088,Работник производство на акумулатори,81312088,occupation,operator,secondary,2,2025-01-01,true,bg_ncop_8131
bg_ncop_81312089,Работник приготвящ електролит,81312089,occupation,operator,secondary,2,2025-01-01,true,bg_ncop_8131
bg_ncop_81312090,Работник зареждане на акумулатори,81312090,occupation,operator,secondary,2,2025-01-01,true,bg_ncop_8131
bg_ncop_81312091,Работник пастировка,81312091,occupation,operator,secondary,2,2025-01-01,true,bg_ncop_8131
bg_ncop_81312092,Работник приготвяне на изолационни материали и смеси,81312092,occupation,operator,secondary,2,2025-01-01,true,bg_ncop_8131
bg_ncop_81312093,Работник приготвяне на оловни сплави,81312093,occupation,operator,secondary,2,2025-01-01,true,bg_ncop_8131
bg_ncop_81312094,Работник производство на асфалтови смеси,81312094,occupation,operator,secondary,2,2025-01-01,true,bg_ncop_8131
bg_ncop_81312095,Работник производство на химически токоизточници,81312095,occupation,operator,secondary,2,2025-01-01,true,bg_ncop_8131
bg_ncop_81322001,Копист филмови материали,81322001,occupation,operator,secondary,2,2025-01-01,true,bg_ncop_8132
bg_ncop_81322002,Лаборант обработващ светлочувствителни материали,81322002,occupation,operator,secondary,2,2025-01-01,true,bg_ncop_8132
bg_ncop_81322003,Печатар проекции изображения,81322003,occupation,operator,secondary,2,2025-01-01,true,bg_ncop_8132
bg_ncop_81322004,Печатар филми,81322004,occupation,operator,secondary,2,2025-01-01,true,bg_ncop_8132
bg_ncop_81322005,Печатар фотографии,81322005,occupation,operator,secondary,2,2025-01-01,true,bg_ncop_8132
bg_ncop_81322006,Проявител рентгенови филми,81322006,occupation,operator,secondary,2,2025-01-01,true,bg_ncop_8132
bg_ncop_81322007,Проявител фотографски плаки,81322007,occupation,operator,secondary,2,2025-01-01,true,bg_ncop_8132
bg_ncop_81322008,Проявител цветни негативи позитиви,81322008,occupation,operator,secondary,2,2025-01-01,true,bg_ncop_8132
bg_ncop_81322009,Проявител цветни филми снимки,81322009,occupation,operator,secondary,2,2025-01-01,true,bg_ncop_8132
bg_ncop_81322010,Проявител черно-бели негативи позитиви,81322010,occupation,operator,secondary,2,2025-01-01,true,bg_ncop_8132
bg_ncop_81322011,Проявител черно-бели филми снимки,81322011,occupation,operator,secondary,2,2025-01-01,true,bg_ncop_8132
bg_ncop_81322012,Проявител копировач,81322012,occupation,operator,secondary,2,2025-01-01,true,bg_ncop_8132
bg_ncop_81322013,Увеличител на снимки,81322013,occupation,operator,secondary,2,2025-01-01,true,bg_ncop_8132
bg_ncop_81322014,Машинен оператор вадене на копия от снимки,81322014,occupation,operator,secondary,2,2025-01-01,true,bg_ncop_8132
bg_ncop_81322015,Машинен оператор производство на фотографска хартия,81322015,occupation,operator,secondary,2,2025-01-01,true,bg_ncop_8132
bg_ncop_81322016,Машинен оператор производство на фотографски плаки,81322016,occupation,operator,secondary,2,2025-01-01,true,bg_ncop_8132
bg_ncop_81322017,Машинен оператор производство на фотографски филми,81322017,occupation,operator,secondary,2,2025-01-01,true,bg_ncop_8132
bg_ncop_81322018,Машинен оператор проявяване на фотографски материали,81322018,occupation,operator,secondary,2,2025-01-01,true,bg_ncop_8132
bg_ncop_81322019,Машинен оператор специализирано устройство за микрофилмова техника,81322019,occupation,operator,secondary,2,2025-01-01,true,bg_ncop_8132
bg_ncop_81322020,Машинен оператор фотографски изделия,81322020,occupation,operator,secondary,2,2025-01-01,true,bg_ncop_8132
bg_ncop_81322021,Работник тъмни помещения по проявяване на филми и копиране на снимки,81322021,occupation,operator,secondary,2,2025-01-01,true,bg_ncop_8132
bg_ncop_81412001,Заготовчик изолационни платове,81412001,occupation,operator,secondary,2,2025-01-01,true,bg_ncop_8141
bg_ncop_81412002,Изготвител болкит,81412002,occupation,operator,secondary,2,2025-01-01,true,bg_ncop_8141
bg_ncop_81412003,Импрегнатор,81412003,occupation,operator,secondary,2,2025-01-01,true,bg_ncop_8141
bg_ncop_81412004,Машинен оператор биене на каучук,81412004,occupation,operator,secondary,2,2025-01-01,true,bg_ncop_8141
bg_ncop_81412005,Машинен оператор вулканизиране на автомобилни гуми и др.,81412005,occupation,operator,secondary,2,2025-01-01,true,bg_ncop_8141
bg_ncop_81412006,Машинен оператор вулканизиране на каучукови изделия,81412006,occupation,operator,secondary,2,2025-01-01,true,bg_ncop_8141
bg_ncop_81412007,Машинен оператор възстановяване на автомобилни гуми,81412007,occupation,operator,secondary,2,2025-01-01,true,bg_ncop_8141
bg_ncop_81412008,Машинен оператор направа на покритие от каучук,81412008,occupation,operator,secondary,2,2025-01-01,true,bg_ncop_8141
bg_ncop_81412009,Машинен оператор обработка на каучук,81412009,occupation,operator,secondary,2,2025-01-01,true,bg_ncop_8141
bg_ncop_81412010,Машинен оператор производство на гуми,81412010,occupation,operator,secondary,2,2025-01-01,true,bg_ncop_8141
bg_ncop_81412011,Машинен оператор производство на каучукови изделия,81412011,occupation,operator,secondary,2,2025-01-01,true,bg_ncop_8141
bg_ncop_81412012,Машинен оператор производство на щемпели,81412012,occupation,operator,secondary,2,2025-01-01,true,bg_ncop_8141
bg_ncop_81412013,Машинен оператор фасониране на каучук,81412013,occupation,operator,secondary,2,2025-01-01,true,bg_ncop_8141
bg_ncop_81412014,Машинен оператор щанцоване на каучук,81412014,occupation,operator,secondary,2,2025-01-01,true,bg_ncop_8141
bg_ncop_81412015,Оператор каучуково производство,81412015,occupation,operator,secondary,2,2025-01-01,true,bg_ncop_8141
bg_ncop_81412016,Оператор каландър (каучук),81412016,occupation,operator,secondary,2,2025-01-01,true,bg_ncop_8141
bg_ncop_81412017,Работник импрегнация,81412017,occupation,operator,secondary,2,2025-01-01,true,bg_ncop_8141
bg_ncop_81421001,Бласьор,81421001,occupation,operator,secondary,2,2025-01-01,true,bg_ncop_8142
bg_ncop_81421002,Изцепвач дунапрен,81421002,occupation,operator,secondary,2,2025-01-01,true,bg_ncop_8142
bg_ncop_81421003,Машинен оператор ецване на пластмаса,81421003,occupation,operator,secondary,2,2025-01-01,true,bg_ncop_8142
bg_ncop_81421004,Машинен оператор изработване на пластмасови антени,81421004,occupation,operator,secondary,2,2025-01-01,true,bg_ncop_8142
bg_ncop_81421005,Машинен оператор изработване на плексигласови изделия,81421005,occupation,operator,secondary,2,2025-01-01,true,bg_ncop_8142
bg_ncop_81421006,Машинен оператор леене на пластмасови изделия,81421006,occupation,operator,secondary,2,2025-01-01,true,bg_ncop_8142
bg_ncop_81421007,Машинен оператор моделиране фасониране на пластмаса,81421007,occupation,operator,secondary,2,2025-01-01,true,bg_ncop_8142
bg_ncop_81421008,Машинен оператор направа на пластове листове,81421008,occupation,operator,secondary,2,2025-01-01,true,bg_ncop_8142
bg_ncop_81421009,Машинен оператор направа на резба (пластмаса),81421009,occupation,operator,secondary,2,2025-01-01,true,bg_ncop_8142
bg_ncop_81421010,Машинен оператор оглаждане довършване на пластмаса,81421010,occupation,operator,secondary,2,2025-01-01,true,bg_ncop_8142
bg_ncop_81421011,Машинен оператор пресоване на пластмаси,81421011,occupation,operator,secondary,2,2025-01-01,true,bg_ncop_8142
bg_ncop_81421012,Машинен оператор пробиване на пластмаса,81421012,occupation,operator,secondary,2,2025-01-01,true,bg_ncop_8142
bg_ncop_81421013,Машинен оператор производство на пластмаса,81421013,occupation,operator,secondary,2,2025-01-01,true,bg_ncop_8142
bg_ncop_81421014,Машинен оператор производство на пластмасови изделия,81421014,occupation,operator,secondary,2,2025-01-01,true,bg_ncop_8142
bg_ncop_81421015,Машинен оператор рязане на пластмаса,81421015,occupation,operator,secondary,2,2025-01-01,true,bg_ncop_8142
bg_ncop_81421016,Машинен оператор спойване на пластмасови изделия,81421016,occupation,operator,secondary,2,2025-01-01,true,bg_ncop_8142
bg_ncop_81422017,Машинен оператор преработка на дунапрен,81422017,occupation,operator,secondary,2,2025-01-01,true,bg_ncop_8142
bg_ncop_81421018,Хладилен мебелист,81421018,occupation,operator,secondary,2,2025-01-01,true,bg_ncop_8142
bg_ncop_81432001,Машинен оператор производство на картонени изделия,81432001,occupation,operator,secondary,2,2025-01-01,true,bg_ncop_8143
bg_ncop_81432002,Машинен оператор изделия от хартия,81432002,occupation,operator,secondary,2,2025-01-01,true,bg_ncop_8143
bg_ncop_81432003,Машинен оператор изделия подвързани с картон,81432003,occupation,operator,secondary,2,2025-01-01,true,bg_ncop_8143
bg_ncop_81432004,Машинен оператор изработване в релеф (хартия),81432004,occupation,operator,secondary,2,2025-01-01,true,bg_ncop_8143
bg_ncop_81432005,Машинен оператор производство на пликове и хартиени торбички,81432005,occupation,operator,secondary,2,2025-01-01,true,bg_ncop_8143
bg_ncop_81432006,Машинен оператор производство на целофанени торбички,81432006,occupation,operator,secondary,2,2025-01-01,true,bg_ncop_8143
bg_ncop_81512001,Машинен оператор изпридане на конци и прежди,81512001,occupation,operator,secondary,2,2025-01-01,true,bg_ncop_8151
bg_ncop_81512002,Машинен оператор изпридане на синтетични влакна,81512002,occupation,operator,secondary,2,2025-01-01,true,bg_ncop_8151
bg_ncop_81512003,Машинен оператор комбиниране на текстилни влакна,81512003,occupation,operator,secondary,2,2025-01-01,true,bg_ncop_8151
bg_ncop_81512004,Машинен оператор метриране на плат,81512004,occupation,operator,secondary,2,2025-01-01,true,bg_ncop_8151
bg_ncop_81512005,Машинен оператор навиване на конци и прежди,81512005,occupation,operator,secondary,2,2025-01-01,true,bg_ncop_8151
bg_ncop_81512006,Машинен оператор навиване на плат,81512006,occupation,operator,secondary,2,2025-01-01,true,bg_ncop_8151
bg_ncop_81512007,Машинен оператор намотаване (конци и прежди),81512007,occupation,operator,secondary,2,2025-01-01,true,bg_ncop_8151
bg_ncop_81512008,Машинен оператор подготовка на влакна,81512008,occupation,operator,secondary,2,2025-01-01,true,bg_ncop_8151
bg_ncop_81512009,Машинен оператор пресукване на конци и прежди,81512009,occupation,operator,secondary,2,2025-01-01,true,bg_ncop_8151
bg_ncop_81512010,Машинен оператор размесване на текстилни влакна,81512010,occupation,operator,secondary,2,2025-01-01,true,bg_ncop_8151
bg_ncop_81512011,Машинен оператор удвояване на конци и прежди,81512011,occupation,operator,secondary,2,2025-01-01,true,bg_ncop_8151
bg_ncop_81512012,Машинен оператор усукване на конци и прежди,81512012,occupation,operator,secondary,2,2025-01-01,true,bg_ncop_8151
bg_ncop_81512013,Машинен оператор флаеровъчен стан (текстилни влакна),81512013,occupation,operator,secondary,2,2025-01-01,true,bg_ncop_8151
bg_ncop_81512014,Машинен оператор чертожен стан,81512014,occupation,operator,secondary,2,2025-01-01,true,bg_ncop_8151
bg_ncop_81522001,Свилар,81522001,occupation,operator,secondary,2,2025-01-01,true,bg_ncop_8152
bg_ncop_81522002,Секционен майстор,81522002,occupation,operator,secondary,2,2025-01-01,true,bg_ncop_8152
bg_ncop_81522003,Скробвач,81522003,occupation,operator,secondary,2,2025-01-01,true,bg_ncop_8152
bg_ncop_81522004,Сновач,81522004,occupation,operator,secondary,2,2025-01-01,true,bg_ncop_8152
bg_ncop_81522005,Тъкач,81522005,occupation,operator,secondary,2,2025-01-01,true,bg_ncop_8152
bg_ncop_81522006,Зареждач,81522006,occupation,operator,secondary,2,2025-01-01,true,bg_ncop_8152
bg_ncop_81522007,Машинен оператор бродерия,81522007,occupation,operator,secondary,2,2025-01-01,true,bg_ncop_8152
bg_ncop_81522008,Машинен оператор вдяване (тъкачен стан),81522008,occupation,operator,secondary,2,2025-01-01,true,bg_ncop_8152
bg_ncop_81522009,Машинен оператор вплитане (тъкане на текстил),81522009,occupation,operator,secondary,2,2025-01-01,true,bg_ncop_8152
bg_ncop_81522010,Машинен оператор изготвяне на кордони,81522010,occupation,operator,secondary,2,2025-01-01,true,bg_ncop_8152
bg_ncop_81522011,Машинен оператор насноваване на основата кросно (тъкане на текстил),81522011,occupation,operator,secondary,2,2025-01-01,true,bg_ncop_8152
bg_ncop_81522012,Машинен оператор плетене,81522012,occupation,operator,secondary,2,2025-01-01,true,bg_ncop_8152
bg_ncop_81522013,Машинен оператор производство на мрежи,81522013,occupation,operator,secondary,2,2025-01-01,true,bg_ncop_8152
bg_ncop_81522014,Машинен оператор рязане на текстил,81522014,occupation,operator,secondary,2,2025-01-01,true,bg_ncop_8152
bg_ncop_81522015,Машинен оператор тъкане,81522015,occupation,operator,secondary,2,2025-01-01,true,bg_ncop_8152
bg_ncop_81522016,Машинен оператор тъкане на килими,81522016,occupation,operator,secondary,2,2025-01-01,true,bg_ncop_8152
bg_ncop_81522017,Машинен оператор тъкане на платове,81522017,occupation,operator,secondary,2,2025-01-01,true,bg_ncop_8152
bg_ncop_81522018,Оператор тъкачен стан,81522018,occupation,operator,secondary,2,2025-01-01,true,bg_ncop_8152
bg_ncop_81522019,Работник плетач,81522019,occupation,operator,secondary,2,2025-01-01,true,bg_ncop_8152
bg_ncop_81522020,Работник бобинарка и шпулмашина,81522020,occupation,operator,secondary,2,2025-01-01,true,bg_ncop_8152
bg_ncop_81522021,Работник винтонарезен стан,81522021,occupation,operator,secondary,2,2025-01-01,true,bg_ncop_8152
bg_ncop_81522022,Работник плетачна машина,81522022,occupation,operator,secondary,2,2025-01-01,true,bg_ncop_8152
bg_ncop_81522023,Работник тъкачен стан,81522023,occupation,operator,secondary,2,2025-01-01,true,bg_ncop_8152
bg_ncop_81522024,Работник тъфтинг-машина за тъкане на килими,81522024,occupation,operator,secondary,2,2025-01-01,true,bg_ncop_8152
bg_ncop_81522025,Работник възстановяване на влакна,81522025,occupation,operator,secondary,2,2025-01-01,true,bg_ncop_8152
bg_ncop_81522026,Работник ръчно изшиване на дефекти на тъкането (дообработка на тъкани),81522026,occupation,operator,secondary,2,2025-01-01,true,bg_ncop_8152
bg_ncop_81522027,Работник десенатор на тъкани,81522027,occupation,operator,secondary,2,2025-01-01,true,bg_ncop_8152
bg_ncop_81522028,Работник предач на влакна и прежда,81522028,occupation,operator,secondary,2,2025-01-01,true,bg_ncop_8152
bg_ncop_81521029,Работник низане на жакардови карти,81521029,occupation,operator,secondary,2,2025-01-01,true,bg_ncop_8152
bg_ncop_81521030,Работник рязане на жакардови карти,81521030,occupation,operator,secondary,2,2025-01-01,true,bg_ncop_8152
bg_ncop_81532001,Машинен оператор кроене,81532001,occupation,operator,secondary,2,2025-01-01,true,bg_ncop_8153
bg_ncop_81532002,Машинен оператор кроене с електронна машина,81532002,occupation,operator,secondary,2,2025-01-01,true,bg_ncop_8153
bg_ncop_81532003,Машинен оператор преса за гладене,81532003,occupation,operator,secondary,2,2025-01-01,true,bg_ncop_8153
bg_ncop_81532004,Машинен оператор шиене,81532004,occupation,operator,secondary,2,2025-01-01,true,bg_ncop_8153
bg_ncop_81532005,Машинен оператор шиене на бродерия,81532005,occupation,operator,secondary,2,2025-01-01,true,bg_ncop_8153
bg_ncop_81532006,Машинен оператор шиене на кожени изделия,81532006,occupation,operator,secondary,2,2025-01-01,true,bg_ncop_8153
bg_ncop_81532007,Машинен оператор шиене на облекла,81532007,occupation,operator,secondary,2,2025-01-01,true,bg_ncop_8153
bg_ncop_81532008,Машинен оператор шиене на обувки,81532008,occupation,operator,secondary,2,2025-01-01,true,bg_ncop_8153
bg_ncop_81532009,Машинен оператор шиене на тапицерия,81532009,occupation,operator,secondary,2,2025-01-01,true,bg_ncop_8153
bg_ncop_81532010,Машинен оператор шиене на текстилни изделия,81532010,occupation,operator,secondary,2,2025-01-01,true,bg_ncop_8153
bg_ncop_81532011,Машинен оператор шиене на шапки,81532011,occupation,operator,secondary,2,2025-01-01,true,bg_ncop_8153
bg_ncop_81542001,Машинен оператор белене (избелване) на влакна текстил и текстилни изделия,81542001,occupation,operator,secondary,2,2025-01-01,true,bg_ncop_8154
bg_ncop_81542002,Машинен оператор боядисване на влакна текстил и текстилни изделия,81542002,occupation,operator,secondary,2,2025-01-01,true,bg_ncop_8154
bg_ncop_81542003,Машинен оператор импрегниране на влакна текстил и текстилни изделия,81542003,occupation,operator,secondary,2,2025-01-01,true,bg_ncop_8154
bg_ncop_81542004,Машинен оператор кадриране на плат,81542004,occupation,operator,secondary,2,2025-01-01,true,bg_ncop_8154
bg_ncop_81542005,Машинен оператор свиване на текстил,81542005,occupation,operator,secondary,2,2025-01-01,true,bg_ncop_8154
bg_ncop_81542006,Машинен оператор сушене на влакна текстил и текстилни изделия,81542006,occupation,operator,secondary,2,2025-01-01,true,bg_ncop_8154
bg_ncop_81542007,Оператор парна преса,81542007,occupation,operator,secondary,2,2025-01-01,true,bg_ncop_8154
bg_ncop_81542008,Оператор каландър (текстил),81542008,occupation,operator,secondary,2,2025-01-01,true,bg_ncop_8154
bg_ncop_81542009,Оператор оборудване за почистване на влакна текстил и текстилни изделия,81542009,occupation,operator,secondary,2,2025-01-01,true,bg_ncop_8154
bg_ncop_81552001,Машинен оператор боядисване оцветяване на кожи,81552001,occupation,operator,secondary,2,2025-01-01,true,bg_ncop_8155
bg_ncop_81552002,Машинен оператор обработка на кожи,81552002,occupation,operator,secondary,2,2025-01-01,true,bg_ncop_8155
bg_ncop_81552003,Машинен оператор подготовка на кожи,81552003,occupation,operator,secondary,2,2025-01-01,true,bg_ncop_8155
bg_ncop_81552004,Машинен оператор пране на кожи,81552004,occupation,operator,secondary,2,2025-01-01,true,bg_ncop_8155
bg_ncop_81552005,Машинен оператор рязане на кожи,81552005,occupation,operator,secondary,2,2025-01-01,true,bg_ncop_8155
bg_ncop_81552006,Машинен оператор смесване на кожени влакна,81552006,occupation,operator,secondary,2,2025-01-01,true,bg_ncop_8155
bg_ncop_81552007,Машинен оператор щавене,81552007,occupation,operator,secondary,2,2025-01-01,true,bg_ncop_8155
bg_ncop_81562001,Машинен оператор обувно производство,81562001,occupation,operator,secondary,2,2025-01-01,true,bg_ncop_8156
bg_ncop_81562002,Машинен оператор производство на ортопедични обувки,81562002,occupation,operator,secondary,2,2025-01-01,true,bg_ncop_8156
bg_ncop_81562003,Машинен оператор производство на спортни обувки,81562003,occupation,operator,secondary,2,2025-01-01,true,bg_ncop_8156
bg_ncop_81572001,Машинен оператор гладене в пералня,81572001,occupation,operator,secondary,2,2025-01-01,true,bg_ncop_8157
bg_ncop_81572002,Машинен оператор пералня перачница,81572002,occupation,operator,secondary,2,2025-01-01,true,bg_ncop_8157
bg_ncop_81572003,Машинен оператор химическо чистене,81572003,occupation,operator,secondary,2,2025-01-01,true,bg_ncop_8157
bg_ncop_81570004,Оператор тепавица,81570004,occupation,operator,secondary,2,2025-01-01,true,bg_ncop_8157
bg_ncop_81592001,Машинен оператор десениране на текстил,81592001,occupation,operator,secondary,2,2025-01-01,true,bg_ncop_8159
bg_ncop_81592002,Машинен оператор производство на дюшеци,81592002,occupation,operator,secondary,2,2025-01-01,true,bg_ncop_8159
bg_ncop_81592003,Машинен оператор производство на ширити сърма и други подобни,81592003,occupation,operator,secondary,2,2025-01-01,true,bg_ncop_8159
bg_ncop_81592004,Машинен оператор шаблониране на кожи,81592004,occupation,operator,secondary,2,2025-01-01,true,bg_ncop_8159
bg_ncop_81592005,Машинен оператор шапкарство,81592005,occupation,operator,secondary,2,2025-01-01,true,bg_ncop_8159
bg_ncop_81592006,Машинен оператор производство на нетъкан текстил и изкуствени кожи,81592006,occupation,operator,secondary,2,2025-01-01,true,bg_ncop_8159
bg_ncop_81602001,Машинен оператор бланширане на риба месо,81602001,occupation,operator,secondary,2,2025-01-01,true,bg_ncop_8160
bg_ncop_81602002,Машинен оператор затваряне на консерви в метална кутия (херметически),81602002,occupation,operator,secondary,2,2025-01-01,true,bg_ncop_8160
bg_ncop_81602003,Машинен оператор измиване на консерви (стерилни в метални кутии),81602003,occupation,operator,secondary,2,2025-01-01,true,bg_ncop_8160
bg_ncop_81602004,Машинен оператор размразяване на месо риба,81602004,occupation,operator,secondary,2,2025-01-01,true,bg_ncop_8160
bg_ncop_81602005,Машинен оператор замразяване на месо риба,81602005,occupation,operator,secondary,2,2025-01-01,true,bg_ncop_8160
bg_ncop_81602006,Машинен оператор консервиране на месо риба,81602006,occupation,operator,secondary,2,2025-01-01,true,bg_ncop_8160
bg_ncop_81602007,Машинен оператор месни продукти,81602007,occupation,operator,secondary,2,2025-01-01,true,bg_ncop_8160
bg_ncop_81602008,Машинен оператор обработване на месо риба,81602008,occupation,operator,secondary,2,2025-01-01,true,bg_ncop_8160
bg_ncop_81602009,Машинен оператор рибни продукти,81602009,occupation,operator,secondary,2,2025-01-01,true,bg_ncop_8160
bg_ncop_81602010,Машинен оператор стерилизиране на месо риба,81602010,occupation,operator,secondary,2,2025-01-01,true,bg_ncop_8160
bg_ncop_81602011,Машинен оператор сушене на месо,81602011,occupation,operator,secondary,2,2025-01-01,true,bg_ncop_8160
bg_ncop_81602012,Оператор автоклав (месо и риба),81602012,occupation,operator,secondary,2,2025-01-01,true,bg_ncop_8160
bg_ncop_81602013,Машинен оператор миячна машина,81602013,occupation,operator,secondary,2,2025-01-01,true,bg_ncop_8160
bg_ncop_81602014,Машинен оператор разфасовъчна машина,81602014,occupation,operator,secondary,2,2025-01-01,true,bg_ncop_8160
bg_ncop_81602015,Машинен оператор млечни продукти,81602015,occupation,operator,secondary,2,2025-01-01,true,bg_ncop_8160
bg_ncop_81602016,Машинен оператор пастьоризиране на мляко млечни продукти,81602016,occupation,operator,secondary,2,2025-01-01,true,bg_ncop_8160
bg_ncop_81602017,Машинен оператор преработване на мляко,81602017,occupation,operator,secondary,2,2025-01-01,true,bg_ncop_8160
bg_ncop_81602018,Машинен оператор производство на мляко на прах,81602018,occupation,operator,secondary,2,2025-01-01,true,bg_ncop_8160
bg_ncop_81602019,Оператор стифир машина,81602019,occupation,operator,secondary,2,2025-01-01,true,bg_ncop_8160
bg_ncop_81602020,Оператор вакуумен съд за кондензирано мляко,81602020,occupation,operator,secondary,2,2025-01-01,true,bg_ncop_8160
bg_ncop_81602021,Машинен оператор пресевна машина,81602021,occupation,operator,secondary,2,2025-01-01,true,bg_ncop_8160
bg_ncop_81602022,Машинен оператор силози,81602022,occupation,operator,secondary,2,2025-01-01,true,bg_ncop_8160
bg_ncop_81602023,Машинен оператор белене чистене на зърно,81602023,occupation,operator,secondary,2,2025-01-01,true,bg_ncop_8160
bg_ncop_81602024,Машинен оператор мелене на зърно,81602024,occupation,operator,secondary,2,2025-01-01,true,bg_ncop_8160
bg_ncop_81602025,Машинен оператор мелене на подправки,81602025,occupation,operator,secondary,2,2025-01-01,true,bg_ncop_8160
bg_ncop_81602026,Машинен оператор обработка на зърно,81602026,occupation,operator,secondary,2,2025-01-01,true,bg_ncop_8160
bg_ncop_81602027,Оператор мелница за зърно,81602027,occupation,operator,secondary,2,2025-01-01,true,bg_ncop_8160
bg_ncop_81602028,Оператор мелница за подправки,81602028,occupation,operator,secondary,2,2025-01-01,true,bg_ncop_8160
bg_ncop_81602029,Машинен оператор преработка на пчелен мед,81602029,occupation,operator,secondary,2,2025-01-01,true,bg_ncop_8160
bg_ncop_81602030,Машинен оператор производство на тестени изделия,81602030,occupation,operator,secondary,2,2025-01-01,true,bg_ncop_8160
bg_ncop_81602031,Машинен оператор производство на захарни изделия,81602031,occupation,operator,secondary,2,2025-01-01,true,bg_ncop_8160
bg_ncop_81602032,Машинен оператор производство на хляб,81602032,occupation,operator,secondary,2,2025-01-01,true,bg_ncop_8160
bg_ncop_81602033,Машинен оператор производство на шоколад и шоколадови изделия,81602033,occupation,operator,secondary,2,2025-01-01,true,bg_ncop_8160
bg_ncop_81602034,Машинен оператор хлебни изделия,81602034,occupation,operator,secondary,2,2025-01-01,true,bg_ncop_8160
bg_ncop_81602035,Машинен оператор замразяване на плодове зеленчуци,81602035,occupation,operator,secondary,2,2025-01-01,true,bg_ncop_8160
bg_ncop_81602036,Машинен оператор консервиране на плодове зеленчуци,81602036,occupation,operator,secondary,2,2025-01-01,true,bg_ncop_8160
bg_ncop_81602037,Машинен оператор обработка на плодове зеленчуци,81602037,occupation,operator,secondary,2,2025-01-01,true,bg_ncop_8160
bg_ncop_81602038,Машинен оператор обработка на ядки,81602038,occupation,operator,secondary,2,2025-01-01,true,bg_ncop_8160
bg_ncop_81602039,Машинен оператор производство на плодови зеленчукови сокове,81602039,occupation,operator,secondary,2,2025-01-01,true,bg_ncop_8160
bg_ncop_81602040,Машинен оператор производство на растителни масла,81602040,occupation,operator,secondary,2,2025-01-01,true,bg_ncop_8160
bg_ncop_81602041,Машинен оператор стерилизиране на плодове зеленчуци,81602041,occupation,operator,secondary,2,2025-01-01,true,bg_ncop_8160
bg_ncop_81602042,Машинен оператор сушене на хранителни продукти,81602042,occupation,operator,secondary,2,2025-01-01,true,bg_ncop_8160
bg_ncop_81602043,Оператор преса за плодове зеленчуци,81602043,occupation,operator,secondary,2,2025-01-01,true,bg_ncop_8160
bg_ncop_81602044,Оператор автоклав,81602044,occupation,operator,secondary,2,2025-01-01,true,bg_ncop_8160
bg_ncop_81602045,Оператор вакуумен съд за хранителни есенции,81602045,occupation,operator,secondary,2,2025-01-01,true,bg_ncop_8160
bg_ncop_81602046,Оператор вакуум-изпарителна инсталация с ароматоуловител,81602046,occupation,operator,secondary,2,2025-01-01,true,bg_ncop_8160
bg_ncop_81602047,Оператор вакуумна пещ (хранителни продукти),81602047,occupation,operator,secondary,2,2025-01-01,true,bg_ncop_8160
bg_ncop_81602048,Оператор оборудване за хидрогениране (масла и мазнини),81602048,occupation,operator,secondary,2,2025-01-01,true,bg_ncop_8160
bg_ncop_81602049,Регулировчик хранителни уредби и горивни апаратури,81602049,occupation,operator,secondary,2,2025-01-01,true,bg_ncop_8160
bg_ncop_81602050,Дестилатор,81602050,occupation,operator,secondary,2,2025-01-01,true,bg_ncop_8160
bg_ncop_81602051,Машинен оператор производство на захар,81602051,occupation,operator,secondary,2,2025-01-01,true,bg_ncop_8160
bg_ncop_81602052,Машинен оператор рафиниране на захар,81602052,occupation,operator,secondary,2,2025-01-01,true,bg_ncop_8160
bg_ncop_81602053,Оператор оборудване за рафиниране на захар,81602053,occupation,operator,secondary,2,2025-01-01,true,bg_ncop_8160
bg_ncop_81602054,Оператор уред за разтоварване (дифундиране на захарно цвекло),81602054,occupation,operator,secondary,2,2025-01-01,true,bg_ncop_8160
bg_ncop_81602055,Машинен оператор обработване на кафе какао чай,81602055,occupation,operator,secondary,2,2025-01-01,true,bg_ncop_8160
bg_ncop_81602056,Машинен оператор смесване на различни сортове кафе,81602056,occupation,operator,secondary,2,2025-01-01,true,bg_ncop_8160
bg_ncop_81602057,Машинен оператор смесване на различни сортове чай,81602057,occupation,operator,secondary,2,2025-01-01,true,bg_ncop_8160
bg_ncop_81602058,Оператор оборудване за печене на кафе какао,81602058,occupation,operator,secondary,2,2025-01-01,true,bg_ncop_8160
bg_ncop_81602059,Машинен оператор варене на спиртни напитки,81602059,occupation,operator,secondary,2,2025-01-01,true,bg_ncop_8160
bg_ncop_81602060,Машинен оператор дестилиране на спиртни напитки,81602060,occupation,operator,secondary,2,2025-01-01,true,bg_ncop_8160
bg_ncop_81602061,Машинен оператор пивоварство спиртни напитки,81602061,occupation,operator,secondary,2,2025-01-01,true,bg_ncop_8160
bg_ncop_81602062,Машинен оператор производство на безалкохолни напитки,81602062,occupation,operator,secondary,2,2025-01-01,true,bg_ncop_8160
bg_ncop_81602063,Оператор инсталация за изваряване на пиво алкохолни напитки,81602063,occupation,operator,secondary,2,2025-01-01,true,bg_ncop_8160
bg_ncop_81602064,Оператор дестилиране на спиртни напитки,81602064,occupation,operator,secondary,2,2025-01-01,true,bg_ncop_8160
bg_ncop_81602065,Оператор оборудване за отлежаване пивоварство спиртни напитки,81602065,occupation,operator,secondary,2,2025-01-01,true,bg_ncop_8160
bg_ncop_81602066,Оператор оборудване за приготвяне на малц,81602066,occupation,operator,secondary,2,2025-01-01,true,bg_ncop_8160
bg_ncop_81602067,Оператор оборудване за ферментация на спиртни напитки и пиво,81602067,occupation,operator,secondary,2,2025-01-01,true,bg_ncop_8160
bg_ncop_81602068,Пивовар,81602068,occupation,operator,secondary,2,2025-01-01,true,bg_ncop_8160
bg_ncop_81602069,Производител малц,81602069,occupation,operator,secondary,2,2025-01-01,true,bg_ncop_8160
bg_ncop_81602070,Машинен оператор бране на тютюневи листа,81602070,occupation,operator,secondary,2,2025-01-01,true,bg_ncop_8160
bg_ncop_81602071,Машинен оператор обработка на тютюн,81602071,occupation,operator,secondary,2,2025-01-01,true,bg_ncop_8160
bg_ncop_81602072,Машинен оператор производство на пури,81602072,occupation,operator,secondary,2,2025-01-01,true,bg_ncop_8160
bg_ncop_81602073,Машинен оператор производство на цигари,81602073,occupation,operator,secondary,2,2025-01-01,true,bg_ncop_8160
bg_ncop_81602074,Машинен оператор рязане на тютюневи листа,81602074,occupation,operator,secondary,2,2025-01-01,true,bg_ncop_8160
bg_ncop_81602075,Машинен оператор смесване различни сортове тютюн,81602075,occupation,operator,secondary,2,2025-01-01,true,bg_ncop_8160
bg_ncop_81602076,Машинен оператор тютюневи изделия,81602076,occupation,operator,secondary,2,2025-01-01,true,bg_ncop_8160
bg_ncop_81602077,Машинист агрегат тютюневи бали,81602077,occupation,operator,secondary,2,2025-01-01,true,bg_ncop_8160
bg_ncop_81602078,Оператор автоматична поточна линия тютюневи изделия,81602078,occupation,operator,secondary,2,2025-01-01,true,bg_ncop_8160
bg_ncop_81602079,Оператор вакуумен апарат за поддържане на влажността при обработка на тютюн,81602079,occupation,operator,secondary,2,2025-01-01,true,bg_ncop_8160
bg_ncop_81602080,Оператор вибро навлажнителен тунел,81602080,occupation,operator,secondary,2,2025-01-01,true,bg_ncop_8160
bg_ncop_81602081,Оператор смесител тютюнева линия,81602081,occupation,operator,secondary,2,2025-01-01,true,bg_ncop_8160
bg_ncop_81602082,Машинен оператор производство на яйчни продукти,81602082,occupation,operator,secondary,2,2025-01-01,true,bg_ncop_8160
bg_ncop_81601083,Работник маркиране,81601083,occupation,operator,secondary,2,2025-01-01,true,bg_ncop_8160
bg_ncop_81601084,Работник нераздробени меса,81601084,occupation,operator,secondary,2,2025-01-01,true,bg_ncop_8160
bg_ncop_81601085,Работник пълнене на колбаси,81601085,occupation,operator,secondary,2,2025-01-01,true,bg_ncop_8160
bg_ncop_81601086,Работник шунки и деликатеси,81601086,occupation,operator,secondary,2,2025-01-01,true,bg_ncop_8160
bg_ncop_81601087,Работник термична обработка,81601087,occupation,operator,secondary,2,2025-01-01,true,bg_ncop_8160
bg_ncop_81601088,Работник производство на захар захарни  и шоколадови изделия,81601088,occupation,operator,secondary,2,2025-01-01,true,bg_ncop_8160
bg_ncop_81601089,Работник производство на мелничарски  и  нишестени продукти,81601089,occupation,operator,secondary,2,2025-01-01,true,bg_ncop_8160
bg_ncop_81601090,Работник производство на  безалкохолни напитки сокове и води,81601090,occupation,operator,secondary,2,2025-01-01,true,bg_ncop_8160
bg_ncop_81601091,Работник производство на вино и високоалкохолни напитки,81601091,occupation,operator,secondary,2,2025-01-01,true,bg_ncop_8160
bg_ncop_81601092,Работник производство на растителни масла и масло продукти от растителен произход,81601092,occupation,operator,secondary,2,2025-01-01,true,bg_ncop_8160
bg_ncop_81601093,Машинен оператор нишестени продукти,81601093,occupation,operator,secondary,2,2025-01-01,true,bg_ncop_8160
bg_ncop_81712001,Машинен оператор довеждане на дървото до кашаво състояние,81712001,occupation,operator,secondary,2,2025-01-01,true,bg_ncop_8171
bg_ncop_81712002,Машинен оператор дялане на дървен материал,81712002,occupation,operator,secondary,2,2025-01-01,true,bg_ncop_8171
bg_ncop_81712003,Машинист транспортни съоръжения,81712003,occupation,operator,secondary,2,2025-01-01,true,bg_ncop_8171
bg_ncop_81712004,Машинист спомагателни съоръжения,81712004,occupation,operator,secondary,2,2025-01-01,true,bg_ncop_8171
bg_ncop_81712005,Оператор производство на листова целулоза,81712005,occupation,operator,secondary,2,2025-01-01,true,bg_ncop_8171
bg_ncop_81712006,Оператор сушене и  балиране,81712006,occupation,operator,secondary,2,2025-01-01,true,bg_ncop_8171
bg_ncop_81712007,Оператор обезводняване мерсеризация и балиране,81712007,occupation,operator,secondary,2,2025-01-01,true,bg_ncop_8171
bg_ncop_81712008,Оператор етерификация,81712008,occupation,operator,secondary,2,2025-01-01,true,bg_ncop_8171
bg_ncop_81712009,Оператор изготвител на разтвори и целулозна каша за мембрани и трептилки,81712009,occupation,operator,secondary,2,2025-01-01,true,bg_ncop_8171
bg_ncop_81712010,Оператор дялане дълбаене (хартиена каша),81712010,occupation,operator,secondary,2,2025-01-01,true,bg_ncop_8171
bg_ncop_81712011,Оператор избелване на хартия,81712011,occupation,operator,secondary,2,2025-01-01,true,bg_ncop_8171
bg_ncop_81712012,Оператор нагряване на хартиена каша,81712012,occupation,operator,secondary,2,2025-01-01,true,bg_ncop_8171
bg_ncop_81712013,Оператор пречистване на хартиена каша,81712013,occupation,operator,secondary,2,2025-01-01,true,bg_ncop_8171
bg_ncop_81712014,Оператор разтваряне на хартиена каша,81712014,occupation,operator,secondary,2,2025-01-01,true,bg_ncop_8171
bg_ncop_81712015,Оператор сортиране на хартиена каша,81712015,occupation,operator,secondary,2,2025-01-01,true,bg_ncop_8171
bg_ncop_81712016,Оператор тупане на хартиена каша,81712016,occupation,operator,secondary,2,2025-01-01,true,bg_ncop_8171
bg_ncop_81712017,Машинен оператор гланциране на хартия,81712017,occupation,operator,secondary,2,2025-01-01,true,bg_ncop_8171
bg_ncop_81712018,Машинен оператор производство на хартия,81712018,occupation,operator,secondary,2,2025-01-01,true,bg_ncop_8171
bg_ncop_81712019,Оператор преса за картонени изделия,81712019,occupation,operator,secondary,2,2025-01-01,true,bg_ncop_8171
bg_ncop_81712020,Оператор производство на хартия,81712020,occupation,operator,secondary,2,2025-01-01,true,bg_ncop_8171
bg_ncop_81712021,Оператор рязане на картон (велпапе),81712021,occupation,operator,secondary,2,2025-01-01,true,bg_ncop_8171
bg_ncop_81712022,Оператор съединяване на хартия,81712022,occupation,operator,secondary,2,2025-01-01,true,bg_ncop_8171
bg_ncop_81712023,Оператор фино сатиниране,81712023,occupation,operator,secondary,2,2025-01-01,true,bg_ncop_8171
bg_ncop_81712024,Работник зареждане корообелващ барабан,81712024,occupation,operator,secondary,2,2025-01-01,true,bg_ncop_8171
bg_ncop_81722001,Машинен оператор агрегат,81722001,occupation,operator,secondary,2,2025-01-01,true,bg_ncop_8172
bg_ncop_81722002,Машинен оператор банциг,81722002,occupation,operator,secondary,2,2025-01-01,true,bg_ncop_8172
bg_ncop_81722003,Машинен оператор циркуляр,81722003,occupation,operator,secondary,2,2025-01-01,true,bg_ncop_8172
bg_ncop_81722004,Машинен оператор дърводобив,81722004,occupation,operator,secondary,2,2025-01-01,true,bg_ncop_8172
bg_ncop_81722005,Машинен оператор дървообработване,81722005,occupation,operator,secondary,2,2025-01-01,true,bg_ncop_8172
bg_ncop_81722006,Машинен оператор производство на шперплат,81722006,occupation,operator,secondary,2,2025-01-01,true,bg_ncop_8172
bg_ncop_81722007,Машинен оператор рендосване на дървен материал,81722007,occupation,operator,secondary,2,2025-01-01,true,bg_ncop_8172
bg_ncop_81722008,Машинен оператор рязане на дървен материал,81722008,occupation,operator,secondary,2,2025-01-01,true,bg_ncop_8172
bg_ncop_81722009,Машинен оператор сушене на дървен материал,81722009,occupation,operator,secondary,2,2025-01-01,true,bg_ncop_8172
bg_ncop_81722010,Машинен оператор фрезоване на дървен материал,81722010,occupation,operator,secondary,2,2025-01-01,true,bg_ncop_8172
bg_ncop_81722011,Оператор отрязващ трион за трупи,81722011,occupation,operator,secondary,2,2025-01-01,true,bg_ncop_8172
bg_ncop_81722012,Оператор дъскорезница,81722012,occupation,operator,secondary,2,2025-01-01,true,bg_ncop_8172
bg_ncop_81722013,Оператор лентов трион,81722013,occupation,operator,secondary,2,2025-01-01,true,bg_ncop_8172
bg_ncop_81722014,Пресьор фурнир,81722014,occupation,operator,secondary,2,2025-01-01,true,bg_ncop_8172
bg_ncop_81722015,Пресьор шперплат,81722015,occupation,operator,secondary,2,2025-01-01,true,bg_ncop_8172
bg_ncop_81722016,Резач,81722016,occupation,operator,secondary,2,2025-01-01,true,bg_ncop_8172
bg_ncop_81722017,Машинен оператор производство на брикети и пелети,81722017,occupation,operator,secondary,2,2025-01-01,true,bg_ncop_8172
bg_ncop_81811001,Машинен оператор валцуване на листово стъкло,81811001,occupation,operator,secondary,2,2025-01-01,true,bg_ncop_8181
bg_ncop_81811002,Машинен оператор гравиране на стъкло,81811002,occupation,operator,secondary,2,2025-01-01,true,bg_ncop_8181
bg_ncop_81811003,Машинен оператор духане на стъкло,81811003,occupation,operator,secondary,2,2025-01-01,true,bg_ncop_8181
bg_ncop_81811004,Машинен оператор ецване на стъкло,81811004,occupation,operator,secondary,2,2025-01-01,true,bg_ncop_8181
bg_ncop_81811005,Машинен оператор закаляване на стъкло,81811005,occupation,operator,secondary,2,2025-01-01,true,bg_ncop_8181
bg_ncop_81811006,Машинен оператор извиване на стъкло,81811006,occupation,operator,secondary,2,2025-01-01,true,bg_ncop_8181
bg_ncop_81811007,Машинен оператор изтегляне на стъкло,81811007,occupation,operator,secondary,2,2025-01-01,true,bg_ncop_8181
bg_ncop_81811008,Машинен оператор леене на керамика и порцелан,81811008,occupation,operator,secondary,2,2025-01-01,true,bg_ncop_8181
bg_ncop_81811009,Машинен оператор матиране (гланциране) на стъкло,81811009,occupation,operator,secondary,2,2025-01-01,true,bg_ncop_8181
bg_ncop_81811010,Машинен оператор отливане по калъп за оформяне на стъкло,81811010,occupation,operator,secondary,2,2025-01-01,true,bg_ncop_8181
bg_ncop_81811011,Машинен оператор оцветяване на керамика,81811011,occupation,operator,secondary,2,2025-01-01,true,bg_ncop_8181
bg_ncop_81811012,Машинен оператор оцветяване на стъкло,81811012,occupation,operator,secondary,2,2025-01-01,true,bg_ncop_8181
bg_ncop_81811013,Машинен оператор полиране на стъкло,81811013,occupation,operator,secondary,2,2025-01-01,true,bg_ncop_8181
bg_ncop_81811014,Машинен оператор пресоване на стъкло,81811014,occupation,operator,secondary,2,2025-01-01,true,bg_ncop_8181
bg_ncop_81811015,Машинен оператор производство на бутилки,81811015,occupation,operator,secondary,2,2025-01-01,true,bg_ncop_8181
bg_ncop_81811016,Машинен оператор производство на керамика и порцелан,81811016,occupation,operator,secondary,2,2025-01-01,true,bg_ncop_8181
bg_ncop_81811017,Машинен оператор производство на керамични изделия,81811017,occupation,operator,secondary,2,2025-01-01,true,bg_ncop_8181
bg_ncop_81811018,Машинен оператор производство на стъклени изделия,81811018,occupation,operator,secondary,2,2025-01-01,true,bg_ncop_8181
bg_ncop_81811019,Машинен оператор производство на стъкло,81811019,occupation,operator,secondary,2,2025-01-01,true,bg_ncop_8181
bg_ncop_81811020,Машинен оператор рязане на стъкло,81811020,occupation,operator,secondary,2,2025-01-01,true,bg_ncop_8181
bg_ncop_81811021,Машинен оператор шлифоване на стъкло,81811021,occupation,operator,secondary,2,2025-01-01,true,bg_ncop_8181
bg_ncop_81812022,Машинен оператор емайлиране на порцеланови и керамични изделия,81812022,occupation,operator,secondary,2,2025-01-01,true,bg_ncop_8181
bg_ncop_81812023,Машинен оператор изглаждане на глина,81812023,occupation,operator,secondary,2,2025-01-01,true,bg_ncop_8181
bg_ncop_81812024,Машинен оператор производство на глазиран порцелан или керамични изделия,81812024,occupation,operator,secondary,2,2025-01-01,true,bg_ncop_8181
bg_ncop_81812025,Машинен оператор производство на стъклени влакна,81812025,occupation,operator,secondary,2,2025-01-01,true,bg_ncop_8181
bg_ncop_81812026,Машинен оператор смесване на глазиран порцелан или керамични изделия,81812026,occupation,operator,secondary,2,2025-01-01,true,bg_ncop_8181
bg_ncop_81812027,Машинен оператор смесване на глина,81812027,occupation,operator,secondary,2,2025-01-01,true,bg_ncop_8181
bg_ncop_81812028,Машинен оператор смесване на материал за изтриване шлифоване,81812028,occupation,operator,secondary,2,2025-01-01,true,bg_ncop_8181
bg_ncop_81812029,Машинен оператор смесване на стъкло,81812029,occupation,operator,secondary,2,2025-01-01,true,bg_ncop_8181
bg_ncop_81811030,Оператор лакировач емайльор на преходни детайли и възли,81811030,occupation,operator,secondary,2,2025-01-01,true,bg_ncop_8181
bg_ncop_81811031,Оператор пещи за закаляване темпериране на стъкло,81811031,occupation,operator,secondary,2,2025-01-01,true,bg_ncop_8181
bg_ncop_81811032,Оператор пещи за изпичане,81811032,occupation,operator,secondary,2,2025-01-01,true,bg_ncop_8181
bg_ncop_81811033,Оператор пещи за изпичане на тухли и керемиди,81811033,occupation,operator,secondary,2,2025-01-01,true,bg_ncop_8181
bg_ncop_81811034,Оператор пещи за производство на стъкло,81811034,occupation,operator,secondary,2,2025-01-01,true,bg_ncop_8181
bg_ncop_81811035,Оператор оборудване за почистване на стъкло,81811035,occupation,operator,secondary,2,2025-01-01,true,bg_ncop_8181
bg_ncop_81812036,Оператор пещи за изпичане на фрита,81812036,occupation,operator,secondary,2,2025-01-01,true,bg_ncop_8181
bg_ncop_81812037,Оператор преса,81812037,occupation,operator,secondary,2,2025-01-01,true,bg_ncop_8181
bg_ncop_81812038,Оператор хидродинамично пресоване на металокерамични изделия,81812038,occupation,operator,secondary,2,2025-01-01,true,bg_ncop_8181
bg_ncop_81812039,Оператор обдухване на електропорцеланови изделия,81812039,occupation,operator,secondary,2,2025-01-01,true,bg_ncop_8181
bg_ncop_81812040,Оператор мелница за тухларска глина,81812040,occupation,operator,secondary,2,2025-01-01,true,bg_ncop_8181
bg_ncop_81812041,Оператор отпечатване на щанца (матрица) за керамика и порцелан,81812041,occupation,operator,secondary,2,2025-01-01,true,bg_ncop_8181
bg_ncop_81811042,Работник приготвяне на шамот,81811042,occupation,operator,secondary,2,2025-01-01,true,bg_ncop_8181
bg_ncop_81811043,Работник рязане и шлифоване на кварцови тръби и тигли,81811043,occupation,operator,secondary,2,2025-01-01,true,bg_ncop_8181
bg_ncop_81822001,Корабен моторист машинист,81822001,occupation,operator,secondary,2,2025-01-01,true,bg_ncop_8182
bg_ncop_81822002,Корабен огняр,81822002,occupation,operator,secondary,2,2025-01-01,true,bg_ncop_8182
bg_ncop_81822003,Корабен помпиер,81822003,occupation,operator,secondary,2,2025-01-01,true,bg_ncop_8182
bg_ncop_81822004,Огняр,81822004,occupation,operator,secondary,2,2025-01-01,true,bg_ncop_8182
bg_ncop_81822005,Оператор парни и водогрейни съоръжения,81822005,occupation,operator,secondary,2,2025-01-01,true,bg_ncop_8182
bg_ncop_81822006,Оператор парна машина,81822006,occupation,operator,secondary,2,2025-01-01,true,bg_ncop_8182
bg_ncop_81832001,Машинен оператор бутилиране,81832001,occupation,operator,secondary,2,2025-01-01,true,bg_ncop_8183
bg_ncop_81832002,Машинен оператор етикетиране,81832002,occupation,operator,secondary,2,2025-01-01,true,bg_ncop_8183
bg_ncop_81832003,Машинен оператор запечатване,81832003,occupation,operator,secondary,2,2025-01-01,true,bg_ncop_8183
bg_ncop_81832004,Машинен оператор маркиране на стоки,81832004,occupation,operator,secondary,2,2025-01-01,true,bg_ncop_8183
bg_ncop_81832005,Машинен оператор опаковане увиване,81832005,occupation,operator,secondary,2,2025-01-01,true,bg_ncop_8183
bg_ncop_81832006,Машинен оператор пломбиране на контейнери,81832006,occupation,operator,secondary,2,2025-01-01,true,bg_ncop_8183
bg_ncop_81892001,Машинен оператор дренажна система канализация,81892001,occupation,operator,secondary,2,2025-01-01,true,bg_ncop_8189
bg_ncop_81892002,Машинен оператор електрическа инсталация,81892002,occupation,operator,secondary,2,2025-01-01,true,bg_ncop_8189
bg_ncop_81892003,Машинен оператор зонно пречистване и изготвяне на монокристали,81892003,occupation,operator,secondary,2,2025-01-01,true,bg_ncop_8189
bg_ncop_81892004,Машинен оператор изготвяне на селенови клетки,81892004,occupation,operator,secondary,2,2025-01-01,true,bg_ncop_8189
bg_ncop_81892005,Машинен оператор изолация,81892005,occupation,operator,secondary,2,2025-01-01,true,bg_ncop_8189
bg_ncop_81892006,Машинен оператор кабелна инсталация,81892006,occupation,operator,secondary,2,2025-01-01,true,bg_ncop_8189
bg_ncop_81892007,Машинен оператор машини за намагнитване,81892007,occupation,operator,secondary,2,2025-01-01,true,bg_ncop_8189
bg_ncop_81892008,Машинен оператор обработка на слюда за кондензатори,81892008,occupation,operator,secondary,2,2025-01-01,true,bg_ncop_8189
bg_ncop_81892009,Машинен оператор подготвяне на смоли за термообработка,81892009,occupation,operator,secondary,2,2025-01-01,true,bg_ncop_8189
bg_ncop_81892010,Машинен оператор подготовка на заваръчни детайли,81892010,occupation,operator,secondary,2,2025-01-01,true,bg_ncop_8189
bg_ncop_81892011,Машинен оператор поставяне на капсул,81892011,occupation,operator,secondary,2,2025-01-01,true,bg_ncop_8189
bg_ncop_81892012,Машинен оператор производство на металокерамични изделия,81892012,occupation,operator,secondary,2,2025-01-01,true,bg_ncop_8189
bg_ncop_81892013,Машинен оператор производство на пиезокварцови изделия,81892013,occupation,operator,secondary,2,2025-01-01,true,bg_ncop_8189
bg_ncop_81892014,Машинен оператор производство на силиконови чипове,81892014,occupation,operator,secondary,2,2025-01-01,true,bg_ncop_8189
bg_ncop_81892015,Машинен оператор изработване на печатни платки,81892015,occupation,operator,secondary,2,2025-01-01,true,bg_ncop_8189
bg_ncop_81892016,Машинен оператор разпрашител на метални прахове от метали и сплави,81892016,occupation,operator,secondary,2,2025-01-01,true,bg_ncop_8189
bg_ncop_81892017,Машинен оператор метални прахове и смеси,81892017,occupation,operator,secondary,2,2025-01-01,true,bg_ncop_8189
bg_ncop_81892018,Машинен оператор хидродинамично пресоване на металокерамични изделия,81892018,occupation,operator,secondary,2,2025-01-01,true,bg_ncop_8189
bg_ncop_81892019,Машинен оператор изпитателна станция,81892019,occupation,operator,secondary,2,2025-01-01,true,bg_ncop_8189
bg_ncop_81892020,Машинен оператор екарисаж,81892020,occupation,operator,secondary,2,2025-01-01,true,bg_ncop_8189
bg_ncop_81892021,Машинен оператор бетон помпа,81892021,occupation,operator,secondary,2,2025-01-01,true,bg_ncop_8189
bg_ncop_81892022,Машинен оператор,81892022,occupation,operator,secondary,2,2025-01-01,true,bg_ncop_8189
bg_ncop_81892023,Оператор зареждане с гориво,81892023,occupation,operator,secondary,2,2025-01-01,true,bg_ncop_8189
bg_ncop_81892024,Дефектоскопист,81892024,occupation,operator,secondary,2,2025-01-01,true,bg_ncop_8189
bg_ncop_81892025,Работник хидротехнически съоръжения,81892025,occupation,operator,secondary,2,2025-01-01,true,bg_ncop_8189
bg_ncop_81891026,Работник производство на фуражи и фуражни добавки,81891026,occupation,operator,secondary,2,2025-01-01,true,bg_ncop_8189
bg_ncop_81891027,Машинен оператор компресор,81891027,occupation,operator,secondary,2,2025-01-01,true,bg_ncop_8189
bg_ncop_81891028,Машинен оператор помпена станция,81891028,occupation,operator,secondary,2,2025-01-01,true,bg_ncop_8189
bg_ncop_81891029,Машинен оператор производство на фуражи и фуражни добавки,81891029,occupation,operator,secondary,2,2025-01-01,true,bg_ncop_8189
bg_ncop_81891030,Оператор газокомпресорни агрегати,81891030,occupation,operator,secondary,2,2025-01-01,true,bg_ncop_8189
bg_ncop_81891031,Помпиер помпена пречиствателна станция,81891031,occupation,operator,secondary,2,2025-01-01,true,bg_ncop_8189
bg_ncop_81892032,Оператор на заваръчни апарати за механизирано и автоматизирано заваряване,81892032,occupation,operator,secondary,2,2025-01-01,true,bg_ncop_8189
bg_ncop_82112001,Машинен оператор монтаж на превозни средства,82112001,occupation,operator,secondary,2,2025-01-01,true,bg_ncop_8211
bg_ncop_82112002,Машинен оператор монтажен конвейер,82112002,occupation,operator,secondary,2,2025-01-01,true,bg_ncop_8211
bg_ncop_82112003,Монтажник двигатели на кораби,82112003,occupation,operator,secondary,2,2025-01-01,true,bg_ncop_8211
bg_ncop_82112004,Монтажник двигатели на моторни превозни средства,82112004,occupation,operator,secondary,2,2025-01-01,true,bg_ncop_8211
bg_ncop_82112005,Монтажник двигатели на самолети и летателни апарати,82112005,occupation,operator,secondary,2,2025-01-01,true,bg_ncop_8211
bg_ncop_82112006,Монтажник дърводелски машини,82112006,occupation,operator,secondary,2,2025-01-01,true,bg_ncop_8211
bg_ncop_82112007,Монтажник електрически машини,82112007,occupation,operator,secondary,2,2025-01-01,true,bg_ncop_8211
bg_ncop_82112008,Монтажник металорежещи машини,82112008,occupation,operator,secondary,2,2025-01-01,true,bg_ncop_8211
bg_ncop_82112009,Монтажник механични машини,82112009,occupation,operator,secondary,2,2025-01-01,true,bg_ncop_8211
bg_ncop_82112010,Монтажник парен двигател,82112010,occupation,operator,secondary,2,2025-01-01,true,bg_ncop_8211
bg_ncop_82112011,Монтажник печатарски машини,82112011,occupation,operator,secondary,2,2025-01-01,true,bg_ncop_8211
bg_ncop_82112012,Монтажник подкопни машини,82112012,occupation,operator,secondary,2,2025-01-01,true,bg_ncop_8211
bg_ncop_82112013,Монтажник превозни средства,82112013,occupation,operator,secondary,2,2025-01-01,true,bg_ncop_8211
bg_ncop_82112014,Монтажник промишлено оборудване,82112014,occupation,operator,secondary,2,2025-01-01,true,bg_ncop_8211
bg_ncop_82112015,Монтажник самолети,82112015,occupation,operator,secondary,2,2025-01-01,true,bg_ncop_8211
bg_ncop_82112016,Монтажник селскостопански машини,82112016,occupation,operator,secondary,2,2025-01-01,true,bg_ncop_8211
bg_ncop_82112017,Монтажник текстилни машини,82112017,occupation,operator,secondary,2,2025-01-01,true,bg_ncop_8211
bg_ncop_82112018,Монтажник турбини,82112018,occupation,operator,secondary,2,2025-01-01,true,bg_ncop_8211
bg_ncop_82112019,"Оператор, тестване на автомобилни компоненти",82112019,occupation,operator,secondary,2,2025-01-01,true,bg_ncop_8211
bg_ncop_82113020,"Оператор, производство на автомобилни компоненти",82113020,occupation,operator,secondary,2,2025-01-01,true,bg_ncop_8211
bg_ncop_82113021,"Машинен оператор, производство на автомобилни компоненти",82113021,occupation,operator,secondary,2,2025-01-01,true,bg_ncop_8211
bg_ncop_82112022,"Монтажник, производство на автомобилни компоненти",82112022,occupation,operator,secondary,2,2025-01-01,true,bg_ncop_8211
bg_ncop_82122001,Машинен оператор навиване на арматура,82122001,occupation,operator,secondary,2,2025-01-01,true,bg_ncop_8212
bg_ncop_82122002,Машинен оператор навиване на бобина,82122002,occupation,operator,secondary,2,2025-01-01,true,bg_ncop_8212
bg_ncop_82122003,Монтажник електрически елементи,82122003,occupation,operator,secondary,2,2025-01-01,true,bg_ncop_8212
bg_ncop_82122004,Монтажник електрооборудване,82122004,occupation,operator,secondary,2,2025-01-01,true,bg_ncop_8212
bg_ncop_82122005,Монтажник кабели,82122005,occupation,operator,secondary,2,2025-01-01,true,bg_ncop_8212
bg_ncop_82122006,Монтажник аудио-визуално оборудване,82122006,occupation,operator,secondary,2,2025-01-01,true,bg_ncop_8212
bg_ncop_82122007,Монтажник електронни елементи,82122007,occupation,operator,secondary,2,2025-01-01,true,bg_ncop_8212
bg_ncop_82122008,Монтажник електронни корпуси,82122008,occupation,operator,secondary,2,2025-01-01,true,bg_ncop_8212
bg_ncop_82122009,Монтажник електронно оборудване,82122009,occupation,operator,secondary,2,2025-01-01,true,bg_ncop_8212
bg_ncop_82122010,Монтажник канцеларски машини,82122010,occupation,operator,secondary,2,2025-01-01,true,bg_ncop_8212
bg_ncop_82122011,Монтажник микроелектронно оборудване,82122011,occupation,operator,secondary,2,2025-01-01,true,bg_ncop_8212
bg_ncop_82122012,Монтажник навиване на кабели и проводници,82122012,occupation,operator,secondary,2,2025-01-01,true,bg_ncop_8212
bg_ncop_82122013,Монтажник производство на слаботокови предпазители,82122013,occupation,operator,secondary,2,2025-01-01,true,bg_ncop_8212
bg_ncop_82122014,Монтажник радио,82122014,occupation,operator,secondary,2,2025-01-01,true,bg_ncop_8212
bg_ncop_82122015,Монтажник слухови апарати,82122015,occupation,operator,secondary,2,2025-01-01,true,bg_ncop_8212
bg_ncop_82122016,Монтажник телевизионни приемници и монитори,82122016,occupation,operator,secondary,2,2025-01-01,true,bg_ncop_8212
bg_ncop_82122017,Монтажник точни (прецизни) инструменти,82122017,occupation,operator,secondary,2,2025-01-01,true,bg_ncop_8212
bg_ncop_82122018,Монтажник часовници,82122018,occupation,operator,secondary,2,2025-01-01,true,bg_ncop_8212
bg_ncop_82122019,Шевмонтажник електронни и технически средства и системи,82122019,occupation,operator,secondary,2,2025-01-01,true,bg_ncop_8212
bg_ncop_82122020,Шевмонтажник хидро- и пневмосистеми,82122020,occupation,operator,secondary,2,2025-01-01,true,bg_ncop_8212
bg_ncop_82122021,Оператор производство на колектори,82122021,occupation,operator,secondary,2,2025-01-01,true,bg_ncop_8212
bg_ncop_82122022,Оператор производствена линия,82122022,occupation,operator,secondary,2,2025-01-01,true,bg_ncop_8212
bg_ncop_82192001,Монтажник изделия от метал,82192001,occupation,operator,secondary,2,2025-01-01,true,bg_ncop_8219
bg_ncop_82192002,Монтажник изделия от пластмаса,82192002,occupation,operator,secondary,2,2025-01-01,true,bg_ncop_8219
bg_ncop_82192003,Монтажник каучукови изделия,82192003,occupation,operator,secondary,2,2025-01-01,true,bg_ncop_8219
bg_ncop_82192004,Монтажник мебели от листов метал,82192004,occupation,operator,secondary,2,2025-01-01,true,bg_ncop_8219
bg_ncop_82192005,Монтажник дограма,82192005,occupation,operator,secondary,2,2025-01-01,true,bg_ncop_8219
bg_ncop_82192006,Монтажник окачени тавани,82192006,occupation,operator,secondary,2,2025-01-01,true,bg_ncop_8219
bg_ncop_82192007,Монтажник изделия от дърво,82192007,occupation,operator,secondary,2,2025-01-01,true,bg_ncop_8219
bg_ncop_82192008,Монтажник мебели от дърво и други подобни материали,82192008,occupation,operator,secondary,2,2025-01-01,true,bg_ncop_8219
bg_ncop_82192009,Монтажник изделия от кожа,82192009,occupation,operator,secondary,2,2025-01-01,true,bg_ncop_8219
bg_ncop_82192010,Монтажник изделия подплатени с картон,82192010,occupation,operator,secondary,2,2025-01-01,true,bg_ncop_8219
bg_ncop_82192011,Монтажник текстилни изделия,82192011,occupation,operator,secondary,2,2025-01-01,true,bg_ncop_8219
bg_ncop_82192012,Машинен оператор тръбна инсталация,82192012,occupation,operator,secondary,2,2025-01-01,true,bg_ncop_8219
bg_ncop_82192013,Монтажник сложни комбинирани изделия,82192013,occupation,operator,secondary,2,2025-01-01,true,bg_ncop_8219
bg_ncop_82191014,Монтажник велосипеди,82191014,occupation,operator,secondary,2,2025-01-01,true,bg_ncop_8219
bg_ncop_82192015,Монтажник производствен контрол,82192015,occupation,operator,secondary,2,2025-01-01,true,bg_ncop_8219
bg_ncop_83112001,Депомайстор,83112001,occupation,operator,secondary,2,2025-01-01,true,bg_ncop_8311
bg_ncop_83112002,Машинист,83112002,occupation,operator,secondary,2,2025-01-01,true,bg_ncop_8311
bg_ncop_83112003,Машинист-инструктор локомотивен,83112003,occupation,operator,secondary,2,2025-01-01,true,bg_ncop_8311
bg_ncop_83112004,Машинист железопътна мотриса в мини,83112004,occupation,operator,secondary,2,2025-01-01,true,bg_ncop_8311
bg_ncop_83112005,Машинист железопътна мотриса на пристан кей,83112005,occupation,operator,secondary,2,2025-01-01,true,bg_ncop_8311
bg_ncop_83112006,Машинист железопътна мотриса дрезина,83112006,occupation,operator,secondary,2,2025-01-01,true,bg_ncop_8311
bg_ncop_83112007,Машинист локомотив в мини,83112007,occupation,operator,secondary,2,2025-01-01,true,bg_ncop_8311
bg_ncop_83112008,Машинист локомотив на пристан кей,83112008,occupation,operator,secondary,2,2025-01-01,true,bg_ncop_8311
bg_ncop_83112009,Машинист локомотивен,83112009,occupation,operator,secondary,2,2025-01-01,true,bg_ncop_8311
bg_ncop_83112010,Машинист подземна железница метро,83112010,occupation,operator,secondary,2,2025-01-01,true,bg_ncop_8311
bg_ncop_83112011,Машинист спомагателна железопътна механизация,83112011,occupation,operator,secondary,2,2025-01-01,true,bg_ncop_8311
bg_ncop_83112012,Машинист тежка железопътна механизация,83112012,occupation,operator,secondary,2,2025-01-01,true,bg_ncop_8311
bg_ncop_83112013,Машинист универсална траверсоподбивна машина,83112013,occupation,operator,secondary,2,2025-01-01,true,bg_ncop_8311
bg_ncop_83112014,Помощник-машинист,83112014,occupation,operator,secondary,2,2025-01-01,true,bg_ncop_8311
bg_ncop_83112015,Помощник-машинист железопътна мотриса,83112015,occupation,operator,secondary,2,2025-01-01,true,bg_ncop_8311
bg_ncop_83112016,Помощник-машинист локомотивен,83112016,occupation,operator,secondary,2,2025-01-01,true,bg_ncop_8311
bg_ncop_83122001,Сигналист,83122001,occupation,operator,secondary,2,2025-01-01,true,bg_ncop_8312
bg_ncop_83122002,Сигналист-маневрист,83122002,occupation,operator,secondary,2,2025-01-01,true,bg_ncop_8312
bg_ncop_83122003,Спирач железници,83122003,occupation,operator,secondary,2,2025-01-01,true,bg_ncop_8312
bg_ncop_83122004,Стрелочник,83122004,occupation,operator,secondary,2,2025-01-01,true,bg_ncop_8312
bg_ncop_83121005,Везнар,83121005,occupation,operator,secondary,2,2025-01-01,true,bg_ncop_8312
bg_ncop_83121006,Прикачвач,83121006,occupation,operator,secondary,2,2025-01-01,true,bg_ncop_8312
bg_ncop_83122007,Кантонер железопътна линия,83122007,occupation,operator,secondary,2,2025-01-01,true,bg_ncop_8312
bg_ncop_83122008,Маневрист,83122008,occupation,operator,secondary,2,2025-01-01,true,bg_ncop_8312
bg_ncop_83212001,Водач мотоциклет,83212001,occupation,operator,secondary,2,2025-01-01,true,bg_ncop_8321
bg_ncop_83223001,Водач специален автомобил,83223001,occupation,operator,secondary,2,2025-01-01,true,bg_ncop_8322
bg_ncop_83222002,Шофьор лек автомобил до 9 места,83222002,occupation,operator,secondary,2,2025-01-01,true,bg_ncop_8322
bg_ncop_83222003,Шофьор линейка,83222003,occupation,operator,secondary,2,2025-01-01,true,bg_ncop_8322
bg_ncop_83222004,Шофьор пощенски автомобил,83222004,occupation,operator,secondary,2,2025-01-01,true,bg_ncop_8322
bg_ncop_83222005,Шофьор такси,83222005,occupation,operator,secondary,2,2025-01-01,true,bg_ncop_8322
bg_ncop_83222006,Шофьор лекотоварен автомобил,83222006,occupation,operator,secondary,2,2025-01-01,true,bg_ncop_8322
bg_ncop_83222007,Шофьор куриер,83222007,occupation,operator,secondary,2,2025-01-01,true,bg_ncop_8322
bg_ncop_83312001,Ватман,83312001,occupation,operator,secondary,2,2025-01-01,true,bg_ncop_8331
bg_ncop_83312002,Шофьор автобус,83312002,occupation,operator,secondary,2,2025-01-01,true,bg_ncop_8331
bg_ncop_83312003,Шофьор съчленен автобус,83312003,occupation,operator,secondary,2,2025-01-01,true,bg_ncop_8331
bg_ncop_83312004,Шофьор съчленен тролейбус,83312004,occupation,operator,secondary,2,2025-01-01,true,bg_ncop_8331
bg_ncop_83312005,Шофьор тролейбус,83312005,occupation,operator,secondary,2,2025-01-01,true,bg_ncop_8331
bg_ncop_83312006,Шофьор-инструктор,83312006,occupation,operator,secondary,2,2025-01-01,true,bg_ncop_8331
bg_ncop_83313007,Шофьор самолетообслужваща техника,83313007,occupation,operator,secondary,2,2025-01-01,true,bg_ncop_8331
bg_ncop_83322001,Шофьор противопожарен автомобил,83322001,occupation,operator,secondary,2,2025-01-01,true,bg_ncop_8332
bg_ncop_83322002,Шофьор платформа,83322002,occupation,operator,secondary,2,2025-01-01,true,bg_ncop_8332
bg_ncop_83322003,Шофьор самосвал,83322003,occupation,operator,secondary,2,2025-01-01,true,bg_ncop_8332
bg_ncop_83322004,Шофьор специален тежкотоварен автомобил,83322004,occupation,operator,secondary,2,2025-01-01,true,bg_ncop_8332
bg_ncop_83322005,Шофьор тежкотоварен автомобил - 12 и повече тона,83322005,occupation,operator,secondary,2,2025-01-01,true,bg_ncop_8332
bg_ncop_83322006,Шофьор товарен автомобил (международни превози),83322006,occupation,operator,secondary,2,2025-01-01,true,bg_ncop_8332
bg_ncop_83322007,Шофьор цистерна,83322007,occupation,operator,secondary,2,2025-01-01,true,bg_ncop_8332
bg_ncop_83322008,Шофьор тежкотоварен самосвал - 12 и повече тона,83322008,occupation,operator,secondary,2,2025-01-01,true,bg_ncop_8332
bg_ncop_83322009,Шофьор тежкотоварен автомобил,83322009,occupation,operator,secondary,2,2025-01-01,true,bg_ncop_8332
bg_ncop_83322010,Шофьор товарен автомобил,83322010,occupation,operator,secondary,2,2025-01-01,true,bg_ncop_8332
bg_ncop_83412001,Водач селскостопански машини,83412001,occupation,operator,secondary,2,2025-01-01,true,bg_ncop_8341
bg_ncop_83412002,Водач машини за горско стопанство,83412002,occupation,operator,secondary,2,2025-01-01,true,bg_ncop_8341
bg_ncop_83412003,Тракторист,83412003,occupation,operator,secondary,2,2025-01-01,true,bg_ncop_8341
bg_ncop_83412004,Оператор селскостопански машини,83412004,occupation,operator,secondary,2,2025-01-01,true,bg_ncop_8341
bg_ncop_83412005,Оператор машини за горското стопанство,83412005,occupation,operator,secondary,2,2025-01-01,true,bg_ncop_8341
bg_ncop_83412006,Оператор моторизирани съоръжения в земеделието,83412006,occupation,operator,secondary,2,2025-01-01,true,bg_ncop_8341
bg_ncop_83412007,Оператор моторизирано оборудване за горското стопанство,83412007,occupation,operator,secondary,2,2025-01-01,true,bg_ncop_8341
bg_ncop_83412008,Оператор разкройваща-разтрупваща-сортираща машина,83412008,occupation,operator,secondary,2,2025-01-01,true,bg_ncop_8341
bg_ncop_83412009,Оператор семе- и плодосъбирачна машина,83412009,occupation,operator,secondary,2,2025-01-01,true,bg_ncop_8341
bg_ncop_83412010,Оператор сеялна лесопосадъчна и лесомелиоративна машина,83412010,occupation,operator,secondary,2,2025-01-01,true,bg_ncop_8341
bg_ncop_83412011,Помпиер,83412011,occupation,operator,secondary,2,2025-01-01,true,bg_ncop_8341
bg_ncop_83422001,Машинен оператор товарачни машини (мини и кариери),83422001,occupation,operator,secondary,2,2025-01-01,true,bg_ncop_8342
bg_ncop_83422002,Машинист еднокофов багер,83422002,occupation,operator,secondary,2,2025-01-01,true,bg_ncop_8342
bg_ncop_83422003,Машинист многокофов багер,83422003,occupation,operator,secondary,2,2025-01-01,true,bg_ncop_8342
bg_ncop_83422004,Машинист булдозер,83422004,occupation,operator,secondary,2,2025-01-01,true,bg_ncop_8342
bg_ncop_83422005,Машинист валяк,83422005,occupation,operator,secondary,2,2025-01-01,true,bg_ncop_8342
bg_ncop_83422006,Машинист ескаватор,83422006,occupation,operator,secondary,2,2025-01-01,true,bg_ncop_8342
bg_ncop_83422007,Машинист пътно-строителни машини,83422007,occupation,operator,secondary,2,2025-01-01,true,bg_ncop_8342
bg_ncop_83422008,Оператор пътно-строителни машини,83422008,occupation,operator,secondary,2,2025-01-01,true,bg_ncop_8342
bg_ncop_83422009,Оператор автогудронатор,83422009,occupation,operator,secondary,2,2025-01-01,true,bg_ncop_8342
bg_ncop_83422010,Оператор сонетка пилотонабивачка,83422010,occupation,operator,secondary,2,2025-01-01,true,bg_ncop_8342
bg_ncop_83422011,Оператор съоръжения за прокарване на тунели (строителство),83422011,occupation,operator,secondary,2,2025-01-01,true,bg_ncop_8342
bg_ncop_83422012,Машинист на разтоварна стрела на многокофов багер,83422012,occupation,operator,secondary,2,2025-01-01,true,bg_ncop_8342
bg_ncop_83422013,Машинист на насипообразувател,83422013,occupation,operator,secondary,2,2025-01-01,true,bg_ncop_8342
bg_ncop_83422014,Машинист на разтоварно устройство на насипообразувател,83422014,occupation,operator,secondary,2,2025-01-01,true,bg_ncop_8342
bg_ncop_83422015,Машинист на претоварач,83422015,occupation,operator,secondary,2,2025-01-01,true,bg_ncop_8342
bg_ncop_83422016,Водач ледообработваща машина  машина за утъпкване на сняг,83422016,occupation,operator,secondary,2,2025-01-01,true,bg_ncop_8342
bg_ncop_83432001,Кранист,83432001,occupation,operator,secondary,2,2025-01-01,true,bg_ncop_8343
bg_ncop_83432002,Кранист (подвижен),83432002,occupation,operator,secondary,2,2025-01-01,true,bg_ncop_8343
bg_ncop_83432003,Шофьор автокран,83432003,occupation,operator,secondary,2,2025-01-01,true,bg_ncop_8343
bg_ncop_83432004,Водач клетка за асансьор кабина (мини),83432004,occupation,operator,secondary,2,2025-01-01,true,bg_ncop_8343
bg_ncop_83432005,Машинен оператор въжена транспортна машина,83432005,occupation,operator,secondary,2,2025-01-01,true,bg_ncop_8343
bg_ncop_83432006,Машинист автовишка,83432006,occupation,operator,secondary,2,2025-01-01,true,bg_ncop_8343
bg_ncop_83432007,Машинист руднична подемна машина,83432007,occupation,operator,secondary,2,2025-01-01,true,bg_ncop_8343
bg_ncop_83432008,Минен надзирател надземна работа мини,83432008,occupation,operator,secondary,2,2025-01-01,true,bg_ncop_8343
bg_ncop_83432010,Оператор бент (док),83432010,occupation,operator,secondary,2,2025-01-01,true,bg_ncop_8343
bg_ncop_83432011,Оператор вдигачка (лебедка хаспел),83432011,occupation,operator,secondary,2,2025-01-01,true,bg_ncop_8343
bg_ncop_83432012,Оператор въжена железница,83432012,occupation,operator,secondary,2,2025-01-01,true,bg_ncop_8343
bg_ncop_83432013,Оператор въжена линия (седалкова) лифт,83432013,occupation,operator,secondary,2,2025-01-01,true,bg_ncop_8343
bg_ncop_83432014,Оператор елеватор,83432014,occupation,operator,secondary,2,2025-01-01,true,bg_ncop_8343
bg_ncop_83432015,Оператор конвейер,83432015,occupation,operator,secondary,2,2025-01-01,true,bg_ncop_8343
bg_ncop_83432016,Оператор мост,83432016,occupation,operator,secondary,2,2025-01-01,true,bg_ncop_8343
bg_ncop_83432017,Оператор шлюз канал или пристанище,83432017,occupation,operator,secondary,2,2025-01-01,true,bg_ncop_8343
bg_ncop_83432018,Работник шлюз док,83432018,occupation,operator,secondary,2,2025-01-01,true,bg_ncop_8343
bg_ncop_83432019,Работник работещ за издигане на руда,83432019,occupation,operator,secondary,2,2025-01-01,true,bg_ncop_8343
bg_ncop_83432020,Оператор краново-фартова техника,83432020,occupation,operator,secondary,2,2025-01-01,true,bg_ncop_8343
bg_ncop_83442001,Водач (оператор) открита платформа с повдигащо устройство,83442001,occupation,operator,secondary,2,2025-01-01,true,bg_ncop_8344
bg_ncop_83442002,Водач (оператор) платформа - промишлен транспорт,83442002,occupation,operator,secondary,2,2025-01-01,true,bg_ncop_8344
bg_ncop_83442003,Водач електрокар,83442003,occupation,operator,secondary,2,2025-01-01,true,bg_ncop_8344
bg_ncop_83442004,Водач мотокар,83442004,occupation,operator,secondary,2,2025-01-01,true,bg_ncop_8344
bg_ncop_83502001,Боцман палубен,83502001,occupation,operator,secondary,2,2025-01-01,true,bg_ncop_8350
bg_ncop_83502002,Кормчия спасителна лодка,83502002,occupation,operator,secondary,2,2025-01-01,true,bg_ncop_8350
bg_ncop_83502003,Кормчия корабен,83502003,occupation,operator,secondary,2,2025-01-01,true,bg_ncop_8350
bg_ncop_83502004,Лодкар,83502004,occupation,operator,secondary,2,2025-01-01,true,bg_ncop_8350
bg_ncop_83502005,Машинен боцман,83502005,occupation,operator,secondary,2,2025-01-01,true,bg_ncop_8350
bg_ncop_83502006,Моряк,83502006,occupation,operator,secondary,2,2025-01-01,true,bg_ncop_8350
bg_ncop_83502007,Оператор шлеп,83502007,occupation,operator,secondary,2,2025-01-01,true,bg_ncop_8350
bg_ncop_83502008,Пазач фар,83502008,occupation,operator,secondary,2,2025-01-01,true,bg_ncop_8350
bg_ncop_83502009,Рулеви,83502009,occupation,operator,secondary,2,2025-01-01,true,bg_ncop_8350
bg_ncop_83502010,Старши моряк,83502010,occupation,operator,secondary,2,2025-01-01,true,bg_ncop_8350
bg_ncop_83502011,Моряк-моторист,83502011,occupation,operator,secondary,2,2025-01-01,true,bg_ncop_8350
bg_ncop_91110001,Домашен чистач,91110001,occupation,elementary,primary,1,2025-01-01,true,bg_ncop_9111
bg_ncop_91110002,Помощник кухня (домашен),91110002,occupation,elementary,primary,1,2025-01-01,true,bg_ncop_9111
bg_ncop_91110003,Прислужник домашен,91110003,occupation,elementary,primary,1,2025-01-01,true,bg_ncop_9111
bg_ncop_91120001,Работник баня,91120001,occupation,elementary,primary,1,2025-01-01,true,bg_ncop_9112
bg_ncop_91120002,Работник тоалетна,91120002,occupation,elementary,primary,1,2025-01-01,true,bg_ncop_9112
bg_ncop_91120003,Чистач производствени помещения,91120003,occupation,elementary,primary,1,2025-01-01,true,bg_ncop_9112
bg_ncop_91120004,Чистач  Хигиенист,91120004,occupation,elementary,primary,1,2025-01-01,true,bg_ncop_9112
bg_ncop_91210001,Гладач преса (ръчно),91210001,occupation,elementary,primary,1,2025-01-01,true,bg_ncop_9121
bg_ncop_91210002,Гладач ютия,91210002,occupation,elementary,primary,1,2025-01-01,true,bg_ncop_9121
bg_ncop_91210003,Перач (ръчно),91210003,occupation,elementary,primary,1,2025-01-01,true,bg_ncop_9121
bg_ncop_91210004,Работник химическо чистене (ръчно),91210004,occupation,elementary,primary,1,2025-01-01,true,bg_ncop_9121
bg_ncop_91220001,Мияч превозни средства (ръчно),91220001,occupation,elementary,primary,1,2025-01-01,true,bg_ncop_9122
bg_ncop_91230001,Мияч прозорци витрини,91230001,occupation,elementary,primary,1,2025-01-01,true,bg_ncop_9123
bg_ncop_91230002,Стъкломияч,91230002,occupation,elementary,primary,1,2025-01-01,true,bg_ncop_9123
bg_ncop_91290001,Работник чистач на килими,91290001,occupation,elementary,primary,1,2025-01-01,true,bg_ncop_9129
bg_ncop_91290002,Работник почистване на плувни басейни,91290002,occupation,elementary,primary,1,2025-01-01,true,bg_ncop_9129
bg_ncop_92110001,Берач памук,92110001,occupation,elementary,primary,1,2025-01-01,true,bg_ncop_9211
bg_ncop_92110002,Берач плодове и зеленчуци,92110002,occupation,elementary,primary,1,2025-01-01,true,bg_ncop_9211
bg_ncop_92110003,Жътвар,92110003,occupation,elementary,primary,1,2025-01-01,true,bg_ncop_9211
bg_ncop_92110004,Работник полевъден,92110004,occupation,elementary,primary,1,2025-01-01,true,bg_ncop_9211
bg_ncop_92110005,Работник отглеждащ тръстика,92110005,occupation,elementary,primary,1,2025-01-01,true,bg_ncop_9211
bg_ncop_92110006,Сезонен работник земеделието,92110006,occupation,elementary,primary,1,2025-01-01,true,bg_ncop_9211
bg_ncop_92120001,Пастир,92120001,occupation,elementary,primary,1,2025-01-01,true,bg_ncop_9212
bg_ncop_92120002,Работник конюшня,92120002,occupation,elementary,primary,1,2025-01-01,true,bg_ncop_9212
bg_ncop_92120003,Работник производство на млечни продукти,92120003,occupation,elementary,primary,1,2025-01-01,true,bg_ncop_9212
bg_ncop_92120004,Работник бубар,92120004,occupation,elementary,primary,1,2025-01-01,true,bg_ncop_9212
bg_ncop_92120005,Работник животновъд,92120005,occupation,elementary,primary,1,2025-01-01,true,bg_ncop_9212
bg_ncop_92130001,Работник смесено растенивъдно и животновъдно стопанство,92130001,occupation,elementary,primary,1,2025-01-01,true,bg_ncop_9213
bg_ncop_92130002,Помощник смесено растенивъдно и животновъдно стопанство,92130002,occupation,elementary,primary,1,2025-01-01,true,bg_ncop_9213
bg_ncop_92130003,Сезонен работник смесено растенивъдно и животновъдно стопанство,92130003,occupation,elementary,primary,1,2025-01-01,true,bg_ncop_9213
bg_ncop_92130004,Общ работник смесено растенивъдно и животновъдно стопанство,92130004,occupation,elementary,primary,1,2025-01-01,true,bg_ncop_9213
bg_ncop_92140001,Билкоберач,92140001,occupation,elementary,primary,1,2025-01-01,true,bg_ncop_9214
bg_ncop_92140002,Заготвител билки,92140002,occupation,elementary,primary,1,2025-01-01,true,bg_ncop_9214
bg_ncop_92140003,Работник гъбарник,92140003,occupation,elementary,primary,1,2025-01-01,true,bg_ncop_9214
bg_ncop_92140004,Общ работник оранжерия парник,92140004,occupation,elementary,primary,1,2025-01-01,true,bg_ncop_9214
bg_ncop_92140005,Работник разсадник,92140005,occupation,elementary,primary,1,2025-01-01,true,bg_ncop_9214
bg_ncop_92140006,Работник разсадопроизводство (зеленчуци),92140006,occupation,elementary,primary,1,2025-01-01,true,bg_ncop_9214
bg_ncop_92140007,Работник облагородяване на горски култури,92140007,occupation,elementary,primary,1,2025-01-01,true,bg_ncop_9214
bg_ncop_92140008,Работник отглеждане на култивирани билки,92140008,occupation,elementary,primary,1,2025-01-01,true,bg_ncop_9214
bg_ncop_92140009,Работник производство на мицел,92140009,occupation,elementary,primary,1,2025-01-01,true,bg_ncop_9214
bg_ncop_92140010,Работник растителна защита,92140010,occupation,elementary,primary,1,2025-01-01,true,bg_ncop_9214
bg_ncop_92140011,Работник отглеждащ рози,92140011,occupation,elementary,primary,1,2025-01-01,true,bg_ncop_9214
bg_ncop_92140012,Работник отглеждащ цветя,92140012,occupation,elementary,primary,1,2025-01-01,true,bg_ncop_9214
bg_ncop_92140013,Семеберач-семесъбирач,92140013,occupation,elementary,primary,1,2025-01-01,true,bg_ncop_9214
bg_ncop_92140014,Работник овощар,92140014,occupation,elementary,primary,1,2025-01-01,true,bg_ncop_9214
bg_ncop_92140015,Работник озеленяване,92140015,occupation,elementary,primary,1,2025-01-01,true,bg_ncop_9214
bg_ncop_92150001,Работник горско стопанство,92150001,occupation,elementary,primary,1,2025-01-01,true,bg_ncop_9215
bg_ncop_92150002,Работник ловно стопанство,92150002,occupation,elementary,primary,1,2025-01-01,true,bg_ncop_9215
bg_ncop_92150003,Работник почистване на сечища,92150003,occupation,elementary,primary,1,2025-01-01,true,bg_ncop_9215
bg_ncop_92151004,Секач,92151004,occupation,elementary,primary,1,2025-01-01,true,bg_ncop_9215
bg_ncop_92150005,Сезонен работник горското стопанство,92150005,occupation,elementary,primary,1,2025-01-01,true,bg_ncop_9215
bg_ncop_92150006,Общ работник горско стопанство,92150006,occupation,elementary,primary,1,2025-01-01,true,bg_ncop_9215
bg_ncop_92160001,Събирач водорасли,92160001,occupation,elementary,primary,1,2025-01-01,true,bg_ncop_9216
bg_ncop_92160002,Работник рибно стопанство,92160002,occupation,elementary,primary,1,2025-01-01,true,bg_ncop_9216
bg_ncop_92160003,Работник риболов,92160003,occupation,elementary,primary,1,2025-01-01,true,bg_ncop_9216
bg_ncop_93110001,Бункерист,93110001,occupation,elementary,primary,1,2025-01-01,true,bg_ncop_9311
bg_ncop_93110002,Работник мини,93110002,occupation,elementary,primary,1,2025-01-01,true,bg_ncop_9311
bg_ncop_93110003,Работник извозване и доставка,93110003,occupation,elementary,primary,1,2025-01-01,true,bg_ncop_9311
bg_ncop_93110004,Сигналист-маневрист мина,93110004,occupation,elementary,primary,1,2025-01-01,true,bg_ncop_9311
bg_ncop_93110005,Шинар,93110005,occupation,elementary,primary,1,2025-01-01,true,bg_ncop_9311
bg_ncop_93110006,Работник лампистерна,93110006,occupation,elementary,primary,1,2025-01-01,true,bg_ncop_9311
bg_ncop_93110007,Работник солодобивен район,93110007,occupation,elementary,primary,1,2025-01-01,true,bg_ncop_9311
bg_ncop_93110008,Работник солен стиф,93110008,occupation,elementary,primary,1,2025-01-01,true,bg_ncop_9311
bg_ncop_93110009,Работник вадене на вар пясък и други материали,93110009,occupation,elementary,primary,1,2025-01-01,true,bg_ncop_9311
bg_ncop_93110010,Работник извличане на пясък от река,93110010,occupation,elementary,primary,1,2025-01-01,true,bg_ncop_9311
bg_ncop_93110011,Работник обслужване на драга,93110011,occupation,elementary,primary,1,2025-01-01,true,bg_ncop_9311
bg_ncop_93110012,Работник поддържане на съоръжения в солодобива,93110012,occupation,elementary,primary,1,2025-01-01,true,bg_ncop_9311
bg_ncop_93110013,Работник обслужващ спомагателни съоръжения (добива и обогатяването на суровини),93110013,occupation,elementary,primary,1,2025-01-01,true,bg_ncop_9311
bg_ncop_93110014,Работник-копач кариери,93110014,occupation,elementary,primary,1,2025-01-01,true,bg_ncop_9311
bg_ncop_93120001,Варогасач,93120001,occupation,elementary,primary,1,2025-01-01,true,bg_ncop_9312
bg_ncop_93120002,Земекопач,93120002,occupation,elementary,primary,1,2025-01-01,true,bg_ncop_9312
bg_ncop_93120003,Работник строителството,93120003,occupation,elementary,primary,1,2025-01-01,true,bg_ncop_9312
bg_ncop_93120004,Работник водни кладенци,93120004,occupation,elementary,primary,1,2025-01-01,true,bg_ncop_9312
bg_ncop_93120005,Работник сонди,93120005,occupation,elementary,primary,1,2025-01-01,true,bg_ncop_9312
bg_ncop_93120006,Работник поддръжка на пътища,93120006,occupation,elementary,primary,1,2025-01-01,true,bg_ncop_9312
bg_ncop_93120007,Работник поддръжка на язовири,93120007,occupation,elementary,primary,1,2025-01-01,true,bg_ncop_9312
bg_ncop_93120008,Работник поддръжка,93120008,occupation,elementary,primary,1,2025-01-01,true,bg_ncop_9312
bg_ncop_93120009,Работник поддържане на железен път и съоръжения,93120009,occupation,elementary,primary,1,2025-01-01,true,bg_ncop_9312
bg_ncop_93120010,Работник проучвателни и земемерни работи,93120010,occupation,elementary,primary,1,2025-01-01,true,bg_ncop_9312
bg_ncop_93120011,Работник-копач гробове,93120011,occupation,elementary,primary,1,2025-01-01,true,bg_ncop_9312
bg_ncop_93120012,Работник-копач канали и изкопи,93120012,occupation,elementary,primary,1,2025-01-01,true,bg_ncop_9312
bg_ncop_93120013,Ринач-копач,93120013,occupation,elementary,primary,1,2025-01-01,true,bg_ncop_9312
bg_ncop_93130001,Общ работник строителство на сгради,93130001,occupation,elementary,primary,1,2025-01-01,true,bg_ncop_9313
bg_ncop_93130002,Общ работник разрушаване на сгради,93130002,occupation,elementary,primary,1,2025-01-01,true,bg_ncop_9313
bg_ncop_93130003,Общ работник поддържане на сгради,93130003,occupation,elementary,primary,1,2025-01-01,true,bg_ncop_9313
bg_ncop_93210001,Пакетировач,93210001,occupation,elementary,primary,1,2025-01-01,true,bg_ncop_9321
bg_ncop_93210002,Балировач-пакетировач,93210002,occupation,elementary,primary,1,2025-01-01,true,bg_ncop_9321
bg_ncop_93210003,Брояч промишлено производство,93210003,occupation,elementary,primary,1,2025-01-01,true,bg_ncop_9321
bg_ncop_93210004,Етикетировач (ръчно),93210004,occupation,elementary,primary,1,2025-01-01,true,bg_ncop_9321
bg_ncop_93210005,Насипвач пълнач в чували (ръчно),93210005,occupation,elementary,primary,1,2025-01-01,true,bg_ncop_9321
bg_ncop_93210006,Опаковач,93210006,occupation,elementary,primary,1,2025-01-01,true,bg_ncop_9321
bg_ncop_93210007,Пълнач,93210007,occupation,elementary,primary,1,2025-01-01,true,bg_ncop_9321
bg_ncop_93210008,Разопаковач,93210008,occupation,elementary,primary,1,2025-01-01,true,bg_ncop_9321
bg_ncop_93210009,Сортировач-опаковач метален амбалаж,93210009,occupation,elementary,primary,1,2025-01-01,true,bg_ncop_9321
bg_ncop_93290001,Комплектовач,93290001,occupation,elementary,primary,1,2025-01-01,true,bg_ncop_9329
bg_ncop_93290002,Навивач,93290002,occupation,elementary,primary,1,2025-01-01,true,bg_ncop_9329
bg_ncop_93290003,Навивач арматура (ръчно),93290003,occupation,elementary,primary,1,2025-01-01,true,bg_ncop_9329
bg_ncop_93290004,Навивач макари и бобини (ръчно),93290004,occupation,elementary,primary,1,2025-01-01,true,bg_ncop_9329
bg_ncop_93290005,Навивач неподвижни макари,93290005,occupation,elementary,primary,1,2025-01-01,true,bg_ncop_9329
bg_ncop_93290006,Навивач подвижни макари,93290006,occupation,elementary,primary,1,2025-01-01,true,bg_ncop_9329
bg_ncop_93290007,Работник механично почистване на енергийни съоръжения,93290007,occupation,elementary,primary,1,2025-01-01,true,bg_ncop_9329
bg_ncop_93290008,Работник сглобяване на детайли,93290008,occupation,elementary,primary,1,2025-01-01,true,bg_ncop_9329
bg_ncop_93290009,Зареждач промишлено производство (ръчно),93290009,occupation,elementary,primary,1,2025-01-01,true,bg_ncop_9329
bg_ncop_93290010,Зареждач материали и полуфабрикати,93290010,occupation,elementary,primary,1,2025-01-01,true,bg_ncop_9329
bg_ncop_93290011,Ковач щайги и други опаковки (ръчно),93290011,occupation,elementary,primary,1,2025-01-01,true,bg_ncop_9329
bg_ncop_93290012,Лепач,93290012,occupation,elementary,primary,1,2025-01-01,true,bg_ncop_9329
bg_ncop_93290013,Манипулант промишлеността,93290013,occupation,elementary,primary,1,2025-01-01,true,bg_ncop_9329
bg_ncop_93290014,Маркировач метали,93290014,occupation,elementary,primary,1,2025-01-01,true,bg_ncop_9329
bg_ncop_93290015,Мияч корпуси и конструкции,93290015,occupation,elementary,primary,1,2025-01-01,true,bg_ncop_9329
bg_ncop_93290016,Обрезвач каучукови изделия,93290016,occupation,elementary,primary,1,2025-01-01,true,bg_ncop_9329
bg_ncop_93290017,Обслужващ работник промишлено производство,93290017,occupation,elementary,primary,1,2025-01-01,true,bg_ncop_9329
bg_ncop_93290018,Общ работник промишлеността,93290018,occupation,elementary,primary,1,2025-01-01,true,bg_ncop_9329
bg_ncop_93290019,Перач преработваща промишленост,93290019,occupation,elementary,primary,1,2025-01-01,true,bg_ncop_9329
bg_ncop_93290020,Работник консервна фабрика,93290020,occupation,elementary,primary,1,2025-01-01,true,bg_ncop_9329
bg_ncop_93290021,Работник производство на вино,93290021,occupation,elementary,primary,1,2025-01-01,true,bg_ncop_9329
bg_ncop_93290022,Раздавач инструменти и материали,93290022,occupation,elementary,primary,1,2025-01-01,true,bg_ncop_9329
bg_ncop_93290023,Разпределител материали и полуфабрикати,93290023,occupation,elementary,primary,1,2025-01-01,true,bg_ncop_9329
bg_ncop_93290024,Редач пещни вагони,93290024,occupation,elementary,primary,1,2025-01-01,true,bg_ncop_9329
bg_ncop_93290025,Сезонен работник промишлено производство,93290025,occupation,elementary,primary,1,2025-01-01,true,bg_ncop_9329
bg_ncop_93290026,Редач бутилки,93290026,occupation,elementary,primary,1,2025-01-01,true,bg_ncop_9329
bg_ncop_93290027,Чистач производствено оборудване,93290027,occupation,elementary,primary,1,2025-01-01,true,bg_ncop_9329
bg_ncop_93290028,Шивач бали,93290028,occupation,elementary,primary,1,2025-01-01,true,bg_ncop_9329
bg_ncop_93290029,Вадач пещи,93290029,occupation,elementary,primary,1,2025-01-01,true,bg_ncop_9329
bg_ncop_93290030,Редач пещи,93290030,occupation,elementary,primary,1,2025-01-01,true,bg_ncop_9329
bg_ncop_93290031,Работник изработка на изолационни детайли в електротехниката,93290031,occupation,elementary,primary,1,2025-01-01,true,bg_ncop_9329
bg_ncop_93290032,Работник преработка на трансформаторно масло,93290032,occupation,elementary,primary,1,2025-01-01,true,bg_ncop_9329
bg_ncop_93290033,Дезинфектор в железопътен транспорт,93290033,occupation,elementary,primary,1,2025-01-01,true,bg_ncop_9329
bg_ncop_93290034,Сортировач бутилки,93290034,occupation,elementary,primary,1,2025-01-01,true,bg_ncop_9329
bg_ncop_93310001,Велосипедист,93310001,occupation,elementary,primary,1,2025-01-01,true,bg_ncop_9331
bg_ncop_93310002,Превозвач лодка,93310002,occupation,elementary,primary,1,2025-01-01,true,bg_ncop_9331
bg_ncop_93320001,Водач превозно средство с животинска тяга,93320001,occupation,elementary,primary,1,2025-01-01,true,bg_ncop_9332
bg_ncop_93320002,Каруцар,93320002,occupation,elementary,primary,1,2025-01-01,true,bg_ncop_9332
bg_ncop_93320003,Колар,93320003,occupation,elementary,primary,1,2025-01-01,true,bg_ncop_9332
bg_ncop_93320004,Файтонджия,93320004,occupation,elementary,primary,1,2025-01-01,true,bg_ncop_9332
bg_ncop_93330001,Докер,93330001,occupation,elementary,primary,1,2025-01-01,true,bg_ncop_9333
bg_ncop_93330002,Носач-товарач стоки,93330002,occupation,elementary,primary,1,2025-01-01,true,bg_ncop_9333
bg_ncop_93330003,Преносвач (ръчно),93330003,occupation,elementary,primary,1,2025-01-01,true,bg_ncop_9333
bg_ncop_93330004,Пристанищен работник,93330004,occupation,elementary,primary,1,2025-01-01,true,bg_ncop_9333
bg_ncop_93330005,Пристанищен хамалин,93330005,occupation,elementary,primary,1,2025-01-01,true,bg_ncop_9333
bg_ncop_93330006,Разтоварач вагони,93330006,occupation,elementary,primary,1,2025-01-01,true,bg_ncop_9333
bg_ncop_93330007,Товарач,93330007,occupation,elementary,primary,1,2025-01-01,true,bg_ncop_9333
bg_ncop_93330008,Товарач плавателни съдове,93330008,occupation,elementary,primary,1,2025-01-01,true,bg_ncop_9333
bg_ncop_93330009,Работник лента,93330009,occupation,elementary,primary,1,2025-01-01,true,bg_ncop_9333
bg_ncop_93330010,Работник товаро-разтоварна дейност,93330010,occupation,elementary,primary,1,2025-01-01,true,bg_ncop_9333
bg_ncop_93340001,Работник зареждане на рафтове,93340001,occupation,elementary,primary,1,2025-01-01,true,bg_ncop_9334
bg_ncop_94110001,Готвач заведение за бързо хранене,94110001,occupation,elementary,primary,1,2025-01-01,true,bg_ncop_9411
bg_ncop_94110002,Помощник кухня заведение за бързо хранене,94110002,occupation,elementary,primary,1,2025-01-01,true,bg_ncop_9411
bg_ncop_94120001,Мияч съдове (ръчно),94120001,occupation,elementary,primary,1,2025-01-01,true,bg_ncop_9412
bg_ncop_94120002,Помощник кухня (без домашен),94120002,occupation,elementary,primary,1,2025-01-01,true,bg_ncop_9412
bg_ncop_94120003,Работник кухня,94120003,occupation,elementary,primary,1,2025-01-01,true,bg_ncop_9412
bg_ncop_95100001,Ваксаджия,95100001,occupation,elementary,primary,1,2025-01-01,true,bg_ncop_9510
bg_ncop_95100002,Лепач на афиши,95100002,occupation,elementary,primary,1,2025-01-01,true,bg_ncop_9510
bg_ncop_95100003,Пазач невъоръжена охрана,95100003,occupation,elementary,primary,1,2025-01-01,true,bg_ncop_9510
bg_ncop_95100004,Разпространител на безплатни вестници и брошури,95100004,occupation,elementary,primary,1,2025-01-01,true,bg_ncop_9510
bg_ncop_95100005,Пазач,95100005,occupation,elementary,primary,1,2025-01-01,true,bg_ncop_9510
bg_ncop_95200001,Амбулантен търговец,95200001,occupation,elementary,primary,1,2025-01-01,true,bg_ncop_9520
bg_ncop_95200002,Продавач вестници списания книги и други,95200002,occupation,elementary,primary,1,2025-01-01,true,bg_ncop_9520
bg_ncop_95200003,Уличен продавач нехранителни стоки,95200003,occupation,elementary,primary,1,2025-01-01,true,bg_ncop_9520
bg_ncop_95200004,Продавач театрални програми,95200004,occupation,elementary,primary,1,2025-01-01,true,bg_ncop_9520
bg_ncop_96110001,Сметосъбирач,96110001,occupation,elementary,primary,1,2025-01-01,true,bg_ncop_9611
bg_ncop_96120001,Събирач отпадъци разделно,96120001,occupation,elementary,primary,1,2025-01-01,true,bg_ncop_9612
bg_ncop_96120002,Работник рециклиране на отпадъци,96120002,occupation,elementary,primary,1,2025-01-01,true,bg_ncop_9612
bg_ncop_96130001,Метач,96130001,occupation,elementary,primary,1,2025-01-01,true,bg_ncop_9613
bg_ncop_96210001,Куриер,96210001,occupation,elementary,primary,1,2025-01-01,true,bg_ncop_9621
bg_ncop_96210002,Куриер служба офис,96210002,occupation,elementary,primary,1,2025-01-01,true,bg_ncop_9621
bg_ncop_96210003,Носач багаж,96210003,occupation,elementary,primary,1,2025-01-01,true,bg_ncop_9621
bg_ncop_96210004,Общ работник музей,96210004,occupation,elementary,primary,1,2025-01-01,true,bg_ncop_9621
bg_ncop_96210005,Придружител асансьор,96210005,occupation,elementary,primary,1,2025-01-01,true,bg_ncop_9621
bg_ncop_96210006,Раздавач доставчик (ръчно),96210006,occupation,elementary,primary,1,2025-01-01,true,bg_ncop_9621
bg_ncop_96210007,Разносвач,96210007,occupation,elementary,primary,1,2025-01-01,true,bg_ncop_9621
bg_ncop_96210008,Разпределител печата,96210008,occupation,elementary,primary,1,2025-01-01,true,bg_ncop_9621
bg_ncop_96210009,Портиер,96210009,occupation,elementary,primary,1,2025-01-01,true,bg_ncop_9621
bg_ncop_96220001,Общ работник,96220001,occupation,elementary,primary,1,2025-01-01,true,bg_ncop_9622
bg_ncop_96220002,Работник сезонен,96220002,occupation,elementary,primary,1,2025-01-01,true,bg_ncop_9622
bg_ncop_96230001,Отчетник измервателни уреди,96230001,occupation,elementary,primary,1,2025-01-01,true,bg_ncop_9623
bg_ncop_96230002,Събирач монети и жетони от автомати,96230002,occupation,elementary,primary,1,2025-01-01,true,bg_ncop_9623
bg_ncop_96290001,Разпоредител кино театър и други,96290001,occupation,elementary,primary,1,2025-01-01,true,bg_ncop_9629
bg_ncop_96290002,Теляк,96290002,occupation,elementary,primary,1,2025-01-01,true,bg_ncop_9629
bg_ncop_96290003,Работник гардероб,96290003,occupation,elementary,primary,1,2025-01-01,true,bg_ncop_9629
bg_ncop_96290004,Обслужващ работник увеселителен парк,96290004,occupation,elementary,primary,1,2025-01-01,true,bg_ncop_9629
bg_ncop_96290005,Работник луна-парк,96290005,occupation,elementary,primary,1,2025-01-01,true,bg_ncop_9629
bg_ncop_96290006,Работник панаири,96290006,occupation,elementary,primary,1,2025-01-01,true,bg_ncop_9629
bg_ncop_96290007,Работник паркинг,96290007,occupation,elementary,primary,1,2025-01-01,true,bg_ncop_9629
bg_ncop_96290008,Работник археологически разкопки,96290008,occupation,elementary,primary,1,2025-01-01,true,bg_ncop_9629
bg_ncop_96290009,Работник поддържане на спортни съоръжения,96290009,occupation,elementary,primary,1,2025-01-01,true,bg_ncop_9629
bg_ncop_96290010,Работник туристическа маркировка,96290010,occupation,elementary,primary,1,2025-01-01,true,bg_ncop_9629
bg_ncop_96290011,Сценичен работник,96290011,occupation,elementary,primary,1,2025-01-01,true,bg_ncop_9629
bg_ncop_96290012,Работник по строителна консервация и реставрация на археологически обект,96290012,occupation,elementary,primary,1,2025-01-01,true,bg_ncop_9629
bg_ncop_96290013,Работник в ресторант,96290013,occupation,elementary,primary,1,2025-01-01,true,bg_ncop_9629
bg_ncop_96290014,Работник в бар,96290014,occupation,elementary,primary,1,2025-01-01,true,bg_ncop_9629
bg_ncop_51642013,"Гледач, животни в зоопарк",51642013,occupation,service,secondary,2,2025-01-01,true,bg_ncop_5164
bg_ncop_33593028,Специалист по мрежова и информационна сигурност,33593028,occupation,technician,higher,3,2025-01-01,true,bg_ncop_3359
bg_ncop_12136059,"Мениджър, устойчивост",12136059,occupation,manager,higher,4,2025-01-01,true,bg_ncop_1213
bg_ncop_24126012,"Мениджър, инвестиции",24126012,occupation,specialist,higher,4,2025-01-01,true,bg_ncop_2412
bg_ncop_24126013,Фонд мениджър,24126013,occupation,specialist,higher,4,2025-01-01,true,bg_ncop_2412
bg_ncop_24126014,Инвестиционен директор,24126014,occupation,specialist,higher,4,2025-01-01,true,bg_ncop_2412
bg_ncop_24216033,"Координатор, устойчивост",24216033,occupation,specialist,higher,4,2025-01-01,true,bg_ncop_2421
bg_ncop_24216034,"Специалист, устойчивост",24216034,occupation,specialist,higher,4,2025-01-01,true,bg_ncop_2421
bg_ncop_24216035,"Вътрешен одитор, устойчивост",24216035,occupation,specialist,higher,4,2025-01-01,true,bg_ncop_2421
bg_ncop_51423008,Пиърсър,51423008,occupation,service,secondary,2,2025-01-01,true,bg_ncop_5142
bg_ncop_51694010,Боуен специалист,51694010,occupation,service,secondary,2,2025-01-01,true,bg_ncop_5169
bg_ncop_21496042,"Анализатор, мониторинг на фотоволтаични централи",21496042,occupation,specialist,higher,4,2025-01-01,true,bg_ncop_2149
bg_ncop_21496043,Експерт по електроенергетика и енергийно регулиране,21496043,occupation,specialist,higher,4,2025-01-01,true,bg_ncop_2149
bg_ncop_21496044,Експерт по енергийна ефективност,21496044,occupation,specialist,higher,4,2025-01-01,true,bg_ncop_2149
bg_ncop_24216036,"Специалист, управление на портфолио",24216036,occupation,specialist,higher,4,2025-01-01,true,bg_ncop_2421
bg_ncop_24226111,"Старши инженер по чл. 17, ал. 1, т. 1 от Закона за електронните съобщения ",24226111,occupation,specialist,higher,4,2025-01-01,true,bg_ncop_2422
bg_ncop_24227112,Инспектор в инспекторат по чл. 46 от Закона за администрацията,24227112,occupation,specialist,higher,4,2025-01-01,true,bg_ncop_2422
bg_ncop_24225113,"Инженер по чл. 17, ал. 1 от Закона за електронните съобщения",24225113,occupation,specialist,higher,4,2025-01-01,true,bg_ncop_2422
bg_ncop_24336005,"Специалист, доставка на електроенергия",24336005,occupation,specialist,higher,4,2025-01-01,true,bg_ncop_2433
bg_ncop_26517019,Експерт по културни ценности и художествени произведения,26517019,occupation,specialist,higher,4,2025-01-01,true,bg_ncop_2651
bg_ncop_31513015,Механик по чл. 87 от Кодекса на търговското корабоплаване ,31513015,occupation,technician,higher,3,2025-01-01,true,bg_ncop_3151
bg_ncop_21456016,Енолог,21456016,occupation,specialist,higher,4,2025-01-01,true,bg_ncop_2145
bg_ncop_31523026,Капитан по чл. 87 от Кодекса на търговското корабоплаване,31523026,occupation,technician,higher,3,2025-01-01,true,bg_ncop_3152
bg_ncop_32403004,Ветеринарен лаборант,32403004,occupation,technician,higher,3,2025-01-01,true,bg_ncop_3240
bg_ncop_33243008,Специалист енергийни пазари,33243008,occupation,technician,higher,3,2025-01-01,true,bg_ncop_3324
bg_ncop_33593030,Регионален представител на Комисията за защита от дискриминация ,33593030,occupation,technician,higher,3,2025-01-01,true,bg_ncop_3359
bg_ncop_33593031,"Старши техник по чл. 17, ал. 1 от Закона за електронните съобщения ",33593031,occupation,technician,higher,3,2025-01-01,true,bg_ncop_3359
bg_ncop_33593032,"Техник по чл. 17, ал. 1 от Закона за електронните съобщения",33593032,occupation,technician,higher,3,2025-01-01,true,bg_ncop_3359
bg_ncop_35113005,Техник по комуникационни системи,35113005,occupation,technician,higher,3,2025-01-01,true,bg_ncop_3511
bg_ncop_42213010,Туристически агент,42213010,occupation,clerk,secondary,2,2025-01-01,true,bg_ncop_4221
bg_ncop_51511007,Консиерж,51511007,occupation,service,secondary,2,2025-01-01,true,bg_ncop_5151
bg_ncop_52493007,Книжар,52493007,occupation,service,secondary,2,2025-01-01,true,bg_ncop_5249
bg_ncop_51643014,Акварист,51643014,occupation,service,secondary,2,2025-01-01,true,bg_ncop_5164
bg_ncop_24227110,Длъжностно лице по вписванията по чл. 27д от Закона за особените залози,24227110,occupation,specialist,higher,4,2025-01-01,true,bg_ncop_2422
bg_ncop_33593029,Специалист в областта на информационните технологии,33593029,occupation,technician,higher,3,2025-01-01,true,bg_ncop_3359
bg_ncop_26433017,Преводач от и на български жестов език,26433017,occupation,specialist,higher,4,2025-01-01,true,bg_ncop_2643
bg_ncop_24227104,Длъжностно лице по регистрацията по Закона за търговския регистър и регистъра на юридическите лица с нестопанска цел,24227104,occupation,specialist,higher,4,2025-01-01,true,bg_ncop_2422
bg_ncop_22507003,Ветеринарен лекар,22507003,occupation,specialist,higher,4,2025-01-01,true,bg_ncop_2250
bg_ncop_51322002,Бариста,51322002,occupation,service,secondary,2,2025-01-01,true,bg_ncop_5132
bg_ncop_51693011,"Приложен специалист, арома процедури",51693011,occupation,service,secondary,2,2025-01-01,true,bg_ncop_5169
bg_ncop_22507004,"Ветеринарен лекар, акушер-гинеколог",22507004,occupation,specialist,higher,4,2025-01-01,true,bg_ncop_2250
bg_ncop_22507005,"Ветеринарен лекар, ветеринарно-санитарен инспектор",22507005,occupation,specialist,higher,4,2025-01-01,true,bg_ncop_2250
bg_ncop_22507006,"Ветеринарен лекар, епидемиолог",22507006,occupation,specialist,higher,4,2025-01-01,true,bg_ncop_2250
bg_ncop_22507007,"Ветеринарен лекар, интернист",22507007,occupation,specialist,higher,4,2025-01-01,true,bg_ncop_2250
bg_ncop_22507008,"Ветеринарен лекар, паразитолог",22507008,occupation,specialist,higher,4,2025-01-01,true,bg_ncop_2250
bg_ncop_22507009,"Ветеринарен лекар, патолог",22507009,occupation,specialist,higher,4,2025-01-01,true,bg_ncop_2250
bg_ncop_22507010,"Ветеринарен лекар, фармаколог и токсиколог",22507010,occupation,specialist,higher,4,2025-01-01,true,bg_ncop_2250
bg_ncop_22507011,"Ветеринарен лекар, физиолог",22507011,occupation,specialist,higher,4,2025-01-01,true,bg_ncop_2250
bg_ncop_22507012,"Ветеринарен лекар, хирург",22507012,occupation,specialist,higher,4,2025-01-01,true,bg_ncop_2250
